autor_comentario,nota_comentario,conteudo_comentario
Kamila A.,2,cartaz “ medianera Buenos air amor virtual ” filme escrito dirigir Gustavo toretto seguinte perguntar “ encontrar amor ” dir assistir longo encontrar amor principalmente praticamente encontrár lo situação personagem central obra Martin Javier drolas Mariana pilar López ayala).os viver mesmo rua praticamente vizinho prédio fazer pro outro ficar claro plateia medir ir conhecer personagem encontrar virar casualmente rua Martin viver confinar apartamento precisar viver de ali trabalhar compra supermercado diverte Mariana evitaer sair casa – precisar desempenhar trabalho vitrinista desculpa Martin fobia Mariana medo elevador pensar sair casa apesar viver vida estritamente solitário martin Mariana ser sozinho relacionamento recentemente terminar fase desejar inconscientemente conhecer pessoa medo marca viver passado inserirem-se novamente mundo cidade 3 milhão habitante voltar perguntar inicial cartaz “ medianera Buenos air amor virtual ” encontrar amor?isso ficar difícil tratar personalidade extremamente introvertido ficar difícil considerar fato atualmente mundo virtual passado frente tela computador smartphone tablets construir relacionamento virtual real filme escrito dirigir Gustavo toretto retrato interessante sociedade atual verdade deixar perceber mundo redor principalmente pessoa dia dia confortável estabelecer relacionamento máquina totalmente impessoal relacionamento real – defender decepção sofrimento retornar pergunta movar “ medianera Buenos air amor virtual ” interessante perceber metáfora utilizar Gustavo toretto diretor roteirista encontrar amor hoje dia tarefa difícil quase achar wally livro “ wally ” constatação tirar longo apesar “ medianera Buenos air amor virtual ” filme fazer 2011 obra continuar atualíssimar refletir simples entretanto deixer ficar vidrado tela passer olhar mundo redor amor perceber
Pedro R.,2,querer verdadeiro drama romance hoje filme bom crítico filme questionador moderno texto inteligente aspecto pessoal personagem ser conseguir sentir inserir discurso de eles há várias metáfora ilustrar fácil entender gostar associação inteligente procurar “ wally ” livro criança procurar wally fácil tratar procurá-lo cidade tarefa difícil diferente moralista gostar
Bruno Campos,3,raríssimo conseguir cinema comédia romântico inteligente articular excelente roteiro personagem perfeito sintonia ótimo atuação delicioso precisar trilha sonoro filme argentino emocionar claro inserir fundo crônico crise financeiro país – retratadar próprio medianera parede janela filme abrir proibida grito fôlego raia entupir nadador esbarrar piscina objeto jogar lixo recolher destaque metáfora sutil piegas protagonista conseguir “ achar wally ” específico página livro “ wally ” – exatamente vida cronicamente enxergar mesmo cego prêmio público mostrar panorama festival Berlim
Camila Reis,2,interessante criativo narrativa fotografiar bom atuação péssimo finalização
Pitacos.cinematográficos,2,medianera originalmente curta-metragem ganhar versão longo enquadr categoria aberturar filme primor mostrar mar prédio capital porter narrador off analisar ba´s cidade costa rio urbanização totalmente caótico prédio alto baixo velho contraste deterioram ambiente urbano de aí análise caos planejamento espelhar vidas.[leia crítico completar link blog
Elaine L.,1,comédia romântico água açúcar típico filme em aquele dia bom pra ... legal
Luciano Deppa B,1,narrativa cansativo medianeiro cativar conduzir espectador
milarodrigues,3,recomendar mesmo lista amelie poulain ver vantagem invisível acabar favorito hoje
Talles D.,2,filme contar encontro bobo vario vida tornar filme visao sao texto analogia metafora utilizar induzir refletir parede condicionamento estar sujeito
Letisassi,1,horrível filme depressivo personagem problemático depressivo cidade depressivo vida amoroso sucedir carreira sucedir ... mostrar realidade depressivo buenos air cachorro suicidar pessoa depender remédio ansiedade depressão ... cidade mundo fumar transar manequim piorar filme mudar sentido invés continuar mostrar realidade virar conto far certo errar vida real mundo morrer
Erlick Badu,3,ver há achei sensacional lembrar resolvi informar =)
Jardel C.,2,cinema argentino bom convite conhecer bueno air recomendar
Kenny S.,3,filme argentino conseguir filme tema simples brasileiro sacar recomento principalmente aprender língua espanhol
Maria Inês D.,2,filme vida metrópole arquitetura atual modo vida distancia entristecer pessoa
Um visitante,3,pessoa buscar encontrar pessoa perfeito encontrar parceiro relacionamento internet perder inúmero oportunidade conhecer bom pessoa próximo fisicamente haver proximidade corporal enorme distância afetivo
Diego C.,2,bom filme    ter pra chato      valer pena assistir
Thiago Soares Meireles,2,achar filme monótono ... paradão ... simples ... ai entendi sentido filme achei excelente filme monótono ... paradão .... simples ... vida de eles sentir filme personagem entrar história sentido entender filme propor percebe entregar excelência
Alexandre C.,1,filme relação amoroso tempo moderno cidade Solidão desencontro paradoxalmente tônico muito cidade altamente povoar Buenos air atualidade       procurar retratar insegurança fobia gerar vida caótico centro vida virtual refúgio valer pena
Fabiana R.,3,demorei assisti-lo inteiro obra-prima animação temático adulta inteligente criticar acostumar desenho estilo gelo madagascar sherek desenho divertir claro gostar ser cult animação esperar
Noah,3,infância doce infância amar alguém poder descoberta mesmo tentar atrair atenção afetar wall-e poder mudança significativo mundo assistir filme tocar dúvida algum maneira modo simples criativo personagem principal filme apesar animação claramente direcionar público infantil    criar chamar se mesmo chamar esperança obviamente elogio obra-prima inegável
Maiko D,2,drama comédia ação emoção muito fofuro envolvente perceber acabar recomendadíssimo
Aieser A.,3,confesso demorei pra filme preconceito filme diálogo ... fico feliz errar pensar jeito ... wall-e metade filme possuir diálogo sequer .... contar qualidade roteiro animação inquestionável filme diverte surpreender história incrível crítica social pensamento humanidade sedentário falar emocionante história amor improvável resumir wall-e criativo divertido sensacional excelente
Victor N.,2,30 primeiro minuto chato pacacete dai filme selo qualidade pixar
Um visitante,2,apesar memorável filme ouro pixar(os primeiro toy story monstro procurar nemo incríel wall-e sci-fi animar feio entrega prometer lindamente produzir design som espetacular filme infelizmente sofrer ritmo irregular personagem interessante criar time genial estúdio anteriormente apesar wall-e personagem carismático nota característica envolvente esvair longo projeção tornar personagem bobinho identificável criança relacionamento de ele eva desenvolver conseguir sentir empatia achar deixar filme estranho pra eu fato de ele sofrer síndrome comum gênero verdade filme ato instigante tocante apresentar personagem engenhoso cativante ver refleter ato seguinte espaço filme mudar completamente tom orgânica tornar estória imersiva abrupto caminho clichê instigante público velho coisa ficar previsível falar personagem humano passar mero caricatura americano médio enfim filme problema vista técnico levar contar mensagem Centro trama carregar trabalho sólido parceria disney pixar
Mateus N.,3,robô humano pixar definitivamente bom estúdio animação atual filme aspecto único momento marcante personagem incrível wall repleto aspecto futuro distante humanidade poluir planeta terra chegar impossível sustentação vido criar nave mandar raça humano espaço planeta limpado robô wall e. visual filme cativante terra fotografia panorâmico marrom especialmente espaço cor vibrantes cena lindo especialmente wall passeia anel saturno simplicidade filme trunfo desenvolvimento completo personagem necessidade quase nenhum diálogo especialmente wall e. personalidade cativo aparecer telona semelhança criança quase inevitável inocência empolgação descobrir coisa desejos simples segurar mão querido eva outro acerto longo personagem amor wall eva delicioso crescer cuidado pequeno robozinho determinação ajudar ela cumprir missão trazer emoção filme levar lágrima olho telespectador repleto humor agradável personagem importância relevante filme visual incrível roteiro mais(mesmo fala wall deixar mensagem sustentabilidade amizade pixar mostrar bom filme amor
Ricardo L.,2,animação primeirissimo qualidade fazer disney elaborar mostrar qque simples instrumento fazer homem melhor proprio humano
Elvira A.,2,fábular refletir solidariedade preservação ambiente gostoso ritmo comédia aventuras filme merecedor respeito internacional conquistar agradar criança adulto
Neto S.,2,entulhar terra lixo poluir atmosfera gases tóxico humanidade deixar planeta passar viver gigantesco nave plano retirar durar pouco ano robôs ser deixar limpar planeta wall-e de este robô manter funcionamento graças auto-conserto peça vida consistir compactar lixo existente planeta torr grande arranha-céus colecionar objeto curioso encontrar realizar trabalho dia surgir repentinamente nave trazer moderno robô eva princípio curioso wall-e apaixonar recém-chegada animaçao bom personagem incrivel disney mandar denovo notar 9.0
Julio Davila,1,crítico animar emocionante wall-e excelente filme pixarwall·e aclamar crítica especializar conseguir índice aprovação 96 agregador resenha rotten tomatoes arrecadar total 521 311 860 dólar mundo inteiro vencer golden globe award bom filme animação hugo award bom apresentação dramático longo oscar bom filme animação receber indicação diferentes categoria filme realmente entrar lista 10 bom filme pixar perfeito entulhar terra lixo poluir atmosfera gases tóxico humanidade deixar planeta passar viver gigantesco nave plano retirar durar pouco ano robôs ser deixar limpar planeta wall-e de este robô manter funcionamento graças auto-conserto peça vida consistir compactar lixo existente planeta torr grande arranha-céus colecionar objeto curioso encontrar realizar trabalho dia surgir repentinamente nave trazer moderno robô eva princípio curioso wall-e apaixonar recém-chegada histório filme interessante apresentar crítico natureza humano fato seres humano facilmente manipulável filme definitivamente agradar ambientalista crítico problema filme criança filme apresentar opinião ser fato verdade universal seguir público alvo pessoa normalmente ir acreditar apresentar acho estranho fato desconfio intenção criador apesar filme satisfatório personagem divertir principalmente protagonista imediatamente ganhar afeição espectador apesar achar começo entediante dever jamais parar ficar impressionar animação filme animar filme lançar 7 ano criador resolver colocar cena particularmente relevância histório prazeroso justamente apresentação belíssimo    importante ressaltar homenagem fazer filme antigo wall-e constantemente assistir “ hello dolly ” musical antigo efeito em ele problema filme ocorrer acontecer wall-e impossível filme divertido recomendar filme público fã animação cinema visualmente gratificante nota 7/10
Sidney,1,pixar .. pixar .. parabéns conseguir super produção magnifíco filme Walle dever ter espaço cenário 2008 enfim deixar excelente animação bom ja vi.recomer
William,1,excelente tanto animação pixar conseguir inovar principalmente comportamento personagem fantasioso parecer deixar versão aceitável futuro humanidade planeta
Fabio,1,chaplin espaço pra idade pixar ter provar longo ano inegável cativar criança adulto protagonista wall-e buscar propósito vida pixar falar animação histório tratar futuro sombrio humanidade exilar espaço destruir ambiente esgotar recurso terra difícil imaginar desenho infantil wall-e diversão pequenino grandão mensagem futuro chato bom animação tempo
Dennys R,1,interessante conseguir animação completo cativante personagem falar parabéns disney bom trabalho
Raphael N.,3,"falar pixar falar qualidade maturidade detalhe etc ... falar bom filme pixar difícil escolher tanto opção excelente qualidade distinto existir ficar algum lista bom filme estúdio filme chamar wall-e "" wall-e filme adulto arriscar pixar filme propor realizar desafio extremo conseguir êxito esforço!estamos falar desenho infantil precisar fácil entender pequeno wall-e conseguir claro quase nenhum diálogo 20 minuto praticamente ato inteiro incrível filme robô comunicar perfeitamente falar palavra principalmente casal principal protagonista carismático expresivo falar olhar rapidamente gente apego personagem personagem desenvolvimento profundo 
  spoiler 
  piloto automático papel antagonista motivação completamente justificável gente pensar razão 
  verdade vilão história próprio ser humanos cuidar direito lar ótimo mensagem desrespeito ambiente filme criticar explicitamente capitalismo consumismo proveniente de ele crítica próprio EUA disney ousar dar pra ficar hora falar mensagem filme uso excessivo eletrônico cuidado saúde politicagem propósito casa indivíduo vida ... filme diretor procurar nemo semelhança claro estrutura longo trilha sonoro roteiro filme seguir padrão pixar imprime originalidade excelente desenvolvimento premissar trama filme homenagear gênero cinema cinema mudo primeiro obra ficção científico wall-e obra arte quase perfeito engraçada divertido acompanhar importante profundo refletir"
Francisco F.,2,fã desenho animar filme pixar filme fazer lindo lição moral período lento humor carisma poder conter
Ronaldo M,3,"wall-e história robozinho solitário feio pobre Maltrapilho operário    apaixonar lindo exótico robozinho eva tentar chamar atenção conquistar ela gradativamente dedicação cuidar comprovar amar cuida "" olhar expressivo emoção passar robozinho metal espírito criança alegre ingênuo curioso    conquista imediato espectador ser adulto infantil simples entretenimento desenho críticar sociedade consumo capitalismo selvagem esgotar recurso natural planeta convidar reflexão existência sobrevivência sociedade inteligentemente representar personagem classe médio sedentária obeso bitolar conseguir enxergar palmo nariz olho monitor tv haver instante manipular idiotizar conduzido    mídia pensar comer vestir cor moda ruim conceito valor conduzindo-os automação punir ousar subvertê-lo produção qualidade técnico impecável valer pena conferir"
DANIEL BARRAL,3,excelente filme ficção científico pixar filme contar história robozinho solitário coleta lixo terra situar 2700 atmosfera poluída gases tóxico causar homem mudar conhecer eva excelente filme favorito pixar emocionante
Ravi Oliveira,2,"sinopse entulhar terra lixo poluir atmosfera gases tóxico humanidade deixar planeta passar viver gigantesco nave plano retirar durar pouco ano robôs ser deixar limpar planeta wall-e de este robôs vida consistir compactar lixo existente planeta dia surgir repentinamente nave trazer moderno robô eva princípio curioso wall-e apaixonar resolver segui-la galáxia crítico : "" wall-e obra animação simplicidade filme infantil dirigir Andrew Stanton filme apresentar narrativa envolvente mescla romance ficção científico futuro distópico humanidade deixar terra abandono cerne história wall-e robô singularidade transcender função programar — curiosidade capacidade amar filme destacar abordagem visual sequência inicial comunicação quase silencioso levar apreciar expressão linguagem corporal wall-e . escolhar narrar história pouco diálogo corajoso eficaz permitir público conecter emocionalmente personagem principal palavras wall-e história amor robótico crítico social contundente consumismo desenfrear degradação ambiental cenário terra cobrir lixo devastar servir poderoso lembrete consequêncio ação coletivo maneira filme abordar tema complexo obesidade estilo vida sedentário humanidade futurista sutil impactante trilha sonoro thomas newman outro alto complementar emoção expressar imagem som robótico música delicado criar atmosfera mágico realçar momento descobrir conexão wall-e eve.a animação impressionante detalhe meticuloso trazer vida mundo futurista pixar prova habilidade criar personagem memorável mundo cativante entreter incitam reflexão ser filme voltar público jovem wall-e ressoa espectador idade provar história contar transcender geração provocar conversa relevante futuro resumo wall-e triunfo animação combinar entretenimento mensagem maneira sublime obra continuar inspirar refletir ano lançamento"
Um visitante,2,passar animação voltar história público infantil história insistar público der contar assistir wall-e sabere filme produzir olho criança wall-e grande tarefa disney aprecer cinema encantar geração pouco personagem filme preencher maneira único viverer angústia principalmente aventura trazer wall solitário rodeado lixo solidão wall triste filme haver aparecer máquina compartilhar momento interessante responsável desenhar eve despertar algum interesse antigo solitário
Leonardo A,2,animação ficção científico distópico anteviu crise poluente sustentabilidade planeta
apenasumr,2,bom animaçoe disney ótimo 3d diversão espaçial recomendar idade
Jhonathan C.,2,incrível explêndido pixar superar wall personagem simples praticamente falar pra assistir necessário animação emotivo confuso criança super entendimento adulto
Renata,3,adoro!!!!até robô apaixonar ... incrível criador de esse filme enxergar terra de aqui ano ....
Mateus B,1,filke pixar pixar história pouci desenvolver Walle personagem carisma woody buzz mau filme pixar.péssimo
leonardo,2,duvida bom filme pixar historia construer carisma wall-e encantar forte filme
Mauricio C.,3,aplaudir obra primo animação soltar crítico presente mostrar vir    romance    sincer wall-e eva
Ricardo A.,3,bom filme animação fazer pixar atualidade eu obra primo gênero especialmente lançar mão diálogo autoexplicativo fazer entender criança adulto passar mensagem amor planeta vivemos subtema má educação alimentar romance diferentes classe social robôs mundo moderno virtualidade citar filme esmero clássico revisto querer emocionar pequeno coisa relacionamento robô barato único amiga
Higor Barion,3,pixar impressionar alto qualidade animaçãomas riqueza histório filme mágico valer pena ver revisto nota 5 5
Ferris Bueller N.,3,filme belo tocante fazer obra-prima
Andrew Houtarou,3,animação toy story pixar fazer sequência bom filme incluir aclamar toy story pixar tentar manter sequência sucesso wall-e pixar arriscar história fugir padrão normal animação contar história robô solitário terra inóspita futuro distante começo ver famoso '' pitar '' único pixar filme apresentar história incomuns acabar chamar atenção baixinho altinho ser roteiro maduro adulto divertido criança wall-e destacar atributo técnico som trilha sonoro etc ... roteiro construir trazer    homenagem cinema mudo citação clássico alô dolly 1969).o filme começar robô wall-e fazer trabalho recolher lixo superfície terra aparecer eva robô projetar procurar sinal poder representar terra pronto recolonizar terra wall-e acabar apaixonar eva impossível tratar robôs wall-e tentar discretamente chamar atenção eva si acabar querer embarcar nave vir terra objetivo recolher eva seguindo-a começo perceber capricho atributo técnico pixar excelente trilha sonoro direito indicação combinar belo imagem espaço junto fotografia impressionante wall-e show atributo técnico principalmente áudio indicação bom edição som bom mixagem som contar indicação bom canção original belíssimo down to earth wall-e conseguir fazer inédito animação indicar 6 oscars incluir bom roteiro original ) . wall-e apuro técnico invejável destacar roteiro trabalhar maduro ensinar coisa criança adulto filme lindo cena ser emocionante ser lindo bale espacial wall-e eva obra arte trunfo para animação filme entregar conclusão genial digno animnação pixar conseguir surpreender idéia inovadoro tocar ser bom roteiro ser impressionante criatividade ser wall-e conseguir desbancar animação histório incluir aclamar rei leão disney firmar provavelmente bom animação histório
Estevan Magno,2,pixar desenho matar coração alma alertar poluição mundial desrespeito natureza outro diferencial filme personagem gesto olhar conseguir transmitir pensar sensacional parabéns estúdios animação
Camilla M.,2,disney surpreender achei filme diferente protagonista robô tar certo raridade quase falar história diferente diney costumar apresentar ser filme lir fofo chamar atenção
Alan David,2,bonito animar apesar esperar surpreender filme legal
Gi C.,3,história emocionante moral incrível chorar recomendo
Thales L.,3,trabalho excelente pixar filme tocante divertir recomer
Steven King - Spielberg,3,simplesmente espetacular wall-e olho expressivo desda época dumbo primeiros 5 minuto deixar apaixonar barato ficar pena de ele triste acontecer wall-e simplesmente espetacular pixar bom animação tempo rei leão divertido mente
Lukas Henrier,3,emocionante bom animação pixar otimo aspecto roteiro enredo trilha musica imagem impressionante
Matheus,3,... achar filme fabuloso muito emoção protagonisto robô voce perceber msm compaixão pra salvar planeta
Yuri,2,bom filme animação histório elaborar engraçado valer pena assistir
J.Marques,3,excelente roteiro personagem trabalhar dose humor animação agradar baixinho altinho hotel transilvânio cumprir missão filme uniu clássico universo adolescente gostar filme né?recomer apreciam inteligente filme
Phelipe V.,1,pra falar hotel transilvânio falar dublagem nacional catastrófico cheiar gag adaptar deixar obra ridiculo forçar pessoa mínimo discernimento perceber quão falso de esse diálogo dizer braço torcer filme realmente coisa adaptar momento bom piada engraçadíssimo pecar diversos quesito casal tentar enfiar guela funcionar Not at all animação química ter faltar química desenvolvimento ser precário prejudicar resultado relevar desastroso casal romântico conder drácula personagem seguro obra completo apresentar monstro destacar coadjuvante ser forte pontual principal deixar roteiro carisma protagonista jovem longa).e ter positivo água abaixo filme entrar arco roteirista mostrar absolutamente preguiçoso preferir saída fácel solução descabir jamais algum fugir algum clichê evidenciar hotel transilvânio ritmo aceleradíssimo durante filme diverte servir pra descontração ser animação desnecessário prometir premissa excelente acabar entregar beeeem
Everton C,1,"tentativa sony pictur imageworks inc ingressar lucrativo mercado animação "" hotel transilvânio agrar público infantil personagem simpático criança humor acido produção recente hotel transilvânio premissa pai super protetor drácula tentar forma impedir filha adolescente conhecer mundo castelo"
taianesales,1,espaço pra opinião crítica vou achar filme ruim exigente tratar animação esperar roteirista confie animação si efeitos fazer inteligente diferente enredo simplesmente animeir ver trailer ver filme arrependi ... dublagem evito assistir filme dublar dublador brasileiro ganhar confiança crítico público sentar donos negócio prefiro original animação fugir disponibilizar dublar acreditei tradução fazer dublagem brasileiro achar precisar riso fácil piada ver exigência roteiro pra gostar ...
Beatriz I.,1,"amante animação motivo exigente filme gênero assisti filme legendar bom expectativa decepcionar primeiro 15 minuto história começar ficar fraco decorrer história personagem convencer facilmente 
  spoiler 
  acontecer Mavis Vila monstro drácular desculpa ocorrer revelar humano aceitar ajudar acontecer 
   filme engraçar visual gráfico personagem gostar ficar restrito criança pequeno assistir filme lembrar ver cena marcante ficar desejar gostinho animação"
Jackson A L,3,filme divertidíssimo encantador criança bom filme trazer mensagem legal valer pena diversão
Estevan Magno,1,achar fraquinho história fraco diálogo compensação personagem cativante cena proveitoso muito filme contradiz garoto entrar castelo drácular em isso garoto começar perceber hotel monstro assustar querer sair drácula deixar estranho 2 minuto querer garoto ser mau ver bom
Almir S.,1,ínicio filme assustar pequeno passar longo criança acostumar    roteiro bacaninha servir lição pai apegar filho
Maria Eduarda Gretter,2,legal história pai super protetor enfrentar começo liberdade filha pior namorar filme engraçar possuir elenco bacano valer pena assistir
Ricardo L.,2,animação divertido dose horror claro medir animalesca roteiro bacano entreter diversão garantir
Neto S.,1,hotel transilvânio resort estrela servir refúgio monstro poder descansar árduo trabalho perseguir assustar humano comandar conde drácula adam Sandler resolver convidar amigo comemorar longo semana 118º aniversário filha Mavis selena Gomez esperar jonathan adam samberg humano noção ser aparecer justo hotel repleto convidado apaixonar mavi animaçao bacano divertido valer apena notar 7.8
B.Boy Jc,1,mistura chatinho parte divertido ... cativar melhora salvar filme infelizmente rolar pra eu fraco
Thales H.,2,gostar animação sony comparar animação disney pixar simples executar
Sandro P.,1,diversão começar interessante engraçar perder ritmo metade ter potencial ...
Rômulo L,2,animação transmitir mensagem positivo ser pai super protetor excessivo acabar prejudicar desenvolvimento criança acabar atrapalhar futuro decisão escolhar projeto
danilo s,3,divertido animação ganhar oscar merecer valente paranorman destaco dublagem brasileiro dar show
Daniel Novaes,2,bacano idade    levar divertido
Hugo D.,1,animação sacar bacana viver humano diferente proteger conseguir viver muito piado histório amor amizade cuidado paterno
Um visitante,1,"aparição drácular cinema divertido "" hotel transilvânio bom trabalho adam sanlder envolver último ano animação produzer ótimo personagem tempo frankenweenie paranormanr vir animação tomar Rumo Diferente.27/10/2016 7/10"
Eduardo F.,3,ta ai desenho animar pra idade teor adulto filme realmente gênero infantil engraçar agradar velho contraste comédia clima sombrio hotel conde drácula frequentar monstro ficar drácula cômico amoroso filhinha ficar legal
Magnun C,1,filme legalzinho pra assistir pra chegar animação ja realizar faltar opinião elaboração estória ficar pobre desenvolver personagem interessante cativante resumir ótimo ideia aproveitamento mediano
Igor Ribeiro,1,gostar filme engraçar divertido filme familiar assistir filme 3d cinema sala lotar ser adulto opinião hoje dia adulto gostar filme animação filme adulto ator real gostar filme tanto piada elaborar muito infantl criança rir resto piada forçadas grito coisa voar cair etc. filme ser bom
Jhonathan C.,2,divertido animação claro roteiro levar se conseguir agradar analiso animação agradar história simples bacano pai drácular querer proteger filha mundo musical imperdível
Ronaldo B.,2,agradável filme filme animação divertir ser cinema assistir independente idade ... engraçado filme animação nenhum efeito 3d . chato pagar caro pra filme cansativo ficar quase hora óculos acontecer nenhum efeito interessante ...    adorocinema dar critico 5 estrela raro acontecer pensar filme batman    cavaleiro treva ressurgir digno 5 estrela hotel transilvânio conseguir 4 estrela eu ótimm comédia animar agradar bom animação 2012 sala cinema lotar criança riir rir madagascar 3 procurar ótimo filme
Renato R.,3,filme engraçado garotar valer pena assistir
Bianca V.,2,filme engraçar legal ... gostar historia filme personagem .... animação família
Camilla M.,2,filme criativo piadinha atual enredo engraçar criativo dublador brasileiro peso filme hotel transilvânia parabéns ótimo filme assistir família
Lucas C.,1,certo modo criei total expectativa filme fiquei totalmente desapontar história atrair praticamente nenhum filme achar faltar emoção bom desenvolvimento histór filme assistir família passar chegar pé produção gelo frozen madagascar treinar dragão etc.3.5/5
Iago B.,1,animação parte bom engraçar inferior mts história legal achar faltar desenvolvimento algum personagem q mt personalidade acordar filme Msmith valer família nota-7/10
Jonathan G,1,monstruoso hotel transilvânio divertido simples retratar férias diverso mosntro conde drácular monstro diferentes história contar humano verdade possuir medo raça draculo constroir hotel refugio monstro pai superprotetor conde filha mavis conhecer mundo afora visita inesperado trazer tona história roteiro simples basear história conde filha deixar monstro apoio filme piar bobo engraçado reflexiva estético filme decepcionar alegra odas idade
Eduardo B.,1,filme animação esperar engraçado parte superar animação vi destacar inteligente assustador ...
Jonathan K.,1,filme divertido agrade adulto
Michel _.,1,animação filme filme bom outro muito bom filme interpretar ator diferente longo filme possivel rir animação envolver triste trama algum personagem filme filme assistir classifico bom ver animação bom
Paula S.,3,simplesmente encantador divertido personagem incrível filme detalhe medida certo esplêndido ser sequência impressionante
Marina L.,3,divertido adulto criança
Davi A.,3,filme bom q vi!!!tem muito animação!!recomendo!!
Gabriela B.,1,assisti esperar ir de aquele animação espetacular engraçada ... acabar decepcionar filme ser ruim animação bacano arte inteligente filme ótima voz adam Sandler ... esperar crítica filme alto acho ser animação ataque públicos infantil passar jovem ir adulto achar público de ela especifico comédia romântico animar
Sandra V.,2,filme divertido bom achei seria!vário cena engraçar personagem filme série terror dê medo criança pequenas!muito
Gabriel R.,1,filme homenagem montro clasico cinema
apenasumr,1,gelo 3 recomendo
Camilla M.,1,tratar continuação atitude comparar antigo ser prefiro antigo geralmente dar graça gelo Sid quase aparecer junto história esquilo ninguém nome contexto longo sair apesar mudança histório ficar original
Ronaldo B.,3,duvidar bom filme franquia engraçar bom efeito 3d .
Diegoprs,2,série começar ótima dar leve caída filme voltar divertidíssimo criança
Rafael B.,3,bom filme franquia gelo lançar época q franquia pra eu franquia morrer filme
jhonyborba,1,manter bom
Sidney,1,continuar ser filme achar cair qualidade recomendar
Vinícius d,2,engraçar primeiros série novamente preguiça Sid aprontar mundo preguiça perder surgir doninha louco filme inspirar dinossauro diversão criançado
Vinipassos,2,filme conseguir seguir lógico interessante anterior gelo degelo gelo saga personagem floresta divertido personagem buck engraçar divertido certo guia aventura fazer série filme acrescentar gambás tbm aproveitar contrário filme vilão real oq deixar legal trama roteiro tbm
Anderson B.,1,filme pior enredo deixar tema gelo querer dinossauro ter foco resgate personagem batir carne pra ficar macio ... salvar filme Scrat finalmente esquecer noz Esquila fazer cena aparecer alto risada mau 3 filme ruim ... bom
Jhonathan C.,2,franquia sair gelo aventurar floresta deixar animação gostoso assistir personagem executar trazer certos momento pequeno humor especialmente personagem sid scrat precisar falar arrancar gargalhada
Estevan Magno,1,série voltar fracasso filme dinossauro ficar ótimos animação personagem engraçado sair série ficar chato filme personagem ápice filme engraçar fiel legal esquilo arranjar alma Gemea :)
Neto S.,1,gelo fugir roteiro original tirar gelo pra dinossauro filme ser fraco quadrilogia filme continuar bom parte engraçar principalmente personagen buck dar humor pro filme pra eu animaçao fico achar dar pra melhorar esqueçido gelo pra dinossauro dou nota 8.8
Fernando Schiavi,3,excelente dúvida bom trilogia importante frisar contrário várias franquia cinema gelo melhorar filme talentosíssimo diretor brasileiro Carlos Saldanha mostrar bom craque animação cinema mundial saber apresentar história asmesmo característica anterior bom roteiro escrever mão Michael Berg peter Ackerman Mike reiss yoni brenner trazer fase maduro personagem aventura cheio ação emoção ambiente diferente filme filme ver manny ellier esperar bebê Sid achar ovo dinossauro pensar estar abandonado pegar ser filhote diego acahar manny próprio família bom afastar deixar vida pacata viver aventura sozinho mudar mãe tiranossauro sid bebê acabar levar mundo subterrâneo amigo descobr dinossauro pensar extinto viv vasto mundo subterrâneo habitar várias raça dinossauro de ele perigoso amigo diego Manny ellier irmão criação esquilo arriscar próprio vida gravidez ellier resgatar sid contar ajuda buck doninha viver haver mundo subterrâneo ajudar busca perigoso local mundo paralelamnete Scrat dividir atenção noz interesse romântico render cena hilário interessante Carlos Saldanha conseguir abordar amadurecimento relacionamento kostrar manny ter filhote ter seguir próprio vida mostrar amizade carinho unidos mia agrander aventura filme contémr citação desenho coiote papa-léguo cena queda Scrat penhasco filme virgem 40 ano cena estilo Spielberg parque dinossauro close dar plano dinossauro grito Yabadabadu remeter flintstone viver época protagonista filme dinossauro várias filme trazer clima constante humor momento emocionante frequência momento apropriar poder citar tentativa resgate ovo sid penhasco gelo abaixo impagável cena parto ellier acompanhar diego cena hilário planejar roteirista cena sid discutir modo alimentar pequeno dinossauro autentico discussão pai mãe cena câmera lento diego correr cervo fazer especialmente 3d cena voz alterar ser gás hélio quase morr rir teoria buck ocorrer sid dinossauro comida espalhar chão árvore sucessão genial cena último meia hora perder ritmo finalizar aventura maestrio muiro importante destacar complexidade gráfico obra criar mundo inteiro cenário praticamente filme outro gráfico impecável 3d espetáculo ficar evidente ver trilha sonoro John powell embalar aventura drama maestria filme manter lição vida moral aventura humor saber beber fonte seguro mostrar talento Saldanha orgulhar brasileiro talento nato filme ceder tentação repetir cair próprio armadilha fórmulo poder exceder aspecto felizmente ocorrer filme família diversão garantir adulto gostar criança filmaço divertidíssimo entretenimento puro perfeito
silva m.,3,bom gelo engraçado.nota:5.0
Felipe O.,1,bom filme 3 gelo principalmente formato 3d deixar filme emocionante personagem querir telinha embarcar aventura mundo não saber existir viver gelo    personagem namoradinha scrat filme trazer alegria publico chegar amor filha manny ellier    missão salvar Sid levar dinossauro sid roubar ovo dinossauro
Rogerio_ruts,3,bom franquia Carlos Saldanha dar show obs Blue sky ascendente filme bom dreamworks queda(na opinião
Um visitante,1,"filme fraco franquia viver dinossauros"",algo reciclar último filme história começar cansar filme estúdio ter optar acumular bom faturamento piar começar falhar salva-se dinâmico turma prato cheio programa infantil caso contrário historia funciona.-nota 4/10"
Filipe,1,haha mto extremamente engraçado levar divertido filme familiar eskecer problema muito gargalhada parar roteiro sagaz qualidade animação excelente personagem carismático humor afiar mantir qualidade otro filme serie mto
Maria Eduarda Gretter,3,bom sequência aparição buck charme filme cansar importa quantas assista graça
Jamille,1,deixar desejar 2 arrisco realmente bom 3    envolver aventura    diversão garantir    criança
Um visitante,1,caso gelo 2 filme legal determinar parte engraçar abaixo
gsamber,1,filme ótimo assistir 3d gelo chegar pé filme pixar dreamworks ...
mktjorgejpa,2,primeiro filme fraco ter ser ruim sair contexto histórico filme continuar engraçado cid pra eu bom personagem trama piar trapalhada tirar bom gargalhada
Amanda M.,3,filme incrível engraçar mundo dinossauros opinião ideia incrível
Julien,1,otimo filme filho adorar gostar tambem divertido vario cena bonito criativo ritmo bacano
Guilherme de Melo,2,gelo 3 2009 edição franquia continuar conquistar público humor levar personagem carismático cena divertido filme aventura começar manny turma descobr terra congelar esconder caverna misterioso repleta dinossauro sobrevivente chegar personagem pequeno criatura chamar sid colocar missão claro comédia situação absurr garantir trunfo gelo 3 manter fórmula sucesso filme anterior diversão amizade momento engraçar trio manny Sid diego continuar funcionar trazer personalidade distinto situação hilário surgir sid jeito desajeitar seguir ser personagem engraçar turma interação dinossauros resto rendir bom risada animação filme impressionante época efeito visual detalhe dinossauro criação ambiente natural pré-histórico bem-feito elevar experiência cena ação momento fuga corrida animado ritmo energia perder toque leve caracterizar filme adição personagem Mamute ellier dinossauro tubarão maneira renovar dinâmico história trazer frescor franquia trama envolver manny paternidade dificuldade adaptar contexto familiar trazer camada emocional interessante abrir espaço tema crescimento pessoal união entanto filme tanto inovação anteriores positivo negativo entregar exatamente público esperar filme gelo — risada histório simples agradável outro fórmula começar parecer repetitivo trama dinossauro apesar interessante impactante histório aventura gênero resumo gelo 3 filme animação manter charme anterior animação personagem adorável humor trazer inovação entregar experiência divertido levar nota 4 5 justo — bom entretenimento chegar marco filme animação
Guilherme Jeveaux,3,Aquiii maravilhoso bom amo mãe dinossauro sid mães solteira viver criança
Buck J,3,mano bom franquia ver pq filme sentido gelo 3 explicar acontecer dino personagem super engraçado personagem favorito adorar último batalha!!!história 10/10personagem 10/10animação 9/10vilão 10/10filme 10/10
Firmezão,1,gelo conseguir mudar cenário ok gente ver quase filme diferente personagem situação tornar enjoativo pouco filme hoje dia conseguir rir precisar diálogo ...
Canal FEIJÃO - Gabriel S.,3,"gelo(2002 americano chris Wedge diretor brasileiro Carlos Saldanha co-diretor filme excelente gelo 2 degelo(2006 chris Wedge diretor(ou co-diretor Carlos Saldanha diretor(não co-diretor único filme mulher(no caso estele elliott co-diretora filme ótimo bom gelo 3 despertar dinossauros(2009 canadense michael thurmeier co-diretor Estella elliott co-diretora(ou diretora),mal brasileiro Carlos Saldanha diretor história filme diferente gelo 1(que surgimento gelo humano pré históricos);do gelo 2 degelo(que falar inundações;o quase gelo extinção mundo);do gelo 4 deriva continental(que falar piratas;fim mundo;amizade;drama;comédio separação continente gelo big bang(que falar ciência;asteroide;et;meteoro;comédia;amizade;drama zuer mundo gelo 3 despertar dinossauro falar bando descobrir retorno dinossauro ter salvar Sid enfrentar dinossauro ver diferente filme animal pré histórico comportar humano atual único defeito interferir filme buck;sid;crash;eddie;scrat scratita bebê t-rexes coisa engraçar filme bom personagem manny;crash;eddie;rudy;ellie;buck;mãe t-rexa bebê t-rexes;sid diego 3d ruim animação visualmente lindo fazer 1 2 história achei filme bom 1;o 2;o 4 5 10,10 10,2/10,10 0 5,10 5,2/5,10.a gelo bom trilogia 2002;2006 2009.tchau"
Gabriel Sotello N.,3,história 10/10personagens 10/10desenvolvimento 10/10trilha sonoro 10/10dublagem 10/10comédia 10/10animação 9/10conclusão bom filme saga dar 10/10
Lilian,1,legal filme
Pedro A.,3,gosto filmes(tb adorar natal
Isabella Rogatschenko,1,gostar ... manter anterior
thiago,1,filme comparar anterior deixar desejar engraçado divertido recomendar sessão global rs
Weslley S,1,so pra trayler lixo frague ganhar vizualização nao filme palhaçar
Paulo J,3,jhhnsnfafsjfasfnaufnsfnasfunasfuasfusfnaufsjajajjaaaaaaaaaaaaaaaaaaaaaaaaaaaaaaaaaaaaaaaaaaaaaaaaaaaaaaaaaaaaaaaaaaaaaaaaaaaa ijs viuvs fvwdewfnwefnwfuwnefwfweuivwneuvwn
vinicius pereira,1,n com si filmeaparecer trailer n querer
Ruan R.,3,otimo filme ver gente caraco adoreiiiiiiiiii
Felipe F.,2,"animação trazer tela vilão viver herói dizer batman Cavaleiro trevo coringo morcegão matar eu você ? "" animação trazer justamente coesa divertido encantar pra fã universo super-heróis deliciar filme"
Thiago P.,3,"filme animação deixar criança rei leão de ele procurar nemo brindar animação fazer roteiro elaborar humor fazer agradar criança adulto comprovar megamente animação 2010 contar história personagem-título cabeçudo azul enviar terra criança destruição planeta azar nave cair prisão personalidade moldar criminoso conviver Metro man voz brad pitt original terra junto de ele sorte nave cair mansão passar cuidado família rico bem-educado megamente Metro man passar nutrir rivalidade criança escola competiar atenção megamente inteligente ter azar algoz forte conquistar professora aluna deixando-o humilhado passar rivalidade aumentar Metro man tornar herói Metro city megamente cérebro avantajar bolar plano mirabolante destruir inimigo diferentemente história super-heróis protagonista vilão azarar carismático engraçar apesar conseguir meter medo verdade metro man herói canastr orgulhoso cheio se praticamente superman sinal homenagear filme viagem terro destruição planeta passar rosto personalidade Metro man nome cidade Metro city megamente insistir chamar metrócity claro alusão metrópolis cidade homem-de-aço existir inimigo mortal figurar feminino frágil roxanne ritchie dublagem brasileiro virar rosana Rocha repórter cair garra vilão precisar salva herói olhar representação Lois lane assistente hal cinegrafista atrapalhar desempenhar papel importante trama voltar história durante inauguração memorial metro man roxanne sequestrar herói precisar salvar ela acontecer ninguém esperar megamente Metro man cair armadilha destruir megamente cidade começo aproveitar status todo-poderoso Metro city passado algum começar sentir inimigo alguém competir alguém lutar passo começar apaixonar rosana conquistando-a usar identidade falso "" megamente animação fazer ser desenho perfeito cidade ser criação personagem visualmente encaixar parecer artificial exagerar desenrolar trama merecer parabéns carregar diálogo humor desenvolver história maneira envolvente engraçado tirar megamente assistente hilário soar forçar despropositado filme perder ritmo tornar monótono contrário filme passar maneira natural intenso perceber passar trilha sonoro outro alto obra gum n'rose passar ac dc ozzy osbourne encerrar michael jackson música encaixam perfeitamente filme "" megamente filme família fortes animação precisar personagem carismático clima alegre piada bolar ritmo intenso enfim conteúdo grato surpresa considerarr muito animação conteúdo lançar último ano encher cofre estúdio vender produto licenciado acer crítica cineabsoluto.blogspot.com"
Álvaro José S.,1,filme assumir responsabilidade escolhar vida  
Mary M,1,megamente animação histório envolvente personagem construir favorito cumprir papel admitir bom lançar último ano servir adulto criança incrível recomendo assista
apenasumr,1,filme trazer muito coisa historia vilão derrotar heroi arrepender proto filme fraco
Lucas M,1,animação interessante lembrar incrível
Luz do Amanhã,2,bom filme ha errar em ele filme pé cabeça cabeção preferir
Luis R.,2,ótimo!!!faz sátira superman maneira criativo divertido trilha sonoro excelente
Neto S.,2,megamente filme super divertido animaçao historia vilão megamente Will ferrell querer eliminar adversário Metro man brad pitt thiago Lacerda dominarr cidade Metro city necessário plano diabólico tentar anteriormente dia ajudar criar david Cross sequestrar repórter rosane rocha tino fey malvado conseguir inimaginável sumiço herói único contar vida tornar chato inventar herói combater nota 9.0
Estevan Magno,1,diferente animação vilão super herois vilão tornar super herois vice verso vice versa ufa ... história saber .... existir existir
cinetenisverde,1,troca papel eficiente repensar dicotomia hoje dia pessoa livrar superstição antigo religião pregar dicotomia inerente existência filme transporta realidade animação levar esconder algum drama complexo existencial
Victor N.,3,bom divertido animação recomendar
Diego M.,3,longo base tênue linha diferencia normalmente distinguir filme vivenciar protagonista antagonista todavia desenrolar história ver dividir oposto assim?var trama narrar vida personagem extraterrestr Metro man megamente sorte acolhir família exemplar dispor poder sobrenatural assemelhar se super man obter facilidade prestígio índole diferente azar amparar detento presídio somando-se apresentar característica físico horrenr cor azular cabeça desproporcional dentre e facilitar personalidade obscuro triste malévola prosseguir enredo criança travar disputa diversos assíduo “ protagonista ” Metro man vencer carisma força inúmero incansável investida inteligente “ antagonista ” megamente modo ano passar fama inevitável transformar herói cidade outro vilão todavia derrotar derrota megamente dar vencer ter objetivo único vida vencer Metro man finalmente conquistar excelente estratégia “ esperar ” herói sacar super produção vitória almejado ano ano megamente via sozinho grande pretensão vida haver lastro vital ser existir arquirrival vida tornar se monótono entediante chato tentativa frustrar desesperar criar herói pra cidade baseandor se ideia encontrar pessoa puro somar superpoder metro man personagem ter mesmo método perspectiva fornecer eterno luta “ ” “ ” favorecendo-lhe ímpeto vida plano esperar transformar “ herói ” “ vilão ” obrigar “ humano ” megamente contra-atacar fazer emocionar história notar estar outro torcida intrigante jogo sentimento travar internamente público refletir real sentido prévio julgamento ver geralmente “ impressão ficar ” exemplar filme levar inconscientemente analisar bom lado moeda servir lindo moral conquistar esmero notar 5 recomendável plateia infantil adulto observação título curiosidade linha cinematográfico perceptível filme existir forte tendência simpatia anti-heróis vínculo notável desenho malvado favorito 1 2 trama maduro mercenário 1 2
Jesulei Dias D.,3,legal bom animação super herois
Um visitante,2,-não chegar bom animação claro super produzer personagem tema diferente animação costumar aí.-muito engraçado querer acabe mais.-pra animação assista megamente.-assista rio ...
wesleyaxe,3,ótimm animação estório envolvente divertidíssimo criativo fugir esperar passar mensagem animação inspirador gostar
Sidney,2,ótimm animação megamente mega divertido adorar
Fabrizio,1,gostar animação resgatar bom momento infância divertar criança adulto ser adorar megamente fazer mostrar antítese herói cumprir objetivo identifique ...
Wellingta M,3,adoroooooooooooooooo filme filho virar fã comprar pra explorar clichês trilhasonor perfeito herói-vilão irresístivel concorrer oscar merecer indicação
Otávio,2,bom filme adorar divertia ... adorei ... riso
Renan Rossi,1,chegar pé toy story up alto aventura ser filme animação clichê filme destinar público infantil(crianço compreendível clichês bom megamente trilha sonoro bom ja ver
Filosofia_nerd,1,envolver diverte medida certo
Fê Sanches,2,"falar desenho geralmente disney imbatível último tempo dreamworks ficar dever megamente reinterar bom ano junto malvado favorito toy story 3),um história herói vilão clássico pouco revelar vilão verdade vilão .. complexo não ? ... rs .. momento engraçar piada inteligente valer ingresso ps avisar novamente letreiro final cena extra"
Nayer  Silva,2,"lir filme fiquei encantar crescimento personagem qie vilao passar assumir responsabilidade tornar mocinho historia 
  spoiler"
Enio Antônio da Silva F.,3,"apesar estrutura central roteiro bater filme animação megamente inova trazer vilão protagonista vilão herói 
  spoiler 

   salvar pessoa cidade cheiar problema causar plano mirabolante simpático alien cabeçudo '' tonaledade pele compor cor primária popular '' ajudante chamar criar trilha musical filme falar compor principalmente clássico musico rock hans zimmer ton empolgante aventura interessante filme humor roteiro fazer referência principalmente filme clássico superman fazer correlação Marlon brar personagem superman filme lembrar aclamar cinema vito corleone elemento deixar filme diferente estar acostumado simplesmente ironizar certos assunto nascer jeito mudar concepção transformar vida vilão mocinho"
Walcar,1,filme inovar fazer vilão virar mocinho gostar
gsamber,3,filme perfeito tar desconfiar filme ruizinho enganei completamente excelente recomendo destaque revelação
Pedro Nascimento,2,bom animação junto dar louco chapeuzinho vilão    vira filme cabeça animação cheio sica fazer sucesso
Guilherme Enrique V.,3,"bom filme assisti vida espetacular historia 
  spoiler 

  vilão matar heroi criar outro heroi virar vilão vilão virar heroi 
  spoiler 

   imposivel amar filme olhar sucesso.sinopse megamente vilão vilão inimigo Metroman dia conseguir matar metroman achar entediante nenhum heroi matar criar heroi acontecer esperar"
Ailson J.,2,megamente filme inovador alterar perspectiva tradicional herói vilão oferecer narrativa refrescante divertido história centrar vilão megamente ver papel derrotar rival construir cativante personagem memorável visão distorcir conseguir transmitir motivação convincente evolução megamente vilão anti-herói permitir exploração interessante identidade redenção animação vibrante estilo visual complementar tom levar humorístico filme piada inteligente referência cultural trazer toque especial agradar criança adulto megamente filme desafia convenção gênero mostrar vilão histório motivação obra diverte refletir consolidar se bom surpresa cinema animação
Milayne Costa,2,verdadeiro significado deus tar mente vilão engraçar adorar humor dreamworks
Tá no Arts,1,legalzinho prender atenção criança gostar gente adulto conseguir assistir ruim assistir
Megamente,3,i Am the best
Roberto J.,2,lembrar eu 5 aninho assistir animação criativo animação genial gênio amigo peixe corpo robô criativo criativo engraçado agrar mega-mente ver filme mega mega hahahaha bom animação rei leão filme marcar vida <3
minezindoscria3666soudodemonio!!!,3,"acher muitu foda Serioa gue eele at Giganmtegrande Acabeca assul eroi tentar paar elee correr foda serio Gys asistan con fihlo ooh Mai Good Deus portuges gordo obeso s2 
  spoiler 

  amor dedo anus 
  spoiler 

  chupacudegoianiaauuuuuusouumlobohahahahahahahahasouloquinhotipoocoringaeesquisitoesquisofrenicodementeepenis 
  spoiler 


  spoiler 


  spoiler 


  spoiler 


  spoiler 


  spoiler 


  spoiler 


  spoiler 


  spoiler 


  spoiler 


  spoiler 


  spoiler 


  spoiler 


  spoiler 


  spoiler 


  spoiler 


  spoiler 


  spoiler 


  spoiler 


  spoiler 


  spoiler 


  spoiler 


  spoiler 


  spoiler 


  spoiler 


  spoiler 


  spoiler 


  spoiler 


  spoiler 


  spoiler 


  spoiler 


  spoiler 


  spoiler 


  spoiler"
Fábio C.,3,delicioso prazeroso luta inspirar pergunta acontecer lex luthor derrotar superman levar torcer rir anti-herói megamente extraterrestre cabeção azul acirrar rivalidade héroi Metroman nascimento megamente figurar engraçadissíma colecionar inúmero derrota fracasso longo vida finalmente vencer moçinho vencer genial ver entediar passar buscar sentido vida histório ficar interessante transmitir mensagem importantíssimo criaça adulto filme garantir bom momento cômico desfecho engraçadíssimo surpreendente
Regedim R.,3,filme maravilhoso valer pena assistir simplesmente d+ filme reune família engraçar emocionante
Marcos d.,2,filme animação histório mostrar passado personagem início filme filme começar ficar decadente conseguir 4!dublagem bom ator história bacano som michael Jackson
Phelipe Martins,3,genialidade filme incrível fugir esperar mostrar outro personagem pegar história clichê transformar reflexão evolução personagem incrível história desenvolver perfeitamente lógico humor maravilhoso caracterizar filme capaz bom animação produzir
marcos camilo,2,excelente animação cômico megamente vilao adorar q ja ver Otmo divertimento falar q criar mt engraçado
Marcos M.,3,filme suspense terror tornar drama cheio emoção orfanato grato surpresa cinema espanhol produzir astro benício del toro ter elenco mexicano edgar vivaz barriga Chaves filme servir contrapor-se acreditar norte-americano mellhor suspenses roteiro tornar confuso principio pouco fato encaixar luta mãe busca filho desaparecer tornar cheio surpresa s tomar lembrar bom aclamadíssimo iluminar casa antigo assombrar assustadora cô emocionante digno reflexão solidão amor maternal tratar adoção orfanato de aquele filme medo deixar lição
Barbara B.,1,filme fantástico precisar verossímel preciso ter trama amarrar acontecer filme cena marer fazer respiração bocar boca chegar cômico fraco
MaH  S.,2,inicialmente parecer filme batir assombração desenrolar história fazer totalmente inesperado surpreendente filme pra medo susto suspense destaque duvida enredo
Um visitante,1,-não falar filme manjar filme gênero tomar contar cinema exemplo são;a mulher preto entidade despertar ... exemplo fidelidade filme filme conseguir manter atenção metade blá blá blá.-não história amigo ressaltar chorar término filme ... ? ? ? ? sem explicação ser raiva?ber meia boca.-assista ... ( * regular
Vinipassos,1,assistir filme expectativa suspense aterrorizante decepcionar profundamente roteiro filme fraco parar sal susto medo sal trama crescer ficar diálogo verdade ruin filme precisar tensão msm ter casa teoricamente sombrio aceitável realmente haver pensar possibilidade filme outro 1000 mau fechar chave latão filme terrivelmente decepcionante
Rodrigo o que?,1,ter música sinistra sangue sair pra filme conseguir deixar tenso suspense construir trabalhadoe melhor ... jumpscare(sustos barato
Filipe,1,eh excelente mto msm totalmente assustador filme dahr mto medo espectador akele misterio prender ateh revalação trama eh totalmente surpreendente eh akelar q vc imaginar vale pena extremamente assustador surpreendente
listhais,1,... esperar história mostrar se básico conteúdo geralmente esperar mistério trás acontecimento esperásse desenrolar enredo atuação Belén rueda elenco salvar filme
David A.,3,história impecável apelação medo dosar possuir suspense perfeito assustar aterrorizar prestar atenção histório orgasmo amar gênero filme suspense chorar ... lir lir
Andressa P.,3,falar começar ... filme obra primo entendo demorei assistir criticar filme merecer respeito rs
Daniel Novaes,3,drama suspense pouquinho terror ... obra acima obra amor recomendar
Vitor Araujo,1,moça marido filho morar antigo orfanato viver segredo antigo assustador tomar conta casa filme novelesco contar atmosfera atiçar curiosidade gostar batatinha frito 123 moda gente saber
Luis R.,2,bom
Carlos Henrique S.,1,assistir filme certo expectativa acabar desapontar reação assistir orfanato filme espanhol 2008 dirigir diretor Juan Antonio Bayona lançar aclamar filme terror concorrer oscar bom filme estrangeiro ano filme rosas crítico aclamar inicialmente filme interessante roteiro encaixar questão rodeiar    garoto Simón mãe Laura acontecer virar carregar filme ai desandar conseguir prender espectador consequência mostrar desinteressante ttrabalho diretor jogo câmera interessante ângulo casa efeito especial ajudar clima chuvoso fotografiar competente junto poder render atrativo usar roteiro atuação deixar desejar outro problema incomodar susto ser prometido cumprir infelizmente filme deixar desejar
Hugo Fonseca,3,filme 100 suspense prender início minuto revelação vc quebrar cabeça    recomendar d+++++++
Ronaldo B.,1,consigo compreender adorocinema ver filme porrar 5 estrela filme legal roteiro escrever filme chegar suspense drama fantasia parecer filme despertar
LuanGuilherme91,1,historia filme diferente aprovável prendi em ela entendiantir tratar filme terror cena sequer suspense susto medo deixar desejar filme basear menino levar amigo imaginário mãe ficar procura de ele praticamente filmefaltar cena ação faltar susto faltar clima terror recomendar
Janaine P.,1,suspense agradável valer pena assistir :)
Aline E.,3,filme terror clichê história valer pena assistir
Wiris Siqueira,3,filme incrível fazer ... trilha fotografia roteiro perfeito suspense começo lir recomendo
Thais M,1,descobrir sr barriga filme deixar vontade .sobre filme historia interessante agoniante emocionante
Larissa M.,3,bom filme misturar terror suspense surpreendente hahaho
cristiane bueno da veiga,2,gostar q alguém falazer q hora q laura morrer fiquei entender gostar filme adorar suspense
Crismika,3,realmente obra-prima produzer excelente premiado guilhermo del toro roteiro genial trama unir passado presente criar suspense psicológico espiritual acompanhar trilha sonoro fotografia impecável resultar belo inteligente filme suspense pitada dramático estar esperar levar susto cena intrigante assustar esperar susto destaque atriz Belén ruanda excelente protagonista participação pra especial Geraldine chaplin Médium trazer revelação impressionantes mãe garoto cena atropelamento deixar queixo cair rápido certeiro atingir ser conosco filme imperdível gostar velho suspense moda antigo super recomer
Paulo,2,ano laura casado voltar morar antigo orfanato filho começar contato criança fato estranho começar surgir desaparecer
Mariah M.,3,ameir filme contagiante muito enrolação prender    bom filme gênero assisti
Michael Pires,1,filme suspense terror prender ac atenção bom susto exagero tradicional estilo compreendi
David d.,3,dir esperar filme suspense de esse susto acabar ser mistura suspense drama emocionante dia gente filme suspense terror realidade filme lir
Dalter L,1,perda
SilméiaVieira,3,orfanato prender espectador começo filme susto suspense causar medo coração ficar acelerar ansiedade inesquecível
betolani,1,otimo suspender realmente prender apesar filme morno ah sr. barriga filme genial
Alexandre Gordilho Bento,1,"superestimar crítica filme interessantinho 
  spoiler 
   fato mulher morrer tomar pílula criança morrer cair escada ... gravar voz advindas dimensão gravar ... 
   história carecer conteúdo pobre ... quase chato quebra Galho recomendar amigo ser existir inúmero opção ..."
Jorge V.,1,estória interessante ambientada bom ator suspense brecha adivinhar desfecho gostar
Tiago Rafael,1,concordar Guilherme realmente filme pena ser refilmar versão americano
Gabriel Lorenzo Ferro,1,filme ok roteiro interessante personagem chato cheguei ficar medo filme
RMR,3,relutar assistir causa filme espanhol assisti surpreendi bom filme assisti    suspense envolvente drama surpreendente
Daniela M,1,suspense dramático terror entao assista filme frustrar esperar terror sangrento enredo confuso prestar atenção dizer tudooo folha cair filme dedo gilhermo del toro semoreer desafir mente percepção aguçar comovente prestar atenção entender Laura simon
Sara T.,3,excelente triste recomendo terminar filme chorar rodar otimo ator bom suspense
Juliafers,3,bom filme assisti tempo gostar temática espírita valer pena roteiro costurar bom desfecho super recomendar
Ido M,1,filme ruim haver terror algum suspense fraquinho    filme dormir 0 10 4 tamanho acreditar filme guilherme del toro pessoa supervalorizar filme
Sidney  M.,1,trabalho junto Matt dar Paul Greengrass render filme ser brilhante bourne resultado satisfatório filme guerra iraque envolver falcatrua EUA
Artur V.,1,tratar se filme mostrar interesse Estados Unidos iraque escancarar verdade opinião filme quesito ótimo apesar hora filme “ correria ” empregar atrapalhar assimilação histório criação vínculo personagem principal
Miguel Neto,2,bom filme choque realidade sabíamos mídia manipular época unificar opinião público invasão iraque ótimo presidente Bush ter popularidade baixo ação proposital saber antemão iraque ter arma destruição massar milhar iraquiano centena americano morto manter popularidade presidente Bush filme mostrar intrincar jogo força envolver mídia político militar pensar iraquiano massacrar formiga efeito especial iluminação som colocar tensão existente angustiante civil casa vielo escuro claustrofóbico guerrilheiro soldado iraquiano americano lar filme fazer aula histório recente
Roberto Carlos M.,2,assisti cine tv record história dirigir atuação convincente cena ação legal dublagem notar
Vilmar O.,1,filme lançar belo crítica motivo 2ª invasão iraque EUA “ achar arma destruição massa ” achar “ ajudar ” EUA aumentar déficit fiscal de ele matt damon elenco
wesleyaxe,2,adorar filme dirigir perder ritmo nenhum mostrar guerra financiar jogo interesse político matt damon supera filme ...
Sidney,2,saga bourne consagrar ator matt damon filme mostrar estória jo elaborar executar roteiro falar se atuação roy Miller matt damon vale apena conferir recomendo
Um visitante,1,-o verdadeiro trabalho ver história.-e.u.a iraque real     magnífico história conduzir diretor principalmente matt damon.com trabalho de esse dois.-mal filme guerra entrar pra história cinema.-assista .....
Pamela,1,bom filme feitinho roteiro original matt damon bom nota 10
Edson Ribeiro,1,toa gastar R$ 100 milhão ótimo efeito especial história previsível
dalmofv,1,... filme sensacional muito ação roteiro matt damon chamar atenção saibam ver filme dvd ver bónu matt damon contracenar soldado verdade cara elogiar claro pegar elogio p colocar parecer gostar trabalhar chegar triologia Bourne filme
D_teo92,2,filme excelente ter fraco mostrar fake news principalmente disseminar imprensa catastrófico
Daniel Castro,1,Paul Greengrass repetir parceria matt damon estilo Bourne filmar camera ombror correr seguir ator pra pra gosto ótimm direção camera trêmular ficar tenso realista tbm graças roteiro memorável sequência ação exagerar filme perfeito achei cansativo prefira guerra terror merecer ver
Rick Pinheiro,1,bom filme roteiro envolvente inteligente bom cena ação último filme trilogiar Bourne diretor protagonista zona verde deixar desejar costumeiro interpretação matt dammon esforçar limitar gostar filme ação roteiro zona verde dica
Oliveira,1,história conduzir roteiro original
Fernando C.,2,bom filme mostrar interesse e.u.a iraque efeito ação história filme filme prestar atenção direito ficar perder    filme legal recomendar
Digossa,1,filmeer historinha americano bonzinho
Fher B.,2,filme excelente bom atuação matt damon Paul Greengrass sintar guerra bom filme assisti super recomendar
BrunoG,2,... filme ação roteiro atuação etc ... deixar desejar filme vc parar assistir
Emerson,1,tdos filme ator matt damon Sao cara filme ação
Robertao,3,bom suspenses gênero psicológico ver trama prender sensação confusão perguntar realmente histório desfecho excelente trilha sonoro sinistra aliar fotografia cinzento ambiente misterioso tornar filme thriller impecável
Um visitante,2,filme conseguir afundar paranóia tensão ficar difícil diferenciar mocinho bandir realidader ilusão atuação Leonardo dicaprio novamente soberba loucuro desespero conseguir remeter expectador verossimilhança precedente carreira brindar desfecho tocante melancólico teddy daniels entender bom viver vida morrer homem laedi viver monstro ilha medo de aquele filme deixar pensar assisti panorama movimento câmera fotografia cena pelotão dicaprio fuzilar “ acidentalmente ” fila prisioneiro alemão guerrar belo valiar oscar
Marcio A.,2,exemplar irretocável montar quebra-cabeça psicológico magistral scorceser inspirar se suspense psicológico criar caleidoscópio recorte selecionar    investigação ... decorrer cronológico trama tecer travessia enigmático sombrio busca sentir resposta questão protagonista interpretar di caprio restante elenco encaixar teia mistério descoberta impressionante encabeçar construção belíssimo roteiro trilha sonoro realçar clima soturno perpassar envolvente deixar espaço respirar alma filme trabalho edição ampliar plasticidade artístico articulação ritmo intenso suspense mostrar muito competência esmero paralelo limiar surreal real concentrar epicentro segredo perseguir início excelente filme relíquiar fã psicologio psicopatologia sensacional
Mr. Wayne,3,bom suspenses ver achar entender passar filme mostrar certo pessoa considerar interpretativo ... spoilerele consciente haver fazer preferir fingir recair lobotomia suportar viver passado
Janiê Maia C.,2,ilha medo Shutter island – 2010 filme super noir martin Scorsese!!!boa galera ok hoje ir falar filme super legal valer pena assistir pôster filme belo chamar espectador shutter island br ilha medo filme americano dirigir brilhante martin scorseser lançar fevereiro 2010 protagonizar Leonardo dicaprio mark ruffalo ben Kingsley filme basear bom livro paciente 67 consagrado autor dennisr lehane Brasil valer apena conferir obra 	  enredo filme passar ano 1954 detetive Edward teddy daniels leonardo dicaprio chuck aule Mark ruffalo encaminhar investigar desaparecimento paciente hospital psiquiátrico shutter island paciente lotar justamente paciente 67 desaparecer problema ninguém paciente 67 internar hospital deixar charada detetive edward encontrar hospital ficar localizar ilha distante comunicação quase impossível justamente dia chegar ilha acometer temporal deixar possibilidade viajar casa nulo de aí chuck teddy descobr médico usar método considerar bárbaro tratar paciente vigilância misterioso diretor hospital dr. John crawley ben Kingsley assistir lost ciente realidade adiantei must filme realidade alternativo de aqui adiantar suspense martin scorseser brilhante poder utilizar money filme obra-prima taxi driver preferir dirigir suspense classe b elegância típico la scorseser ir explanar filmografia de ele longo referência filme faltar filme iniciar cena neblina taxi driver detetive trajado investigador filme noir infiltrar ... direção adaptação livro filme deixar desejar certinho filme livro ótimos scorseser Garantiu!a fotografia películo alto banhar olho ilha Hospital floresta mar ambientar nuvem cinzento perceber tensão medo suspense olhar!o elenco surgir personagem decorrer filme rouba cena dúvida Leonardo dicaprio mark ruffalo ben Kingsley constelação encher olho dicaprio crescer último ano interpretação detetive depressivo guardar Segredo tenebroso simplesmente grandioso penoso sofrimento junte se intenso flashback falecir esposo lembrança enevoar toque terror drama parceria scorseser dar certo haver sintonia visível ator diretor mark ruffalo ator comédio romântico melhorar filme eu revelação último ano atuação intenso digno prêmio pena ganhar oscar merecer trabalho receber bom crítica interpretar detetive mostrar teddy mark expor nostalgia ambientar filme papel de ele confundir assiste ben Kingsley eterno Mahatma gandhi cinema de aquele ator toque especial produção cinematográfico atuar maneira atencioso entrega personagem soberba ben assumir personagem médico mesclar mistério perigo genial creiar ilha medo obra-prima de aquele citar maravilha arte scorseser saber trabalho digna magistral filme valer diversão diversão cult inteligente conhecer obra diretor inteligente filme alusãor horror nazismo paciente cabeça raspar acomodar num sala tenebroso parecido caverno ilha medo obter crítica misto gostar time gostar aprovei filme sábado noite pipocar guaraná amigo “ cal único entrar único sair ” 	  bjoosss 	   janiê maio Cunha
raphaelssouza,1,leo fazer filme cabeça filme pegada público deixar ar razão cérebro perigoso cena rato sinistra  cena de ele mulher cair neve preto lindo ser quadro vaipraestante
João Paulo S.,2,"bom filme recomendar durante filme ficar intrigado ver existir mistério trama 
  spoiler 
  principalmente revelação 
  ação suspense dúvida outro filme martin scorseser elenco"
Ricardo L.,3,obra primoroso bom filme gênero psicológico produzir perfeito quase quesito atuação formidável sr ben kingsley Mark ruffalo max von saidow destaque Leonardo caprio incrível bom atuação roteiro perfeito trilha sonoro estupendo fotografia impressionar pra entender filme concorrer nenhum óscar visão merecer minimo 14 indicação 4 prêmio ....
Fabiano O.,3,gênio cinema martin scorseser elenco tratar produzir filme base suspense psicológico boa!é fazer ilha medo leonardo dicaprio assumir papel principal trama scorseser teddy daniels delegado federal junto chuck aule interpretar mark ruffalo ilha Hospital psiquiatrico criminalmente insano investigar desaparecimento paciente chamar rachel solar mulher afogar próprio filho ter ir encontrar dr. John crowley passar conhecer mistério ilha achar suposto rachel Furacão passar ilha acabar sistema segurança ocasionar fuga prisioneiro pavilhão teddy começar confrontar se alucinação esposo morta fantasma passado presenciar muito morte guerrar assassino de ela prender ilha encontrar prisioneiro haver informar ilha experimento ilegal prisioneiro desconfiança ficar ser caçar controlar ilha teddy ficar noite caverno encontrar verdadeiro rachel revelar pra ilha instituição transformar perigoso opor método tentar prende-los ilha pegar ir acreditar ser paciente ilha ilusão encontrar dr. crowley teddy mulher morrer assassinar assassinar filho alegar nenhum paciente ilha nome andrew ilusão convencer paciente perigoso ja fazer telespectador interpretar realidade ilusão brilhantemente fazer bugar cérebro gerar próprio interpretação atuação excelente dicaprio deixar rostinho bonito ator ótim mark ruffalo ben Kingsley dr. crawley scorseser dirigir produzir perfeição confundir maestria mente assistir unir realidade ilusão ultrapassar barreira racional gostar exatamente mundo perfeito combinar excelente trilha sonoro fotografia bom filme gênero
Talita Lopes,3,filme trama prender início assistirar novamente
Luana O.,3,assistir filme filmaço di caprio excelente atuação fotografia perfeito bom roteiro sombrio misterioso bom filme
Maria,3,“ viver monstro Andrew Laeddis morrer homem teddy daniels ” ver experimento psiquiatra dr. John crawley ajudar psicólogo dr. lester sheehan dar certo Andrew Laeddis Leonardo dicaprio curar finger insistir ilusão teddy daniels Andrew laeddis precisar lobotomia dr. Jeremiah naehring dr. Jeremiah naehring achar certo método humano invasivo dr. John crawley funcionar “ sanidade escolhar ” dizer dr. John crawley Andrew laeddis escolher insanidade fingir teddy daniels ir voluntariamente lobotomia suportar viver culpa morte família preferir abrir mão real consciência
Thomas Jefferson,2,deslumbrante assustar envolvente tentador trilha sonoro tenso envolvente
Camilla M.,3,filme excelente entendi Leonardo dicaprio ganhar oscar ator divino filme diferente absolutamente excelente
Rodrigo o que?,3,"inferior antigo trabalho scorceser bom superestimar irlandês""冷 chocante surpreendente"
Jairo D.,3,bom suspense paranóico esquisito roer unha perplexo reviravolta final ter assinatura martin scorseser célebre presença marcante Leonardo dicaprio mark ruffalo impactante
Um visitante,1,vasto filmografia scorseser shutter island exemplar figurar querir claro filme ruim Martin incapaz história cara de ele dicaprio ótimo filme bom momento ... ruim mornar pro padrão cineasta responsável conseguir entender motivo de ele escolher projeto pra perceber thriller praia de ele ter deixar mão outro realizador resultado ter ser interessante conseguir comprar situação hospício reviravolta pra mirabolante explicação vaga conseguir sentir drama personagem principal arco colcha retalho pra envolver trama si improvável enfim suspense mediano elevar atuação dicaprio scorseser bom
Eliane,3,filme interessante lento próprio trama pedir Leonardo di caprio ótimo pra adora suspense mistério perfeito vc achar matar charada filme chegar de aquilo surpreendente
Fabricio Menezes,3,entrar pro top 3 filme scorceser taxi driver gangue york história genial esteticamente perfeito trilha sonoro fantástico levar pra ilha obra-prima pra carreira diretor
Alexandre C.,2,suspense pisicologico altíssimo dirigir    scorcese estrelar di caprio parceria dar certo suspense totalmente inesperar filme
AndréL0pes,3,filmaço prender começo atuação marcante drama elemento terror dirigir surpreendente incrível filme trazer muito nostalgia recomer
Estevan Magno,1,filme atuação dicaprio ben kingsley Mark ruffalo momento deixar desejar vale pena assistir noite crescer suspense
MichaellMachado,2," dúvida ilha medo bom filme assisti suspense psicológico tirar chapéu épico contar belo atuação Leonardo dicaprio facilmente poder ganho oscar dennisr lehane autor obra original parabéns obra magnífico assistir ""é bom viver louco morrer homem teddy daniels"
Daniel Novaes,3,atuação espetacular Leonardo di caprio filme igualmente genial plot twist estourar cabeça sentido filme obrigatório
B.Boy Jc,1,filme superestimar momento ficar lento quase enfadonho atuação bom desfecho
Anderson  G.,2,ilha medo filme buscar envolver telespectador conseguir direção artístico incrível roteiro instigante ótimm condução apesar longo filme cansar Martin scorseser diretor brilhante fato filme tomar escolha narrativo principalmente ato final- curto época influenciar cara nolan m. night Shyamalan scorseser obra ser grande    condução artístico roteiro ótima desfecho previsível    Mark ruffalo graçar algum personagem apático Leonardo dicaprio outro filme puramente terror scorseser transitar diversos gênero suspense terror policial aventura etc. nota 8/10
Crismika,3,filme primeiro cena pra suspense frente diálogo inteligente graças super diretor martin scorseser roteiro amarrar excelente ator fotografiar enfim de aquele filme imperdível principalmente gostar filme inteligente fazer recomendo imperdível
Dennys R,1,   filme trama interessante surpreendente atuação Leonardo di caprio trabalho fazer
Dudu S.,3,excelente obra prima!mal filme excelente scorseser mostrar provavelmente bom diretor hollywood atualmente filme bom carreira devido talento tornar marca pessoa ver nome de ele filme saber esperar filme bom.o roteiro maravilhoso direção scorseser vida roteiro jeito fantástico mostrar direção importante primeiro 40 minuto chatinho lerdo de aí filme começar ficar longo desenvolver desenvolver personagem principal contar história de ele passado filme inesperado supreendente espectador ficar surpreso acontece.como falar cartada filme direção scorseser coisa filme perfeito leo dicaprio trabalhar dicaprio bom ator hollywood decepcionar atuação melhor si
Artur V.,3,excelente    haver negativo filme coloco destaque atuação aspecto magnífico
Denise S.,3,... fiquei boquiaberto .. filme parar inteligentíssimo valer pena assistir pq falar deveras surpreendente
Diego Jorge,2,filme trama fantástico filme prender render plot twist elenco peso enredo extremamente detalhado coeso longo desenvolver muito emoção originalidade valer pena
Davison P.,2,ilha medo 2010)um bom ano Leonardo di caprio Mark ruffalo ganhar oscar excelente ator lembro ano saí sábado reunimos casal lembro cara inteligente entender cinema afirmar Leonardo caprio péssimo ator pior cagada ter fazer sfôr filme titanic quase mandar tomar debati ator jovem interpretar papel principal filme bilheteria ano avatar desbancar dar salto enorme carreira ganhar dinheiro ficar canto mundo causar ciúme namorado talve ser decepção cagado vida de ele dar desculpinhas satisfeito insistir péssimo pedir pra acompanhar crítica kkkkkk
Um visitante,2,filme fotografia lindo conseguir misturar jogo luz brilho passar aspecto sombrio medo contraste perspectivo histório multi fase enganar visto Leonardo di caprio espetacular incrível precisar terror encocar medo
Carlos Henrique S.,2,Martin .... for novidader ninguém martin Scosese grande tempo parceria sensacional Leonardo dicaprio pra esperar trabalho ter estrela cinema resultado ser fantástico filme de aquele brincar mente titulo sugerir terror verdade belo suspense trabalhar brincar realidade paranoia envolver espectador roteiro eficiente criar suspense brincar expectativa achar deixar dúvida sentir determinar personagem esconder roteiro elenco altura estrelar dicaprio arrebentar Mark ruffalo ben kingsley michelle willians papel produção excelente contar fotografia ambientação contar trilha inquietante composta encaixar matin scorseser Brinda obra espetacular dirigir ótimo roteiro ótimo atuação desfecho extraordinário plot virar cabeça
Thay,2,filme maravilhoso fotografia excelente elenco gostar gênero filme intrigante prender início
Vinipassos,3,excelente filme suspense psicológico atuação ótimo enredo mt frase desfecho incrível
alexandrecunha,1,filme suspense interessante achei enredo realmente distinto achar faltar alguma explicar pessoal faltar sal filme
Elvira A.,2,Leonardo di caprio voltar surpreender filme dirigir martin Scorcese início lento suspense psicológico crescer surpreendente dramático ben Kingsley Max von sidow michelle phillips bom participação
Keu C,1,"spoiler 

   filme .. so q confuso .. valhe pena assistir"
Ricardo L.,2,perola    woody allen ter elenco    larry david evan Rachel Wood excelente filme delicioso    diálogo super inteligente bom comédia décadar
Um visitante,1,-filme assistir 01 março 2016    -nota 6/10a apresentação Larry david super divertido começo conseguir prender história narrar evan Rachel Wood ótima dupla ator contar colírio histório
Guillermo M.,1,diálogo divertir narrativa ficar intelectualizado
c4rlc4st,2,mostrar potencial primeiro 10 minuto filme monólogo parede quebrar voador cara longo filme subversão muito risada infelizmente desenrolar trama fugir acidez apresentar início
cinetenisverde,2,imprevisibilidade acontecer torno história síntese filme caos conhecimento bater frente crença obviamente tratar filme Woody allen ser devidamente criticar protagonista crise existencial pós-divórcio prova sócir diretor apesar refinar intelectualmente protagonista sentir mesmo sentimento humanos expressar maneira sutil tornar os evidente espectador
Thalita Uba,2,allen fácil perceber filme nova-iorquino apaixonar big apple nascer 1935 velhinho contabilizar 43 filme dirigir escritos 23 nomeação academio oscars incluir bom diretor de eles sinal conquistar domingo – estatueta bom roteiro original meia-noite Paris Midnight in Paris outro filme falarei post futuro produção ir recomendar hoje popularizar filme allen ser bom obra valer atuação risada garanter excelente “ moral história ” abertamente explícito filme produzir 2009 larry david evan Rachel Wood protagonista certo whatever works relatar história boris yelnikoff professor aposentado universidade columbia hoje professor xadrez rabugento intolerante divorciar evita relacionar pessoa ter contato aluno xadrez humilho menospreza constantemente velho amigo criticar equiparar intelectualmente vida mudar completamente dia voltar casa boris encontrar jovem 21 ano – melodie – dormir porta casa relutantemente deixar entrar comer algum contar história papo papo boris acabar permitir ficar casa encontrar emprego surpreendentemente jovem acabar interessar velho rabugento muito insistência de ele acabar ceder casar convivência mãe melodie aparecer dizer procurar durante obviamente ficar feliz filha casado senhor mal-humorar “ ajeitar ” filha rapaz mostrar interessar dia restaurante próprio “ ajeita ” amigo boris passar viver trabalhar fotógrafa bastar confusão pai melodie surgir história apesar intenção inicial procurar esposo filha acabar fazer descoberta absolutamente inusitar rumo vida completamente modificar muito ida vindas reviravolta divertidíssimo filme terminar festa ano casa boris completamente diferente começar pessoa jamais imaginar conviver harmonia conversar rir juntar casal jamais imaginar possível trocar jura amor eterno boris explicar título filme tradução perder sentido “ moral história ” precioso ver vir filme
Anderson,2,arrependimento filme lançar 2010 antar vê-lo 2022 3022 impacto Woody allen eterno ultimamente massacrar justiça versão pedófila manter absolutamente intacto versão diretor autor magnífico jeito esquecer versão criminoso horinha desfrutar culpa precioso oferecer humano realmente múltiplo interpretação maravilhoso evan Rachel Wood Larry david sincero ator fotografia lindo roteiro envolvente permitir único distração perdoem-me politicamente correto chato Woody allen continuar dominar cinema exaustão
Icaro G,1,ver comentário acima gostar comentar dizer filme inteligente … roteirista tentar convencer cara inteligente filme inteligente falar coisa mirabolante difícel entender inteligência amigo bêbado maestria filme filme digno pagar 30 conto alto estação cine =] pra rir divertir
Anderson,2,arrependimento filme lançar 2010 antar vê-lo 2022 3022 impacto Woody allen eterno ultimamente massacrar justiça versão pedófilo manter    absolutamente intacto versão diretor autor magnífico jeito esquecer versão criminoso horinha desfrutar culpa precioso oferecer humano realmente múltiplo interpretação maravilhoso evan Rachel Wood Larry david sincero ator fotografia lindo roteiro envolvente permitir único distração perdoem-me politicamente correto chato Woody allen continuar dominar cinema exaustão
Renan Rossi,2,divertido homor negro Afiadíssimo bom
Rafael V,2,filme maravilhoso divertido humor sarcástico inteligente protagonista viver larry david alter-ego perfeito Woody allen atuar filme dirigir roteirizar roteiro personagem inteligente arrogante pouco mudar comportamento presença inesperado vida personagem viver evan Rachel Wood boris começar rever conceito arrogância prepotência genial bom filme allen Match point
Sr. Ketilys,1,ja transformar preferido Woody eh simplesmente genial engracar divertido libertario
Tiago M.,2,sarcasmo excelente merecer nota
Emanuel Madeira,2,conhecer cinema Woody allen receita ótimo filme mulher lindo belo cidade mundial discussão filosofal vida banal certo longo Larry david roteirista famoso série seinfield papel principal Bela evan Rachel Wood coadjuvante    mostrar visão comico-conformista peculiar filme assinar allen filme tratar coinscidêncio vida quão cômico dramático situação ver ex-professor acadêmico meio idade desiludir tentar compreender insignificância vida encontrar ingênuo inocente menino 18 ano sarjeta casa alguém crise esperar mudança rumo vida filme tirar grilo costumar apavorar precisar dever esperar algum importante acontecer crítico vida acabar formar dilema existencial filme sentir algum ajustar tornar derrotista planejarar eles ocorrer precisar enxergar preciso mudar objetivo preciso arriscar coisa imaginar poder coisa acontecer vida surgir ´ plano ´ bom amizade paixão acabar tornar amor vida concurso ´ farrar ´ adivinhar passar … apesar poder contar acaso preciso lembrar existir algum acabar acontecer precisar fé principalmente mover pouco certo preciso pedir calmo vida pedir paciência dir profético verso lenine
stefanojosef,1,simplesmente genial estar metade ano filme bom ano Woody allen brilhantismo diálogo construir reviravolta trama protagonista representar essência inteligente sarcástico rabugento destaque larry david par romântico representar evan Rachel Wood atuação brilhantismo papel protagonista altamente recomendar apreciar comédia inteligente estilo Woody allen
Deyse Montenegro,1,bom filme 2010 diálogo humorar seco sarcástico toque especial filme diferente interessante filme ganhar 5 minito valer pena
Patricia V.,1,Woody allen muito acertar erra filme eu errar claro filme ruim passar mostrar gênio
Matheus S.,3,filme genial crítica engraçado inteligente àqueles passar imagem de aquilo viver busca reconhecimento possuir filme levar sarcástico excelente
Alegria,2,... sarcasmo conteúdo diálogo crítico sociedade modo mostrar essência encontrar felicidade satisfação personagem descobr libertar sociedade prender lembrar certo filósofo alemão bigodudo pra eu bom woody allen
patriciamf,1,diversos opinião filme achei interessante falarr fé cristã filme quistar falar inovação modernidade mundo atual filme prafrentex dir avó gostar filme filme humor ácido chocante interessante refletirr termo discussão diverso filme
Roqueirodabaixada,3,assisti 2/3 filme parar imaginar deprimente 2 dia tomei coragem continuei assistir simplesmente adorar
auler_juliana,3,bom
Marcos Wainstein,1,whatever works Woody allen retornar comédio nova-iorquino análise humorar extremamente ácida humano usar boris yellnikoff porta voz boris yellnikoff rabugento mau humorado grosseiro frustrar engraçar larry david interpretar boris atuação diga ... desconcertante cheio piada rapido ficar humor refinar em isso lembrar personagem allen intrepretar puro grosseria Larry david encarnar homem cheior neura hipocondríaco achar gênio aliás achar hora dotar visão realista mundo boris de aquele parecer jeito .. entrar vida completo imbecil extremamente encantador melodiemelodie evan Rachel Wood mão allen ficar quase ótima representar boris detestar humano idiota cheio frase pronto sonhadora burra extremo conhecer momento engraçadissimo boris soltar grande divertido frase poder imaginar referência burrice menino melodie incomodar contrário poder imaginar acabar encantar pretenso genialidade boris yellnikoff .. nascer em ele admiração velho rabugento valer ressaltar allen fugir mesmice contar história simplesmente boris continuar chato pessimista estar viver encantadora melodie demonstrar redenção clichê tanto filme ano casar melodie boris surpreendir chegar mãe melodie espectador agraciar divertido excelente atuação patricia clarkson Marietta chegar mostrar pessoa mudar conduzir ideia evolução allen mostrar filme evolução politicamente correto evolução mental Marietta chegar cristã interiorano transformar artista fotografar viver homem filme pregar ser certo errar mostrar ampliação horizonte contar divertidao bacanão filme estar exposto boris continuar ser pra pessoa concerto ... melodie conhecer outro homem vida suicer novamente sucesso jeito inusitar acabar conhecer pequeno redenção maximo filme jsutificar .... certotudo certo retomar estilo consagrar genial Woody allen comédia inteligente cheiar diálogo ácir personagem expressar cru divertido humano narrativa sacar filme larry david conversa espectador contar história brincar público cinema lembrar filme allen amar manhattan ... aventurar Europa mostrar versatilidade anterior Match point cassandra dream almodovariano Vicky cristina Barcelona allen voltar estilo trazer comédia delicioso apaixonante ... whatever works filme imperdivel neurótico genial noticia
Husky,1,acido sarcastico
agathe,1,certo 	  wood allen figurar tarimbar trágico-comêdias nova-iorquino tema existencial psicanalítico criação encantar surpreender desavisado allen atacar novamente obra primo filme certo contar excelente tema atual wood trabalhar perspectiva contemporâneo filme comedir discussão filosófico amigo lerryr david Boris yellnikoff protagonista historia relatar crença descrenças boris professor universitário lesionar mecânico quântico aposentado passar dia pensar humano relação social boris extremamente pessimista descrente visão decadente humano tratar cientifico filosófico torno vida observar importante pessoa normal tema engraçar sério causar reviravolta inesperar wood baseia-se teoria moderno ciência comparativo relação humano sentido vida formular teorio acaso caos próprio ordem ordem problema basear físico quântico exato mecânico quântica acreditar teoria ultimo verdadeiro exedendo-se obscuro relações humano referente procurar felicidade procurar achar ela algum sair padrão gente imaginar acaso caso inesperar boris melodie servir tema ilustrativo “ próprio teoria trair ” pegos pé boris saber total segurança disparidade idade idéia ajustar embarca escritor “ esteja adestrar vida existir arrebatar prova ”     bori melodie vai-se bordar história personagem narrar boris pessimismo ferrenho revoltar devido acreditar enormidade burrice contir certos ser humanos wood surpreender texto maravilhoso rechear teoria científico filosófico moldar dizer clássico cinema nova-iorquino    físico quântico teoria filosofia moderno descontinuidade psicanálise filósofo deleuze nietzsche psicanalista Guattari cientista Wittgenstein basear teoria corda princípio matemático utilizar teoria permitir físico afirmar universo possuir 11 demissão 3 especial – altura largurar comprimento 1 7 demissão curvar massa carga elétrico explicar característica força fundamental natureza acordo teoriar corda elementar universo partícula puntiformes – mínimo filamento unidimensional elástico infinitamente fino vibrar cessar teoria propor roda matéria força provém único componente básico – corda oscilantes “ teoria explicar ” muito filosofia criticar social wood formatar filme criar comédia trágico-romântico diferentes temática reciclar tema feitura anterior dar visão espantosamente questão desejo decepção humano abordar filme maneira inteligente artístico gostar wood manter intelectual judeu nova-iorquino prender espectador telinha mágico ass golon Byron
Manoela Montero,1,cinema fonte expressão troca sensibilidade “ tudo certo ” – Woody allen – “ whatever works ” EUA França 2009 	  “ ir escrever ” conversar comigo mesmo dirigindo-me “ manoelito deixar escrever pensar coisa interessante ir frente ” dar-me contar Woody allen conversar conosco início filme ator ser gente 	  retomo conversa dia seguinte noite produzi eles dizer toa digo-lhes acontecer comigo escrever mostrar viver 	  dizer olhar poder viver filme algum fêz-se pergunta haver resposta imediato dizer “ perguntar resposta ” perguntar ficar ecoar fazer levar plaga lugar mesmo ajude compreender bom viver reproduzor li cedinho “ mistério inesgotável enigma decifrar perder graça mistério envolve-nos carrega-nos dá-nos sabor aprofundar em ele em ele adentrar jamais esgotar ele experimentamo-lo carregando-o verdade conduzir ” frei walter).viver mistério vivar atenção saboreemos ir filme ir lembrar diálogo saber rápido denso Woody allen wa supérfluo superficial confrontar questão existencial filosófico religioso entranhar muito relação cotidiano tratar concordar sabermos questão homem contemporâneo tempo imerso dúvida incerteza desejo presente manter esperança acreditar “ certo ” crer wa jeitão irônico preferir “ funciona ” – “ whatever works ” toa nome jovem melodie st ann celestine “ melodia ” filme personagem surgir de ela puro virgem teto fome pedir comida abrigo ingênuo ofende mostrar olhar compreensão inda “ naïf ” leal fiel verdadeiro expor franqueza autenticidader sentir pensar confronto melodioso santo puro celestial condição nascente distanciar condição viver relacional humano trama boris yetzinsky gozação boris sparsky invencível campeão xadrez russo presidente palhaço boris yeltzin – observação izaak dialogar existir representar melodie afetar mesmice rabugice encontrar mãe pai melodie intelectual ser afetar incorporar mudança fixem opção vido seguir sair mesmice mãe companheiro pai viver homossexualidade diálogo questionar crença religião deus lembrem-se mente genial privilegiar wa ir criar obra abrangente profundo conformes idéia filme tratar incerteza improvável inesperado mostrar sincronicidade amor condição necessário aceitação outro repensar ser “ poder funcionar ” fundamental claro repensar outro necessário território improvável mistério viver dizer izaak “ ‘ ’ agrego viver junção parte    encontro elemento mosaico importante ingênuo idiota inculto preconceituoso erudita    ser representar garota mãe pai intelectual ” aproveitar filme aproveitar diálogo aproveitar viver aproveitar incerto!manoelita1408@yahoo.com.br – 03 junho 2010
Julianaalves,1,fo cristão assistar filmea histório senhor conhecer garota pano fundo pra vardade contar história família cristã deixar acreditar deus mãe morar homem pai homem ... ficar feliz estar ... resumir moral filme deixar acreditar deus siga vida    ser feliz
Estevan Magno,3,magia cinema retornar cinema hollywood obra primo arte hugo cabret chamar atenção lindo qualidade enredo perfeito desenrolar lindamente efeito especial uso perfeito jamais fazer 3d trilha sonoro outro forte película contar música canção apaixonar personagem direção minucioso martin scorseser qualidade filme ideia apresentação incrível roteirista editor atuação elenco esplendoroso tirar história hugo incrível afinal história cinema conhecer aclamar diretor cinema georges Melies descobrir vida ligar diretamente ajudar cineasta robô exalar sentimento eriçar nuca emocionar deliciar principalmente aclamar filme merecer receita merecemos dever agradecer verdadeiro rei cinema martin scorseser homem mente coração descobrir mostrar mundo mero humano deixar viver chorar hugo vencer oscar preciso conquistar coração
Pati Lima,3,lindo história filme inesquecível ... curte filme repleto magia clássico
Leonardo d.,2,homenagem primórdio cinema mediante uso genial sensação tecnológico linguagem 3d . scorseser envelhecer envelhecer sabedoria nostalgia saudável conseguir adaptar tempo
Loo,3,obra fantástico dizer criticar membro lucas salgar encaixar gênero particular ... belíssimo obra realmente palavra descrever contar história hugo personagem fantástico foco principal obra realmente apresentar história incrível arte cinema
Miguel Neto,3,fantástico filme inteiro repleto magia perfeição técnico puro poesia virar clássico
Um visitante,3,bom filme infanto-juvenil drama aventura histório contar ótimo ator característica interessante filme contar história início cinema pessoa saber ler resenha completo link abaixo
Bismark L.,2,confessar esperar filme apesar filme Martin scorseser vencer 5 oscars chamar atenção enganar surpreender belo história cenário incrível imagem lindo filme grande fotografia cinema render oscar terminei assistir fiquei Surpreso comigo esperar tanto!hugo cabret menino pobre órfão viver parede estação tr Paris pai morrer ficar cuidado tio alcoólatra acabar dar trabalho manutenir relógio estação pai hugo morrer deixar autômato maquina escrever humano hugo acreditar maquina mensagem pai pra consertar autômato hugo começar roubar peça loja brinquedo pertencer papa georges senhor ficar surpreendido hugo pretender começar rolar mistério papa georges interessar autômato esconder passado    ai história começar terminei assistir filme fiquei Surpreso tratar história autômato foco principal importante participação titulo nacional enganar bem!confesso ler livro filme totalmente fiel á obra original deixar encantar filme fotografia incrível bom ver fotografia filme incrível acabar virar personagem filme achar mesmo ter magia obra scorsese!quanto roteiro parte técnico bom efeito especial suficiente pro filme hugo cabret filme pra rever apreciar aprender emocionar personagem cativante hugo irritar sentido personagem station inspector notar 8.6
Um visitante,2,belíssimo homenagem Martin scorseser origem cinema transição metade dickensiano roteiro pessoa méliès homenagear primórdio cinema orgânico paixão scorseser tema perdoar abraçar filme quase completo tecnicamente irrepreensível irregular narrativa homenagem cinema funcionar belíssimo filme perder excesso personagem secundário desinteressante drama menino bobinho desdobramento trama frustrante ligar filme cheio afeto esquentar coração
Sr.Fernandes,1,filme ser avaliar resolver assisti-lo cinema resultado ... tédio total filme horrível graça    começo hoje entendo filme fraco avaliar hoje 5 ano lançamento fiz vir deixar crítico filme sinceramente ruim
Agnaldo S.,1,filme cansativo perca filme começar devagar omeio filme lento terminar raiva pq perder filmezinho
apenasumr,1,invenção Hugo cabret filme muito aventura historio filme
Vinícius d,1,achar bacano citar cineasta georges méliès referênciar principal filme achar diluer história cair propor título obra falar menino hugo cabret filme decepcionar entedia chateiar esquecer claro setor comercial brasileiro lançar obra belo caga .. escolhar título levar incauto achar filme genialidade garoto asa butterfield ator Mirim medíocre padrão obra acompanhei bom ator mirins rosto bonito comover muito gente époco esperar lindo história oliver twist obra errar título intenção troca genuinamente ter ser falar obra Georges méliès ter ser genuíno 120 min filme entendiante claro Martin scorseser agrar gosto bu .. ... esperar perdi assistir diretor francês merecer louro trabalho histórico discutir ben Kingsley atuação agradável acompanhar obra inteiro
Ricardo L.,3,obra primo Martin Scorcese filme mostrar origem cinema pouco atuação ótimm ben Kingsley monstro sagrado cinema mundial sacha baron coen Ray Winstone jude law cristopher Lee Chloe grace moretz protagonista asa butterfild funcionar passar realidade á scorcese cobrar roteiro 1 ° qualidade filme indicar 11 óscar recordista ano ganhar 5 ser efeito visual fotografia edção som direção arte mixagem som super merecir poder levar roteiro adaptar direção gênio Martin invenção hugo cabret fazer grande diretor história cinema
Um visitante,1,-cansativo ... poder falar começo filme legal ... poder falar filme cansativo ... final.-estamos cansar filme saber história principalmente produção fraquinho
leodf29,1,cadastro comentar filme ruim recomendar ninguém gastar dinheiro assisti-lo totalmente acordo Felipe santano feliz comentário nome trailer filme imaginar ter viagem mundo imaginário ... ter váio efeito especial ........ saí cinema cansado arrepender recomendo pior filme chegar pessoa respeitar opinião cidadão paolo deixar cara opinião de ele gostar bastar expor opinião .... menino 4ª série pow
Pedro C.,1,filme merecer oscars pensar harry potter relíquia morte ii superior filme aspecto efeito visual ter oscar merecido categoria filme
Carlos Henrique S.,2,"ano contribuição cinema martin scorseser retratar tema importante adulto filme filme classificação levar eis dirigir invenção hugo cabret presente cinema carta amor cinéfilo filme parecer aventura familiar ficção científico tornar diretor consagrado martin scorseser dirigir maestria impressionante filme basear livro nome escrever Brian selznick trama abordar jovem órfão chamar hugo cabret viver relógio robo funcuonar chave garota conseguir chave embarca aventura confessar esperar aventura tradicional diretor diferenciar passar história cinema funcionar biografia documentário especificamente contar cinema criação irmão lumière 1895 george Méliès centena filme filme ficção científico viagem á lua 1902,tudo filme extremamente nostálgico avançar desenvolvimento tecnica cinematográfico incluir 3d scorseser utilizar fazer alusão aumento tecnologia filme indicar 11 categoria oscar merecidamente técnica impecável design produção espetacular fotografia lindo cinematografia uso tracking shots câmera panorâmico movimentação suave flutuante belo movimento horizontal realmente aular cinema montagem perfeito efeito visual especial bom figurino ambientação belíssimos nostálgico direção arte realmente fantástico trilha sonoro apaixonante elenco apesar jude law aproveitar destaque ben kingsley narrativa tocante chloë grace Morets asa butterfield      operante roteiro pecar ato dividir trama seguir paradeiro hugo continuar filmaço filme retrato perfeito cinema clássico carta amor cinéfilo"
c4rlc4st,2,técnica primor estilo scorseser mostrar sensível prova subverter encantar
Guilherme R.,2,morte pai incêndio hugo cabret asa butterfield morar estação tr tio algum falecer menino cabret passar morar sozinho estação herda função tio acertar relógio pai jude law hugo deixar autômato peça enigmático engenhoca mensagem pai menino empenhar consertar ela descobrir menino conhecer isabelle Chloe moretz tecer sensível amizade ficar explícito companheirismo solidariedade sentimento verdadeiro amizade garoto passar ajudá-lo reconstrução robô filme adaptação livro homônimo Brian selznick funde-se realidade contar história cinema mostrar irmão lumière verdadeiro precursor arte 1895 thoma edison pensar certo licença poético apresentar nós vida georges Méliès nome cinema conturbar georges Méliès ben Kinsley hugo responsável reconstrução vida diretor iluder infeliz “ propósito vida propósito acabar consertado ” chegar jovem cabret invenção Hugo cabret 2012 martin scorseser produção johnny depp – gente – ver homenagem precursor cinema passar estação trem    alusão filme produzir chegar trem estação irmão lumière apresentar história cheio conhecimento informação valioso contar nascimento cinema valer pena assistir filme
Thomas Jefferson,1,martin scorseser filme calmo cansativo 3d chegar avatar filme ficar drama envolvente efeito lir arrancar lagrima homenagem origem cinema
moreiraum,3,ver chamar pensar ir filme explorar magia sobrenatural esperamo s filme sucedir filme vida garoto órfão buscar resposta encontrar solução .merecidamente ganhar oscar fotografia filme lir olho exigente
Matheus S.,3,bom filme j ater assistir apresentar jeito inocente ser olhar criança umesmo estar época pós guerra mundo começar superar dor desastre mostrar jeito especial hugo inocência criança de ele adulto pessoa viver rotina feliz p chamar atenção jeito tratar mostrada certo cômico perceber principalmente causar ator cordialesanque pessoa dever ise tratar principal mensagem filme marcar frase hugo humanos maquina função representar personagem viver feliz função estaçãr pensar fincão mostrar aventura durante mostrar marcante nao precisar paixão personagem principal momento vario cena protagonisto maomcom inocência firmar elemento amizade entror menino menina chamar muito atenção jeito mostrar história cinema realmente magico jeito pessoa ter pequeno introdução perante acontecer genialmente construir pensar bom historia introduzir conteúdo pessoa aprendar hugo ensinar certo idéia apresentar história filme trar complementar perceber is elemento presente belo imagem filme juntamente musica tom harmonioso histório momento ser triste voce continuar sentimento melhor Paris belo fotografia estação passado principal cidade rua arte encontrar atuação fantástico penetrante olho azul butterfield ja esperar incrível atuação moretz personagem secundário escolher levemente cômico encaixar principalmente tom filme aler atuação christopher lee mostrar exatamente sentirer situação personagem ae expressar bom jeito dever .figurino perfeito cenário idem perceber vario ligação encaixandono coisa époco arte histór ser riquíssimo detalhe passar despercebir bom 3d filme ja ver profundidade algum social levemente sair tela mostrar nao exagero perfeição
Eduardo P.,1,filme homenagem cinema cinéfilo verdade curiosidader fato história cinema imagem lindo história inicial desculpa filme desenrolar belo homenagem
Júnior S.,3,filme doce vivaz inteligente cativante fato belo homenagem arte destaque inegável claro excepcional uso 3d . elenco dirigir roteiro absolutamente eficaz asa butterfield Chloe moretz perfeito personagem destaque martin scorseser presentear cinema durante década hugo representação dedicação
Neto S.,2,Paris ano 30 hugo cabret asa butterfield órfão viver esconder parede estação tr guardar com si robô quebrar deixado pai jude law dia fugir inspetor sacha baron cohen conhecer isabelle Chloe moretz jovem amizade hugo descobrir chave fecho coração exatamente tamanho fechadura existente robô robô volta funcionar levar dupla resolver mistério mágico fotografia lindo atuaçoes otimo historia invençao hugo cabret filme voce nao deixar ve nota 9.0
Ronaldo B.,1,esperar filme chato cinema assistir pensar chato filme indicar oscar filme chatir ... invenção Hugo cabret coisa indicar filme ano bom efeito 3d quase filme
Eder Luis Santana,1,engraçado expectativa criar torno obra influencer olhar mesmo ter ver trailer leitura crítico esperar hugo cabret ser aventura de aquele tirar fôlego estilo harry potter fizesse naturalmente surgir desejor série luto fuga buscar tesouro precioso engano verdade filme aventura aventura pacato fotografia sensacional representação histórico agrar filme apaixonar história perceber pré-concepção filme cair terra lir modo história cinema tratar emplacar obra caráter aventura educacional confesso determinar cena questionei talento jovem protagonista asa butterfield grave talento obra aliás martin scorseser dispensar comentário puro talento
jrcampos,3,excelente percar comedia engraçar Paulo    Gustavo ótimo Monica Martelli atuar quarentona fechar comércio mostrar biauine
Sidney  M.,1,diferente filme scorseser costumar realizar bom película filme
RASEC,1,fotografia 100      filme    cansativo chato      perder completamente vc pensar      completamente diferente    recomendar .........
Luiza G.,1,esperar história filme comprar ter muito esperança decepcionar história péssimo deixar desejar elenco
Álvaro José S.,2,filme surpreendente contar história revolucionário cinema poético
Dienifer S,2,filme belo efeito visual exagero efeito 3d coisa simples neve cair folha desenho voar acreditar simplicidade filme certo encanto personagem modo adorável história criativo cheio elemento invençãor hugo cabret filme enchar olho
Josimar M.,2,belíssimo homenagem cinema filme tocante estilo diferente
cinetenisverde,1,hugo filme 3d mestre scorseser bom companheiro táxi driver caso – preciso – uso tecnologia totalmente justificar abordar história gir torno cinema primórdio ideia “ separar ” criação filme antigo filme criar exercício metalinguístico admirável aventura extremamente emocionante uso tecnologia aplicar competência diferir filme anterior principalmente velho foco avatar 3d “ verdade ” james cameron aplicar foco maneira binário personagem esquecer estar cenário profundidade campo variável hugo ocorrer perda gradual foco fundo ficar pouco “ embaçar ” ser simulação olhos funcionar ambiente mundo real uso engrenagem cenário interno longo corredor conseguir ajudar ambientar profundidade campor facilmente recurso ser repetir exaustão importante situar universo protagonista cenário “ externo ” sofrer limitação tecnologia plano aéreo objeto pareçar maquete espírito fabuloso narrativa encaixar se perfeitamente
Luis R.,1,fraco!!!!!!!a trama filme desinteressante maçante ritmo tedioso excelente interpretação salr filme
felipinho,2,praticamente perfeito acelerar adiantar mistério crescer gradativamente incluir mélies história acontecer vejor coração scorseser presente engrandecer amor arte ”    nota 9.0
wesleyaxe,3,aventura cinema encantador estória mágico puro levar sutileza nostalgia mundo cinema mundo sonho felicidade exigir muito pra existir lindo fotografia atuação divertido adorei
danilo s,2,belo homenagem cinema mestre cinema scorcese dirigir belo filme história tocante
Fê Sanches,2,filme belíssimo sentir história bonito cenário fotografia perfeito legal tb fato inserir sensacional história cinema filme contar pouco contar trilha sonoro utilizar uso 3d bom efeito ficar sensação realmente valer ingresso
Andrei Andrade,3,simplesmente espetacular mestre aprovar sutl mudança discordar
Carlos C.,3,bom filme humor terror dimensionar ator excelente especialmente jovem loser autêntico obra primo medo
Mario F.,3,verdadeiro obra primo medo filme terror clássico historia envolvente prender começo
Um visitante,1,apele dever explícito acertar quase resto belo conto amizade diverte constrói personagem relação estabelecer associação monstro humanos momento tenso pennywise assustador apelo nostálgico fracamente anunciar ficar terceiríssimo plano filme horror controlar fórmula resumir susto motivação tola personagem punhar pretexto criativo curiosamente humor trunfo obra valer revisitar gênero suspense infanto-juvenil
Rodrigo O.,3,obra primo incrível diretor conciliar filme terror bom dose comédia perder nenhum minuto foco filme geração ator mirins dar show interpretação adulto hollywood cena terror incrivelmente realista assustadora enredo capaz prender início excelente filme
Janaína R.,3,"vc filme sangue diálogo inacabar sentido conteúdo ir cinema vc identificar amizade seção nostalgio infâncer pré-adolescência risada susto medo interior receio clube perdedor "" filme construir bom diálogo terror psicológico muito criatividade époco filme    insistir    ator talentoso mt imaginação trilho sonoro qualidade rock ano 80 the cure valer pena it filme inteligente dose humor simpatia empatia mt companheirismo medir exagero 2:15 filme cumprir papel obra primo medo vir capítulo 2 
  spoiler"
Wellton O.,3,terror drama suspense aventura comédia toque romance dose certo incrível
Paulo V.,3,it surgir eu certo receio achar facilmente poder desapontar decidir ler crítico algum assistir fiz filme lembrar série stranger things'(inclusir ator série gosto enredo curto pegada adolescente envolver confusão algum levar crer filme infantil ... fantasminha ... definitivamente filme cercar drama familiar pesadíssimo de aquele incomodar existir precisar falar bullying pedofilia relatar quase pesado marcante criatura aparição impecável aliás palhaço moda mencionar único entrar detalhe palhaço conseguir prender filme deixar tenso deixar medo assustar cena garoto descer porão casa lembrar cena tenso terror ver vida ambientação frase interpretação ator saí cinema impressão demorar filme recente superar valer ingresso dúvida dificilmente haver thriller cinema dia atual
Vitor M.,2,"recomendadíssimo ter cabeça pra monte cena grotesco perturbadora spoiler simplesmente acontecer georgie garotinho encontrar palhaço bueiro comecinho filme leia achar vale pra preparar caso vc ter ver 
  spoiler 
  garotinho braço decepar espirrar sangue desesperar medo morrer morrer 
   contar cena recomer atuação simplesmente fenomenal interpretar protagonista 18 ano finn Wolfhard Richie tozier surpresa vir stranger things resto surpresa total hollywood realmente melhorar encontrar bom ator pequeno idade vidar ator ir citar pra perder foco bill skarsgard pennywise simplesmente perturbador assustador Superior tim Curry momento ficar engraçado empático ficar alternar medo raiva de ele falar raiva ... henry bowers odiar umbridger harry potter q voldemort ser má pessoal quase umbridge vida sentir vilania de ela voldemortr caso henry raiva sentir de ele superior á pennywise dar 
  spoiler 
  brecha bullying Bill causar irmão morrer de ele 
   sentir certo sensação tããão ruim horrível poder mau sensação acabar decorrer filme pra eu 
  spoiler 
  tentar matar ben acabar completamente sensação psicopato aparentemente morrer gritar tomaaaa 
  filme cena marcante bill 
  spoiler 
  entrar casa abandonar pennywise fácil pra entrar próprio casa lembrar irmãozinho de ele 
   beverly 
  spoiler 
  matar pai pra defender de ele garotinha 
  amei 
  spoiler 
  atacar pennywise pra resgatar beverly conseguir palhaço ficar medo de eles percebi medo pennywise pensar sentir outro moeda otário 
   favoritar filme inteiro mesmo cena bill 
  spoiler 
  matar beverly medo ninguém medar gente 
   amei cena exatamente falarer situação crédito pra eu pro diretor pro ator jaeden lieberher vc sentir ator líder nato bill q atuação finn Wolfhard hilário apesar 95 piada de ele ser sujo relacionar á sexo pessoalmente pessoa certinha gostar de ele jack dylan grazer rir causo personalidade hipocondríaco excelentemente interpretar jeremy Ray taylor cômico Fofo ben fofo pançudinho personalidade de ele fofo sinto garotinha escrever verdade chosen jacobs Mike ótimo apesar personagem ser ver sophia lilli beverly simplesmente fantástico olhos querer demonstrar emoção acabar demonstrar personagem forte complexo dirigida interpretar recomendar ter coração estômago tímpano resistente barulhento valer"
Jorge F.,1,decepção 2017 haver ver filme qualidade trailers imaginar ótimo filme ótima história ótimo susto filme longo chato exaustivo filme terror personagem besteira problema besteira filme desenvolver susto sequer história chato muito coisa nexo tiver dar estrela algum
Rodrigo Gomes,2,bom susto ótimo interpretação caracterização excelente obra king graçar trabalhar próprio medo toque divertir muito tensão ficar
Vanessa V.,3,simplesmente bom filme terror assisti apesar ar extremamente similar stranger things filme superar expectativa fiquei grudado cadeira
Igor F.,1,sinceramente filme decepção assisti informar mundo falar resolver assistir decepção filme iniciar percebi ir merda falso impressão filme realmente lixo filme assustador criança 10/12 ano pessoa idade superior ver graça cena passar filme susto algum assistir filme intenção levar susto algum terror acabar encontrar filme comédia morte tosco palhaço medo ninguém palhaço década 90 assustador sinceramente lista piores filme assister eu hoje caso estar imaginar encontrar filme terror inúmero susto descartir possibilidade pretendendo assistir filme comédia ótimo escolha
Ailton G.,1,filme porcar enredo nexo filme terror recomendar puro perda
Will V,1,filme bosta alguem achar filme ruim de esse    filme unico cena comecinho garoto olhar bueiro ve palhaço resto comedia adolescente criança chato nao sustinho sequer pessimo filme marketing qualidade
John V.,1,tedioli blog assustador classico    exorcista assistir eis deparo filme adolecente    infanto juvenil Especie goonies Fred Gruguer assustar criancinha filme historia vazio previsivel cena obvio suspense texto qualidade enfim péssimo tedioso filme
Rafaetati D.,1,problema filme cumprir expectativa terror nenhum filme sentir medo dei risada dar nota 3.5 filme ser classificar aventura.me lembrar gonnies stranger things pessoa gargalhar durante filme terror ...
Lucas Dacal F.,3,filme empolgante dar muito risada aterrorizei chor resumir bom filme vida
Ontem I.,1,filme inclassificável lixo elogio estória nexo puro marketing espantar nota de ele site filme .. classificado nota grande
Anderson  G.,2,mistura contar comigo s. king goonies atrelar exploração medo it- filme inspirar obra literário stephen king propor vario coisa filme terror suspense aventura comedia romance conseguir maneira convincente elaborar alem tocar tema abuso amizade medo puberdade etc. roteiro trabalhar direor andy Muschietti desenvolver 7 protagonista trabalhar aprofundar roteiro desenvolver personalidade diálogo interação convivência familiar alem jovem angustia presente angustia desenvolver medo diferente livro king sobrenatural demorar aparecer impacto cena ficar levar vai-se construir terror hibrido capaz telespectador gritar cena gargalhar filme tocar aprofunda pouco explorar solidão perda protecionismo Puberdade vida adulto responsabilidade auto-confianço 7 temor 7 protagonista precisar quebrar medo crescer pennywise personificação medo metaforicamente rito passagem criança maneira literal visceral sub-plots tratar enfoque abuso de eles ter pennywises casa matar palhaço preciso livrar atormentar lar abuso tratar sexual autoridade filme técnica principal destaque mixagem edição som elemento ótimo alem retratação ano 80 fotografia quase clara uso trilha filme saber seguir uso musica pra compor susto corte seco linearidade diretor camera principalmente foco pennywiser olhar dividir personagem telespectador tecnica deixar ritmo gostoso bill skarsgård incrível pennywise sorriso contir passar sensação puro pleno    horror alem olhar dividir parede bill realmente completamente entregar papel criança elenco destaque finn Wolfhard demonstrar novamente ator alem belo alivio cômico andy muschietti diretor trabalho dirigir longo fraco mama diretor mandar adapta certo veemência qualidade obra mestre stephen king fácil it- charme carisma assustar diverte filme cheiro gosto sabor stephen king cinema maturar filme terror igual it diferente ter problema ato repetição susto desnecessário ótimo filme completo
Rodiney,1,decepcionante filme diverte público adolescente encheu sala cinema gritar dissimular susto roteiro seguir modelo goonies comédia juvenis norte-americano classificação etário 16 ano passar certo esperança tratar filme roteiro forte cena impactante preciso classificação etário ser corriger 10 ano
Felipe F.,2,it simplesmente bom filme terror fazer longo assustar dose humor hora certo trabalhar drama atuação jovem ator incrível história trabalhar excelente
jqueirozlfilho,1,péssimo mau último    filme    vistos ficar decepção ..    recomendar      melhor      outro
Nelson J,1,remake caprichar efeito mesmo força original criança desaparecer pacata cidade descobrir ligação tragédia passado periodicidade criança apuro
Yanko Rodrigues,1,filme terror suspense humor filme história
Savio R.,1,espectativa comentário filme horrível susto patético palhaço deixar desejar filme terror
pelandaboy,1,pavoroso ruim patético estúpir nojento perca lixo conteúdo palhaçar vilão
Larissa L.,1,filme horrível decepcionar poltergeist atividade paranormal 5 chatear filme terror ...
Bruninha23,1,assisti filme terror tao ridiculo péssimo filme dinheiro jogar lixo ridículo ... ter dinheiro voltar apagar memoria td assisti fazer msm
Igor S,2,filme suspense esperar terror enganar stephen king trabalhar horror sobrenatural filme trazer romance humor claro suspender trabalhar filme tornar massivo diálogo trabalhar enfim ótimo filme suspense
Danillo R.,3,excelente roteiro afim assistir ficar ciente terror comédia valer pena bom obra stephen king
Brunãozinho,3,"bom filme terror assisti 
  spoiler 

  particularmente adorar filme decente morr ..."
Gabriel C.,3,bom roteiro aliar construção personagem fazer filme introduz novamente universo it Cinemas filme cumprir necessidade surpreender ser bom gênero preocupar causa medo causar pesadelo ...
Ricardo M.,2,mestre horror literário stephen edwin king possuir acervo obra adaptar largo escala cinema puramente comercial questionável basear livro descartável entanto memorável livro escritor americano chamar se it simples contrapartida possuir história perturbador digno nota adaptação cinemas trazer produção fantástico diversos aspecto começar enredo história it desenvolver pequeno cidade derry maine historicamente sumiço quantidade pessoa especialmente criança coincidência caber 6 garoto garota responsabilidade investigar fundo problema levar desaparecimento morador cidade empreitar levar acompanhar eles descoberta incluir apetite soberbo vilão pennywise Bill skarsgård medo elemento possuir fundamento psicológico amarrar narrativa podridão subversivo existir acabar deixar margem sustento estético história filme comandar cineasta andy muschietti brilhante diverso elemento técnico maquiagem soberba assustador pennywise fotografiar muito explora ambiente exagerar detalhe ser entregar espectador obra terror haver momento violência ser design som adaptar tensão viver personagem vontade crescente vilão atormentar fraco elenco afinar destaque evidente jovem skarsgård conceder filme terror primo violência susto gratuito desenvolver fortemente história esquivo falar elemento delicar estupro agressão infantil bullying servir força diferencial película justificar sucesso comercial obra possuir forte enredo compilar notório exemplar arte
Douglas B.,1,previsível forçar ator mirins fraco roteiro bobo ... cumprir q dever filme terror susto forçar clichê perdi ver pagar
Sandro M.,1,lixo assisti filme    terror malfeito      violência gratuito cena bullying racismo quase levantei    acompanhar recomendo ninguém haver aproveitar carrinho    trem fantasma aparecer monstro gente gritinho trem fantasma assustador crianca filme    cópia graça goonies lixo
Matheus O.,1,lixo filme terror it comédia muito pessoa sair filme ruim terror comédia morte sangue
Andre E,1,pessimo filme terror terror nao combinar comedia filme nao dever caracterizar terror piores ja ver ...
Um visitante,3,incrível filme favorito personagem interessante elenco perfeito produção incrível conseguir assustadora engraçado recomer
Igor San,2,bom filme suspense horror it assustador medida certo abusa recurso causar desconforto espectador forçar restar esperar capítulo 2
Mateus S.,2,gravidade trazer Sandra Bullock protagonista acompanhar George clooney perceptível trailer sinopse roteiro complicado ver contrário simples funcionar roteiro filme adicionar elenco maravilhoso efeito especial        3d simplesmente indispensável filme lir termo estético momento ação filmar fazer maneira lógico filme passar espaço err filme dirigir veterano alfonso cuarón escrever filho jona cuarón        Sandra Bullock interpretar ryan stone especialista missão atuar maravilhosamente esperar atriz destaque george clooney interpretar matt Kowalski personagem utilizar alívio cômico funcionar super        aspecto merecer destaque filme direção Alfonso cuarón cena funcionar maravilhoso efeito especial quase filme fazer momento tensão agonia praticamente quase funcionar incrivelmente maneira permitir telespectador piscar mexer prender completamente filme maneira incrível principalmente imaginar haver o2 haver som haver ninguém poder filme ryan stone Sandra Bullock enfrentar haver mau espaço solidão       gravidade mostrar 3d capaz filme qualidade necessidade roteiro exagerar completamente ficção contanto ser fazer exatamente
Thalita Uba,2,fico medo pessoa falar filme ir cinema cheio expectativa acabo frustrar ver gravidade escolher bom filme ano ninguém quentin tarantino ferrou pensar “ pronto ir achar porcaria ” ninguém enganar ser resumir filme palavra ser tenso impressionante impressionante visual extraordinário – esperar filme envolvar viagem espacial – cuidado detalhe direção arte absolutamente fantástico interpretação clooney Sandra Bullock especialmente de ela – pra eu ter imagem miss simpatia cabeça belo surpresa impecável tenso trama ritmo narrativo intenso plot point outro dar espectador recuperar susto anterior diálogo pouco interessante conferir pitar perfeito inteligência roteiro simples – sinal reclamação cinéfilo crítico chato roteiro supercomplexo elaborar poder render filme sério poupem assistir Woody allen).um precisar ficar claro gravidade filme drama ficção científico esperar tratar meramente missão nasa espaço consertar telescópio quebrar lutar sobrevivente desastre manter calmo conseguir ambiente completamente desfavorável existência humano virar jeito voltar pra casa trunfo filme conseguir pano fundo magnífico ficção científico proporcionar baita drama histór ter elemento gênero mesclar funcionar ter graça cuarón conseguir criar efeito paradoxal sensacional obra sensação claustrofobia ambiente amplo existir – universo troço mínimo interessante cereja bolo sacar cara voz base houston orientar astronauta ninguém ed harris principal figura clássico sci-fi apollo 13 idéia gênio?com bom escolha elenco trabalho primoroso pessoal efeito especial direção firme certeiro alfonso cuarón gravidade drama-ficção surpreender valer pena assistir 3d preferência – falar visual maravilhoso enchar olho belo planeta mostrar alto belezuro
Um visitante,3,obra mistura contemplação belezo Adrenalina virtuosismo técnico espetacular alcançar ser lembrar água t(t)erro celebração homem contraponto imensidão universo plano resumir conceito mero 90 minuto pequeno filme 10 10
Harisson G.,2,filme realmente impressionante efeito visual bom atuação perfeito achei inovador fiel proposta alguém ficar derivo espaço praticamente existir único personagem central    ryan Stone Sandra Bullock realmente intrigar pessoa atento possível enigma deixar filme imagem pensar desnecessário realmente deixar obra elaborar único crítica negativo desnecessário piada george clooney filme
Ismael I.,3,sacanagem estrelas avaliação filme
Um visitante,1,"comentário gravidade extremamente fácil voltar lembrar filme fazer sucesso planeta saber gravidade destacar visualmente falar filme iniciar prever espaço).onde conhecer personagem principal trama Matt george clooney),e ryan Sandra bullock).que passear trabalhar paisagem fundo deslumbrante tar bom!tudo destacante gravidade histório contar muito falha visível roteiro tentar impressionar efeito último qualidade,(principalmente 3d),mas esquecer formar história movimentar aproveitar dinâmico personagem ficar tentativa formar herói espaço caso clooney Sandra Bullock mostrar carregar filme costa atuação belo simples esforça conseguir mostrar poder trabalhar sozinho trama dividir beleza lindo fotografia filme agrar tremenda realidade Alfonso cúaron desaprimorar certo"
Samuel L.,3,incrível bom definição filme publicar criticas filme merecer minuto redigir roteiro amarrar levar filme efeito especial espetacular fidelidade científico vida espaço edição audio devir proporção sentimento cena filme ritmo crescente atuação digno óscar Sandra Bullock ótimm direção Alfonso cuarón bom filme ano humilde opnião
Mauricio J.,3,filme comentar positivamente crítico ficar pulga atr orelha medo decepcionar entrar sessão filme dinheiro gastar valha conteúdo fiquei impressão entrar sala cinema filme filme surpreender esperar filme épico tempo bom ano gravidade simples objetivo mostrar mundo corpo humano sensível diretor filme afonso cuarón saber mostrar humano diferente mostrar mundo perfeito frágel belo visão espaço diretamente terra poder beleza cerca casa perigo astronauta mundo sofrer embarcar viagem espaço gravidade ótimo escolha elenco apesar compor ator ser de ele voz filme Sandra Bullock bom trabalho ano atuação dar vida dr. ryan stone atuação merecer opinião oscar bom atriz ano caso acontecer enviarei carta academio oscar xingar barbaridade de esse george clooney participar metade filme excelente atuação achar oscar estar torcida filme direção maravilhoso afonso cuarón bom trabalho filme carreira deixar desejar nenhum conseguir superar antigo bom trabalho harry potter prisioneiro azkaban apostar oscar referente direção trilho sonoro filme maravilhoso conseguir deixar publico coração bocar deixar filme perfeito pensar coração bater rápido trilha sonoro bater recorde batimento coração gravidade conseguir excelente filme conseguir entrar historia cinema ver filme suspense ficção perfeito concordar comigo apostar oscar 2014 gravidade achar chance titanic referente quantidade estatueta preter filme novamente filme cinema gravidade exceção
Elias N.,3,filme espetacular efeito impressionante espaço igualzinho filme Sandra Bullock papel digna oscar contar pequeno participação george cloneyr importante filme dirigir fotografia 3d impecável recomendar ...
Luiz Henrique d.,1,ótimo efeito visual história fraco chato meia hora dar sono aborrecimento mesmo coisa carisma Sandra Bullock salvar filme piadinha personagem george clooney desnecessário barulho filme meia boca queimar língua único indicação oscar efeito visual filme realmente fantástico filme comum
Anthony,3,filme começar imagem tirar fôlego terra mostrar quão belo ser filme surgir personagem ah esquecer som incrivelmente alto insurdecedor surgir aparecer título filme realmente filme possuir qualidade som ver destaque atuação Sandra Bullock conseguir expressiva começo falar efeito especial filme incrível belíssimo realismo conquistar 3d filme excepicional profundidade pop-up filme fazer merecer várias estatueta oscar
Rodrigo O.,3,impressionante realidade ceno histór realmente prender início diálogo realista detalhe impressionante Sandra Bulock atuar perfeitamente cloney mesmo bom filme ano
Thomas Jefferson,3,fisicamente frustrar atentamente descompreer nero fato equivocar crítico tolo opinião gravidade simples filme encorajador sufocante filme esplender triunfante conter simples elemento pessoo atento oportunidade enxergar claro alfonso cuarón filme poder gozar ficar boquiaberto magnifico obra arte obra cinematográfico altissimamente deslumbrante apresentar olho visual incrível ter respirar ficar sufocado percurso agoniante ryan stone Sandra Bullock enfrentar pra sobreviver fazer minuto passar oxigênio ir acabar tornar respiração limitar claro trilha sonoro encorajadora pra respirar lentamente último minuto filme ser perfeito conter defeito gravidade conversão 3d medíocre espetáculo olhos 3d destroço perder espaço diginar oscar filme elemento filme dever
Phelipe V.,3,gravidade simples filme pra acontecimento hype torno vir produção alfonso cuarón último ano intensificar último fazer certo james cameron dizer cuarón ter mente frente tecnologia atual poder conceber pra correto afirmação diretor filho Esperança tecnicamente quase infilmável inacreditável resultado ter sair efeito especial edição som incrível passar montagem trilha-sonora filme triunfa confrontar personagem situação perigo iminente vida risco genial entretanto direção Alfonso cuarón cara bom planos-sequência atualidade simplesmente superar sequência inicial longo longo minuto ininterrupto corte explícito finalmente fazer desbunde visual aspecto técnico ser manter imersão universo literal gravidade constante filme diretor definitivamente incrível atriz mediano atuação conceder oscars absurdo último ano si entregar atuação Sandra Bullock atingir nível interpretativo exigir ryan stone conseguir segurar filme praticamente sozinho haver cena específico ápice dramático roteiro Bullock elevar se status atriz finalmente tornar atriz oscarizável dúvida atuação vida.[podem haver spoilers]durante filme existir certo rigor rechear filme ação reação cena protagonista colocar limite vida lutar mão surpreender assistir durante primeiro ato filme comprometir jornada personagem outro elevar experiência cinematográfico ato filme justificar vir conflito existencial personagem colocar cheque finalmente cena ryan imaginar matt conseguir pensar saída pra situação limite viver parecer preguiçoso pra surpreender positivamente sentido desenvolvimento narrativo mulher afinal sozinho espaço vagar rumo próprio mente apoiar forçar Alfonso jona cuarón introduzir falar com si mesmo pensar voz alto história tornar epifanio personagem cenar contato cães bebê memória filha morto aceitação morte bonito humor filme legal sentido cena ryan explicar origem nome divertido arrancar sorriso facilmente plateer apesar associação gravidade 2001 odissear espaço pipocar filme ver ter discordar filme cuarón vida viver sobreviver chegar complexidade existencial obra-prima 1968 diminuir filme diferente proposta diferentes impossível deixar notar referência visual e/ou textual Kubrickianas diretor criador sci-fi pós-2001 incorporar óbvio ser caneta flutuar torno personagem bullock durante várias cena longo b belíssimo cena astronauto ter reaprender andar metáfora legal descontrole próprio movimento ser-humano espaço c homem x máquina controle inesperado virar gravidade ryan conseguir surpreendentemente pousar terra gratificante controverso implicar filme esperar ser mostrar longo algum cena bonito trilha-sonora pontual câmera enfocar personagem pra dar nítido impressão apoteótico fato filme momento desenvolvimento personagem chegar estudá-la propriamente dizer tentar fugir blockbuster importar sobrar gosto espetáculo visual imenso maravilhoso redefinar cinema marcar pra experiência cinematográfico possível ser sentir cinema atual cuarón precisar oscar prêmio pra mostrar quão fodar oscar contrário dever agradecer chance premiar diretor conceber obra ser fazer justiça
Marcos A.,3,bom filme ano bom filme ficção científico último ano puder assistir imax 3d assista sensacional
Um visitante,2,experiência incrível visão plausível espetacular espaço astronauta gir torno terra gravidade gir torno Sandra Bullock lutar sobrevivência personagem atriz vencedor oscar mostrar ótimo física profissionalmente lembrar Sigourney Weaver filme alienr 1979 conseguir atuação satisfatório digno indicação ano deixar comentar george clooneyr diálogo contrastar tensão filme impacto marginalmente negativo descartável gravidade considerar obra-prima imediato forte chance tornar filme cult de aqui 10 15 ano começo série incrível produção cinematográfico jamais visto sentir seres humano
tiago M.,3,filme simplesmente perfeito merecer oscar bom filme atriz Sandra Bullock
Douglas D.,1,filme xd valer pena histório fantástico d+ pra gosto    bom ator efeito visual tornar programa agradável luta sobrevivência emocional associar direto gosto
Jhonathan C.,1,apesar crítica abraçar filme achar falar elenco sair afinal estar falar Sandra Bullock George clooney magnífico ator filme começar chegar empolgar 20 minuto ficar vago especial perspectiva dar pra agradar simplesmente paisagem planeta terra universo lembrar poder detalhar acontecer seguir gostar filme
Ana Paula S.,1,único filme atuação Sandra b. filme chato hora meia puro tédio recomendar ...
Daniel J.,1,gostar filme achei filme fraco conteúdo simplesmente urss explode satélite motivo sair explodir ... pessoa sobreviver péssimo filme
luizmdmf,1,bom efeito especial história desinteressante previsível
Maria Cecilia B.,1,gente elogir filme achar sofrível
Fernando Sampaio,2,filme apesar obra ficção científico apresentar entrelinha roteiro pouco fala drama qualidade suscitar reflexão existêncio tocar questão importante vida perda ente querer Solidão Esperança ... gostar filme aspecto incluir efeito especial especificamente desempenho Sandra Bullock ser indicar oscar 2014 chance levar estatueto casa merecer estatueta ver sonho indicação ter ser tamanho
Inês D.,1,tentar entender pq crítico elogiar filme efeito especial salvar história piegas inverossímil previsível decepcionante
Jedison,1,entendi vangloriar filme 3d cheio informação quase perceber efeito script ruim pra começar naso agência espacial rígir fazer bombardeio teste astronauta fácil passar entrar mulher traumatizar morte filha passar navegação simulador nave burra lerdo gostar espaço(porque astronauta fama dinheiro gravidade seguro corda resistente paraquedas nasa puxar george clooneyr facilmente arranque de ele falar baboseira acabar filme né escrever script provar criatividade difícil gostar pregar
Alessandro V,1,filme tenebroso horrível diálogo sono pingo criatividade filme espaço 2 ator amargar mau experiência ano disparado monótono previsível conseguir retirar público empatia requerer exercício acreditar impossível em aquele situação ocorrer espaço pessoal joguar dinheiro cilar agressão inteligência humano ficção fantasio puro enfim dar nota 1 paciência ver filme nota
Um visitante,2,obra mistura contemplação belezo Adrenalina virtuosismo técnico espetacular alcançar ser lembrar água t(t)erro celebração homem contraponto imensidão universo plano resumir conceito mero 90 minuto pequeno filme
Kamila A.,2,motivação levar homem aventurar espaço claro pesquisa científico visar desvendar vastidão universo dúvida algum curiosidade torno seguinte existir algum vida planeta rodeiar terra crédito inicial “ gravidade ” filme dirigir co-escrito alfonso cuarón responder pergunta quase imediato devido enorme variação temperatura espaço sideral acreditar quase impossível levar vida espaço dra ryan Stone Sandra Bullock tenente matt kowalsky george clooney shariff phaldut sharmar ir sentir literalmente pele tripulante missão espacial enviar Estados Unidos operação rotina envolver conserto estação espacial manter órbita planeta terra completamente trivial transformar evento catastrófico destroço estação espacial comandar russo virar arma letal destroi nave espacial de eles deixar remoto chance retornar vida casa literalmente perdir vastidão espaço personagem opção entregam sentimento total impotência situação enfrentar coragem força desconhecer tentar milagre voltar planeta terra ser resgatar acompanhar dilema interessante roteiro curto linguagem ágil completamente direto escrever alfonso cuarón jonás cuarón dupla roteirista saber elemento filme ser fatal silêncio restrição situação narrativo premissar principal longo ocasionar “ gravidade ” filme aproveitar aspecto técnico – construção espaço ambiente personagem confinar fazer trilha sonoro compor Steven price contribuir manutenção clima tenso permeiar filme entretanto alfonso cuarón transformar “ gravidade ” belíssimo longo aspecto fundamental câmera conseguir poesia visual espaço maneira confinar personagem ótimo direção ator george clooney quebra clima tenso filme verborrágico matt kowalsky Sandra Bullock soberba ryan stone representar gesto olhar monólogo literalmente solitário desespero alguém ver jogada completamente desconhecer decidir lutar
Marcio S.,3,consideror carreira cineasta alfonso cuarón suceder filme mãe cuarón chamar atenção gravidade trabalhar 3d maneira inteligente realizar filme bonito tenso cinema transformar extensão espaço        astronauta americano missão rotineira espaço sideral dentre Matt kowalsky george clooney último missão carreira doutora ryan Stone Sandra Bullock executar trabalho avisar russo explodir satélite de ele provocar onda detrito satélite minuto avisar parte satélite rapidamente dirigir direção de eles ser atingir saír rápido de ali        filme espaço voltar luz cinema apagar filme começar participar missão passar momento tensão junto personagem sala escuro passar extensão espaço cuarón explora opinião 3d . maneira conseguir visão profundidade perfeito enxergar terra fe ossemos de eles filme tenso início cuarón escrever roteiro junto jonás cuarón personagem clooney fonte descontração Bullock desenvolver interpretação considerar atuação acima esperar de ela excepcional oscar        diretor acertar som diegético espaço som propaga aumentar tensão som diegético usar poder filme explorar estar junto protagonista imensidão silêncio lutar sobreviver haver imagem lindo tecnologia diretor elaborar metáfora mostrar desenvolvimento interior dr. stone passar durante filme interessante drama doutora vida gravidade provocar acontecimento vida de ela provocar outro explora câmera subjetivo câmera passar olho dr. stone tensão aumentar       filme excelente cuarón explorar tecnologia modo viverr protagonista compartilhar tensão descontração personagem
Mauricio T.,1,esperar filme bom filme ano ... filme naufrago filme ator achei fraco
Gabriel M.,1,mente filme avaliar crítico importante pessoa assistir opinião historia filme apresente surpreender achar roteiro batido levar crer simplesmente opinião filme simplesmente reconhecer efeito atuação ator consagrar
Jeferson C.,2,gravidade postar twitter vê-lo belo filme drama sobrevivência dra stone interpretar Sandra Bullock incrivelmente científico simultaneamente humano cenário espacial paisagem terra isolador diferente roteiro americano pessoa    ficar preso exilar esconder desaparecir corte cena mostrar alguém procurar gravidade distante nenhum noventa minuto longo equipe terro desesperar ajudar protagonista mostrar isolamento respiro quadro família governo assistir perceber sentir aspecto técnico cenário impecável direção afonso cuarón genial trilha efeito direção arte preciso atuação gravidade Sandra falar filme diferente belo tecnicamente digno premiação drama simples universo literalmente complexo
Graça L.,1,achar filme idiota exceto efeito especial estar acostumado astro filme chamariz caça Níqueis some cara participar vexame    Bullock mostrar corpaço 50 de ela enredo prá fraco ver cience fiction dúzia bom enfim mercado outro lucro
Junior E.,1,assistir gravidade levar garrafa café certo filme efeito grafico igual suspense certos altamente enfadonho    y
Pablo M.,1,conseguir entender criticar dar enfase filme roteiro fraco acontecimento surreal diálogo longo monótono pouco cena ação realmente surpreender efeito especial realmente incrível filme si completo fraco
Diego B.,1,hoje assistir filme cinema imax 3d afirmar mau experiência    vida magnífico sala imax salvar filme resumo filme brincar ): 2 ator filme inteiro ator 2 ii two ator atuar metade câmera bêbado filme inteiro câmera ficar rodar achar efeito especial prepare pra ler história inteira demorar lave pena gastar dinheiro filme acidente espaço mulher flutuar 90min the end história achar mentir pagar pra responder crítico opinião único salvar ida cinema trailer the hobbit
Sidney  M.,2,gravidade muito referência humanidade origem vida nascimento dar primeiro passo falar ensinar dia dia ir dirigir empurrar vida barriga    ir agir negócio acontecer impressão tirar gravidade    procurar muito ação barulhos    decepcione filme humano poder muito silêncio tomar conta destaque produção efeito visual
Nane C.,1,putz oh massada filme hein estímulo nenhum pra continuar assistir indicar oscar babação atriz ai
Nelson S.,1,unico gravidade considerar filme quantidade inconsistencio totalmente exagerar aparecer durante hora torturo demor .... assistar tv passar madrugada estiver insonia
Um visitante,3,ter mesmo força antecessor mudar rumo estúdio apesar longa divertido investir bom personagem histório profundidade treinar dragão 2 extremante feliz abordagem contentar refilmagem original trazer personagem novos(a introdução mãe soluço particularmente cativante abordar tema maduro inteligente esquecer mensagem amor especialmente tolerância fazer verdadeiro obra arte animação resgatar oque dar certo original mostrar personalidade trato personagens(a mudança tom soluço brusco julgo necessário andamento histório dar pra nerd indie filme pra né gente ... estético visual longo conversa perfeitamente enredo adotar tom sombrio hospitaleiro especialmente divertido mistura idade média(presente veste armadur personagem condensado enredo embalar referência mítico cultura nórdico belo cativante envolvente treinar dragão 2 continuação raro continuação franquio animado recente jus excelência original
Thalita Uba,2,filme claro lir verdadeiro desbunde visual ficar intenso batalha feroz haver personagem importante desafio difícel dragão grande roteiro elaborar trazer historinha fofinho menino dragão estimação mostrar instintivo animal fraqueza humano momento triste garantar pessoa derramar lágrima cinema suma histór si interessante efeito sonoro visual criar clima expectativa fascinação perfeito gente sentir certo de aquilo bom
Camila O.,3,filme incrível perfeito continuação fã série filme livro apaixonar
Bruno M.,3,fantástico treinar dragão 2    tornar .. evolução personagem chamar atenção comparação filme bom sequência fazer dreamworks confesso filme animação cinema gênero atrair curiosidade acabar ir    animação arrependi fazer escolha bom animação ver vida ver criticar adorar cinema achei exagero ver filme acabar concordar criticar ... enfim filme emocionante inteligente ótimo cena batalha dragão possuir visual deslumbrante épico arrepiar ir novamente valer ingresso filme excelente recomendo criança adulto principalmente
Luiz Pablo M.,3,pequeno caixa bom exemplo tirar sorriso lágrima realmente emocionante indico
Gabriel A.,3,gostar filme bom animação ano
Digho A.,3,treinar dragão 2simplesmente espetacular filme crescer minuto banguelo dragão Soluço emocionar filme chorar pai filho muitas emoção reencontro pitar realidade conto far coisa feliz ser animação movimento quase real detalhe corpo humano conseguir olhar expressão incrivelmente perfeito bom episódio banguelo cair graças público tornar peça fundamental filme realmente dou nota 10
Phelipe V.,2,meia hora filme criativo conseguir introduzir personagem principal singela bonito cena soluço tentar conseguir confiança banguelo emocional poético ação ir encontro gente esperar fazer oposto conquistar atenção espectador conquista filme abdicar especifico qualidade pra assumir diverso clichê momento piega cena ação aquém esperar destaque personagem irritante protagonista feminino ... normal animação tar ir lir realmente precisar clímax desajeitar dizer surpresa filme voltar passar perna expectativa trazer realmente animação crucial soluço corajoso comovente filme reforçar mensagem superação ganhar realmente adorável
Elizabete C.,3,visual    perfeito história    empolgante adorar    fantástico
Éden C.,3,"filme excelente bom animação tempo assistir corra valer pena assistir quase sair cartaz cinema recomendar spoiler 
  spoiler 
  pai soluço stoico morrer banguelo dragão Soluço matar hipnotizado dragão rainhar"
Júnior S.,3,ter mesmo força antecessor mudar rumo estúdio apesar longa divertido investir bom personagem histório profundidade treinar dragão 2 extremante feliz abordagem contentar refilmagem original trazer personagem novos(a introdução mãe soluço particularmente cativante abordar tema maduro inteligente esquecer mensagem amor especialmente tolerância fazer verdadeiro obra arte animação resgatar oque dar certo original mostrar personalidade trato personagens(a mudança tom soluço brusco julgo necessário pro andamento história dar pra nerd indie filme pra né gente ... estético visual longo conversar perfeitamente enredo adotar tom sombrio hospitaleiro especialmente divertido misturar idade média(presente veste armadur personagem condensado enredo embalar referência mítico cultura nórdico belo cativante envolvente treinar dragão 2 oque continuação pouco animação último tempo real potencial tornar franquia inesquecível excelente
Adriano Côrtes Santos,3,"emoção animação impressionante dilema profundo "" cinco ano paz dragão viking soluço banguelo enfrentar desafio descobrir colônia dragão segredo familiar soluço precisar lutar drago Bludvist caçador dragão filme explorar crescimento dilema interno banguela "" como treinar dragão 2 aprofundar personagem relação animação deslumbrante trilha sonoro envolvente luta empatio violência trazer reflexão poderoso adição valka evolução Soluço destaque vilão drago oferecer reflexão violência"
Daniel W.,1,belo seguencia vitoria    difícil filme trás dragãoes
Tica F.,2,amorzinho filme assisti estrear cinema ter criança sala adulto hehehe
itamarmj,1,16 filmezinho chato paca salvar qualidade imagem
Baunilha M.,3,bom filme família risada.car adorer assistir
Luis R.,1,filme conseguir entreter maneira divertido mostrar questionamento adolescência vida adulto garoto disposto melhorar mundo cena ação boo elaborar
Guillermo M.,1,saber conciliar drama animação ficar previsível diferencial
Jackson C.,3,animação dreamworks andar suprender deixar concorrente trás dar respeito filme trilogia ganhar respeito ótimo lição vido filme medida certo diversão romance Suspence ... cena poder bom filme si espetacular simplesmente entendo    minoria falar ruim haver morte personagem filme forte criança achar argumento fraco ver hoje dia criança inocente perfeito poder perder alguem querido hora mundo conto far princeso principe castelo final feliz dragão existir retratar filme passar tambem vida real perguntar filme reconhecimento frozen ganhar oscar inve big hero ve hoje dia pessoa reconhecimento pessoa gostar trilogia achar merecia sucesso reconhecimento amo animação orgulho ..... ta ai filme chutar bundar frozen cia treinar dragão bom filme dreamworks bom animação fazer botar lista preferir orgulho tiro
Sandro B,1,filme    mesmo fantasia mesmo aventura agrar
Alan David,3,acima médio conseguir superar
Jean S.,3,bom filme ver 1 imaginar 3 ...
Um visitante,3,ter mesmo força antecessor mudar rumo estúdio apesar longa divertido investir bom personagem histório profundidade treinar dragão 2 extremante feliz abordagem contentar refilmagem original trazer personagem novos(a introdução mãe soluço particularmente cativante abordar tema maduro inteligente esquecer mensagem amor especialmente tolerância fazer verdadeiro obra arte animação resgatar dar certo original mostrar personalidade trato personagens(a mudança tom soluço brusco julgo necessário andamento histório dar pra nerd indie filme pra né gente ... estético visual longo conversa perfeitamente enredo adotar tom sombrio hospitaleiro especialmente divertido mistura idade média(presente veste armadur personagem condensado enredo embalar referência mítico cultura nórdico belo cativante envolvente treinar dragão 2 continuação raro continuação franquio animado recente jus excelência original
Andre B.,2,precisar assistir entender filme enredo conduzir clara explicar espectador história soluço cia engraçar medida certo emotivo recomer
Vanessa K,1,filme mensagem bonito matar personagem querir totalmente desnecessário morrer personagem perdi interesse precisar dramático feliz matar nenhum principal
Jhonathan C.,2,bom animação fazer poder se treinar dragão 2 chegar patamar animação toy story rei leãor mundo dragão começar expandir surgir inimigo drago Bludvist Soluço crescer amigo começar aventurar acabar ir encontro mãe banguelo passar imagem dragão querido público belo animação
Um visitante,1,realmente capítulo trazer soluço banguelo comando pra desvendar história deixar pra trás treinar dragã emoção coloco mesa afetar mesmo exceção histório    mostrar início 2011
Ric Brandes,3,sequência sucesso treinar dragão capítulo trilogir voltar belo visualmente poderoso mensagem paz tolerância humano dragão excelente trabalho dreamworks muito ação aventura ampliar filme história acontecer novamente pacato vilarejo viking Berk Soluço adolescente fiel simpático amigo banguelo partir aventura trabalhar mágico 3d . cena voo impressionar belo cenário dragão forma tipo tamanho haver latente filme trabalhar maestria dreamworks relação familiar haver sentimento perda morte marca forte história Soluço banguelo poderoso vilão grandioso dragão cenário belíssimo herói lutar batalha feroz treinar dragão 2 marca capítulo sucesso história animação agradar criança jovem adulto história cativante alça voo filme trilogia aguardar fã ricardo brande escritor
Larissa W.,2,animação fazer divertido filme idade
Carla C.,1,gostar filme mãe Soluço abandonar voltar achar marido mudariar ... tentar ... mãe super desnaturar ... pai soluço poder morrer bacano ter ficar ferido entender banguelo tentar mata-lo ....
Bianca P.,3,filme cheio personalidade aventura humor emoçāo ...... adorar pretender continuaçāo houver ......
Luã S.,3,ter gostar adorar pena pai de ele morrer
Andrew Houtarou,3,treinar dragão 2 sequência aclamar treinar dragão vir peso bom atributo treinar dragão 2 passar 5 ano filme soluço 20 ano paz reinar ilha Berk ilha Soluço acabar descobrir domador dragão criar exército dragão dominarr mundo clichê).roteiro construir filme roteiro treinar dragão 2 tornar grandioso minuto passado ser cena engraçar cena emocionante tocar jeito gênero formar incrível história trilha sonoro grandioso filme treinar dragão impressionar belíssimo trilha sonoro levar indicação categorio filme ma mesmo belo cena voo juntar música fazer aumentar qualidade trilha sonoro filme compor compositor maestro John powell filme personagem indiscutível carisma personagem treinar dragão animação destacar caso dragão soluço banguelo carisma banguelo '' fortificar '' longo filme juntamente amizade Soluço retratar qualidade animação falar filme ressaltar qualidade imagem cor treinar dragão impressionante evolução animação requisito gráfico resumir treinar dragão claramente difícil tarefa superar trazer bom roteiro trilha sonoro personagem qualidade animação impecável filme merecer nota grande 5 estrela
Alexia F.,3,alexia dayanni Silva Fernandes treinar dragão bom conquistaria q gostar eu mesmo q ir gostar de ele iriar entender outro nn haver problema entendimento iniciariamos treino ir ensinar ir aprender ir maltratá-lo amor acima
Leomagno S.,1,filme interessante recurso visual    história previsível    gostar
Bia F.,1,"fã filme gostar ... realidade ter ir cinema principal motivo morte pai Soluço abordar morte maneira pesar sentido ficar confuso ... soluço ter motivo nobre filme destinar criança tema legal filme engano mãe de ele existir pessoa adiantar mudar existir pessoa má mudar morrer ruim ... tá ok aceitável apesar tema bonito de aí chegar vilão história aparecer apesar soluço convencer lo continuar causar ... de aí vilão haver provar homem ruim enfatizar maldade dragao de ele matar facilmente animal matar desnecessariamente pai soluço achar pesar filme conseguir passar mensagem ciclo vida importante verdade morte de ele passar mensagem forte suficiente justifica-la filme vilão apesar óbviamente perder batalha fugir dragão de ele sentimento punição sentir insuficiente filme terminar mundo feliz sentir empatia presa fato pai de ele matar sentir certo impunidade ok conseguir querer perder coisa sair lugar aprisionar dragão voltar filme "" gostar reação dragão filme série treinar dragão 2 ter significado vida real animal refletir dono criar banguelo animal treinar menino animal super dócil causariar ser humanos dragão vilão seguir treinador mau maldade fato acontecer vida real cães significado legal filme vertente comportamento animal caso ficar equivocado verdade soluço alfo banguelo banguelo acreditar soluço ser alfo batalha real dever soluço vs dragão vilão Soluço mostrar poder alfa bom vilão domesticar dragão vilão transformar ele dragão derrota deixar vilão dragão Alfa de ele dragão ficar seguro santuário dragão dragão alfa precisar morrer ficar ferir submisso dragão pai Soluço precisar morrer verdade mãe soluço ir querer ficar santuário dragão pai dir cansado líder ir ficar ilha mãe de ele pronto líder aldeia filme terminar tranquilo feliz significado bonito coração"
Gisele F.,1,gostar moral filme ensinar deixar ganha forte .. filho dormir filme ...
Júlia S.,3,acreditar fã cinema adquirir certo receio assunto sequência filme encantar verdade muitas filme sensacional conseguir êxito continuação conseguir interesse antecessor consequentemente encanto acabar sorte existir exceção how to train Your dragon 2 treinar dragão 2 provar público filme manter superar entusiasmo espectador filme    leigo título citar contar história jovem viking encontrar dragão trar batalha pessoal espécie próprio enxergar animal verdade bom amigo tratar filme ideia superação mudança permanecer vivo trama maneira abordar deficiência adquirir interessante existir certo dependência dragão encontrar livre causa justamente dependência inicial amigo longo estória sensação público tornar íntimo vida retratadar ser animação impossível mundo real afirmar instante identificar-me filme apresentar humano efetivo título drama romance deixar conteúdo visual filme maravilhoso qualidade principalmente riqueza detalhe apresentar expressão personagem particularmente diferente dragão aparecer sequência milhar contrapartida trilha sonoro deixar desejar sequer lembro música apresentar durante exibição longo deixar sentimento frustração pôr filme gênero costumar marcar pessoa époco músico tema how to train Your dragon 2 superar expectativa bom ruim possível continuação coerente explicativa tornar massante fugisse apresentar filme direito olhos embaçar cena pouco palavra filme mostrar apresentação lado situação vilão ser réu vítima personagem somar erro acerto afirmar pasmem humano filme tradicional assisti
Rômulo L,2,gostar fotografia animação belíssimo modificar completamente trama adicionar drama familiar destaque ficar soluço domador dragão
João Pedro N.,2,"ótimm continuação filme 2010,tirar fato stoico morrer"
EdBergo,1,filme precisar longo fotografia espetacular história ficar cansativo momento basicamente depender atuação formidável dicaprio valer ingresso tragam oscar homem
Jairo C.,3,filme espetacular vc ficar preso minuto cena impressionantes fotografia maravilhoso filme envolvente deslumbrante verdadeiro obra primo alejandro g. Iñárritu trazer atuação perfeito espetacular Leonardo dicaprio ano oscar de ele
Marcio A.,2,tratar filme tecnicamente perfeito película ficar memória clássico ser bom filme alejandro González iñárritu ver amor bruto bom filme tempo desgarr@do arrisco obra primo história cinema mundial arrasar quarteirão tampouco ser filme envergadura popular apreciar cinema arte viscerabilidader impacto esbaldar exemplar cinema competência genialidade simplicidade enxuto roteiro arriagar parceiro diretor mexicano revelar bom inventivo roteirista sinceramente achar di caprio vencer oscar bom ator garrar paixão inúmero dificuldade enfrentadas durante filmagem condição cena ataque urso revelar candidato cena antológico cronologia cinematográfico filme ator filme diretor roteirista equipe técnico primoroso vide quantidade oscars filme indicar obra abordar luta sobrevivência perseveranço exaltar ufania filme americano adorar evidenciar filme apreciar esmero fazer interpretar filmaço seríssimo candidato bom filme
Alex FreireRP,3,tempo sentia filme regresso imagem belíssimo garantir oscar fotografia di caprio ganhar bom desistir estatueto história pesar realista diferente realidade mundo contemporâneo aprovadíssimo
Guilherme M.,2,visualmente espetacular fotografia magistral contar direção ambicioso iñárritu central filme dicaprio entregar corpo alma papel pode-lhe trazer finalmente oscar
Benedicto Ismael C. Dutra,1,belo imagem floresta água céu neve chuva desempenho estranho nota alto regular término filme observar empolgação plateia sair cabeça baixo arrastar trajetória vingança ser humano embrutecer invadir terra índio sequestrar mulher oferecer whisky dominar ser humanos moral duvidoso astuto decadente hugh glass ter princípio ir atacar filhote urso mãe dar revide John fitzgerald ater semear próprio ruína colher semear faltar inspiração 155 minuto poder reduzir 90 ausência objetividade apresentar série buscar implacável remotamente desejo matar 1 2 charles Bronson enfim 1822 europeu ver colônia oportunidade enricar assumir responsabilidade ato
AndréL0pes,2,Leonardo di caprio tom hardy ótimo filme fotografia bonito roteiro simples forte filme atuação
G.A. Oliver,1,... merda ... filme ruim mano chatoooo chato meeesmar dou crédito efeito especial bom docaprio dar apelar pra indicar oscar cara falar charlie chaplin curter filme imenso graça assistar arrepender
Neto S.,2,1822 hugh glass Leonardo dicaprio oeste americano disposto ganhar dinheiro calar atacar urso ficar seriamente ferir abandonar próprio sorte parceiro John fitzgerald tom hardy rouba pertence entretanto adversidade glass conseguir sobreviver iniciar árduo jornada buscar vingança.excelente filme regresso team historio fotografia espetacular elenco Leonardo dicaprio excelente atuaçao tom hardy otimo tambem filme excelente momento valer apena forte candidato bom filme ano nota 10
Raquel M.,1,cenario ok atuaçao ok filme se ... deprimente pessoa deprimido cinema distrair sair mau gostar cansativo interminável história vaga forte ... cena sangue voa lente câmera continuar filmar dar perceber filmagem
Antonio X,2,filme determinar momento beleza longo    fotografia acabar poluir imaginário geográfico público caminho confundir distante abrigo segurança roteiro fala pouco filme rico linguagem visual belo cena situação prospecto comunicação cidadão pensar mídia televisivo fabricar sonho manipulaste filme pouco palavra transmitir sensação errar momento sentido lealdade    fraternidade apagar antagonista protagonista contar recar trilha misterioso esconder show resgatar papel som suporte indispensável obra mesmice    instrumento contínuos melodia    repetitivo eu filme esperança apesar ilustrar cena muito arrogância    mundo descoberto caótico perigoso filme magistral    oralidade    pequeno    falar ator    pensar silêncio importante época poluição sonoro tecnológica conversar    sinônimo discurso imediatismo distante ícone curtir rede social valer pena cinema
Fabio M.,1,filme ruim cansativo Leonardo dicaprio quase falar existir história paralelo fechar conclusão filme percar    dinheiro
Júlia O.,1,filme fotografia belíssimo encerra-se roteiro péssimo cena inverossímel causar imenso desconforto certo angústia continuar assistir filme atuação Leonardo dicaprio mediano concordar plenamente crítico André Barcinski torcia filme terminar
Tatiana S.,1,cenário produção filme realmente bom atuação Leonardo dicaprio excelente entretanto filme cansativo enredo deixar desejar momento tornar entediante música    casa Lulu Santos poder português retratar cômica enredo filme viajante regresso ter encurtar ter ter impacto bom filme
Paulo R.,1,assisti filme opinião tirar locação realmente lindo filme fazer externo cena lutar coreografar Leonardo di caprio concorrer oscar quase atuar quase texto filme filme longo longo atuar sozinho dir entendido de ele merecedor oscar atuar sozinho etc .. balela quase olhar cena emocionante olhar olhar admirar evolução de ele ator filme ver filme tb opinião abraço
Alexandre C.,2,filme excepcional visual belíssimo história vingança superaçãor direção único di caprio atuação bom ano lançar dúvida
Francisco Vinicius M.,1,filme longo cansativo história fraco erro continuidade infantis belo fotografia belo paisagem atuação di caprio trabalho falar passar filme gemer perdi novela pra
Jake D.,2,regresso ... concorrente Óscar 2016 contar história hugh glass Leonardo dicaprio ir oeste americano ganhar dinheiro caçar atacar urso ficar ferir abandonar parceiro John fitzgerald tom hardy rouba hugh sobreviver busca vingança quesito atuação principal destaque leonardo dicaprio ganhar óscar ser injustiço tempo alejandro González iñárritu trabalho direção provar competente birdman demonstrar acho dever ganhar óscar tom Mccarthy filme spotlight excepcional roteiro filme estruturar escrever ter ótimo diálogo trilha sonoro fotografia belíssimo categoria achar filme dever levar óscar único mini probleminha filme sair eixo edição leve precisar dever deixar ótimo filme regresso filme maravilhoso contar impecável atuação Leonardo dicaprio merecer levar óscar recomendar
Osmar P.,1,filme ruim cansativo Leonardo dicaprio quase falar existir história paralelo fechar conclusão filme percar dinheiro
Denise M,2,achei filme tenso gostar dicaprio impecável atuação perfeito digna oscar
Carlotha S.,1,assisti filme atenção gostar di caprio respeito).o filme demasiadamente longo poder observar luta sobrevivência forma texto muitas fala especial leo di caprio quase falar filme irritar atuação basear performance ótimo sinal sentir diálogo filme tornar moroso leo di caprio merecer oscar claro óbvio evidente atuação conjunto obra filme poder bom
Maurício  P.,3,realmente bom filme último tempo excelente qualidade detalhe valer R$ pagar assistir
Renato P.,1,filme extremamente cansativo ação emoção enredo fazer di caprio parecer ator ... achar péssimo poder contar história 30 minuto injusto produção fazer
Elvira A.,2,Leonardo di caprio assumir projeto audacioso acontecer filme ambientado ano 1822 personagem hugh glass gravemente ferir urso deixar mercê caçador pele membro prometer recompensar prestar devir socorro acontecer contrário amordaçar enterrar vivo outro membro filho assassinar roubar pertence duro pena hugh conseguir sobreviver contar ajuda índio lembrar história samaritano vingança inesperar bom roteiro fotografiar paisagem gelado norte EUA filme ganhar óscar bom filme ator Leonardo di caprio diretor alejandro González iñárritu enredo estômagos forte
Wallace F,2,obra primo fotografia atuação roteiro sensacional história americano contar requisito necessário tornar filme espetacular di caprio tom hardy magnífico basear história fantástico filme prender
Mario M,2,fotografia notar 10 atuação brilhante Leonardo di caprio história cheio surpresa muito ação
maefnys ..,3,confesso esperar obra assistir trailer ser tirar fôlego ja conhecer trabalho diretor vi filme fiquei palavra obra surpreendente esperar filme fazer causar sentimento telespectador filme sobrevivência passar hora mostrar lamento protagonista ver confronto pessoal personagem principal levar outro realizar ação puro instinto sobrevivêcia existir pouco palavra português descrever atuação Leonardo dicaprio tom hardy duplo incrível merecer sombra dúvida levar estatueto casa dia 28 fevereiro
Wanderreis,1,filme espetacular fotografia tornar repetitiva extremo cansativa certo
Fabio E.,1,mau filme ví vida cansativo entediante saí cinema frustrar pensar acreditar passar hora meia ver desperdício vida
Alexandre M.,1,filme objetivo original herói sobreviver adversidade vingança cheio cliche situação absurr escapar observação mínimo criticidade indio arvore acampamento urso raivoso machucr herói melhora piora físico atender objetivo vingança caçador comer carne cruo necessidade etc .. enfim enredo começar chegar pré estabelecer presentear oscar ator papel bom fico decepcionar ator prestar papel de este
Adriel Q.,1,sinceramente filme cena impressionantes fotografia maravilhoso paisagem belo filme perder impacto atacar urso simplesmente resumir filme contar histório car quase matar movir ódio vingança tentar sobreviver incrível filme particularmente opinião gênero sobrevivência perseguição evereste perder marte náufrago filme sitar mesmo ligação gênero sobrevivência náufrago hoje laçamento 2000 assisto brilho emoção regresso lamentável ver hora acabar filme kkkkkacho acaso ser outro ator Leonardo dicaprio filme total fracasso desvalorizar ator ficar claro pessoa enfatizar Leonardo dicaprio filme.opinião pessoal ...
Heber B.,1,cena falar estao coletar pele homem imortal Sofel acontecer pra morrer hora bom estudar homem poq outro mundo homem 7 vida nomeio
Jackson A L,2,bom filme finalmente render oscar dicaprio belíssimo atuação deixar desejar conta brilhante fotografia jus prêmio tirar cena sonho delirio glass ficar extensão comprometer obra
Dennys R,2,roteiro simples deixar imerso atmosfera filme junto atuação incrível Leonardo di caprio fotografia impecável
Icaro G,1,filme cansativo entediante cena desnecessário longo fatigante filme clichê protagonista vida gato recuperação recorde ir modinha perca dinheiro
Fabricio Menezes,1,sinceramente ver filme atuação espetacular Leonardo dicaprio fotografiar belíssimo história vazio novidade cinema ver várias cena em ele referência filme série vikings tb lembrar coração valente mel gibson vejor impactante suficiente pra filme excelente mt obra-prima bom sequência roteiro fraco ir discordar totalmente crítico site filme pra oscar pr o dicaprio duração longo exagerar pra história previsível pq mundo acontecer outro fraco mentirada absurr protagonista imortal
Diácono Marcio C.,2,atuação di caprio fotografia lindo história cenário deslumbrante cena forte entretenimento
AndréIsaque,3,brilhante filme inarritu dicaprio Lubezki poder diferente impecável atuação principalmente leonardo dicaprio merecer ganhar oscar obra primo cinema hora quarenta passar voar maneira espetacular
Ventureiro C.,2,sensacional!leonardo di caprio superar ganância egoísmos terminam morte vido caixinho surpresa acabar surgir inesperado ...
Carolina E.,3,expectativa superar louvor filme chocar saí sala cinema êxtase coração ficar apertado chorar dei sorriso conseguir respirar ... filme tocar fundo emoção haver assistia filme impactante maravilhoso dicaprio levar oscar bom ator ano 2016 academia altura ator ...
Um visitante,3,-fantástico filme confessar ver pele pessoa ver cinema época.-virei fão berenice bejo assistir filme filme levar pra série emoção alegria trilha sonoro nota
Lucas A.,1,realmente história maravilhoso .... filme cansativo entediante emoção reciproco    indicação pro oscar filme
Miguel Neto,2,belo homenagem cinema mudo estar acostumado “ remakes ”    superar antigo tecnologia cor efeito especial proposta inverso filme velho dia hoje resultado surpreendente filme lembrar dia hoje cenografia carro vestuário enfim acontecer década 30 história singelo emocionar atuação ator contar história usar cara gesto atuação destaque último dança impecável legal encontrar fred flintstone xerife homem arar elenco filme imperdível ficar história
danicarreis,3,filme realmente obra primo lir sensibilidade impressionante ... amei    toa levar 5 estatueta oscar
Ferris Bueller N.,1,sensível homenagem primórdio cinema atuação excelente dujardin
Jairo D.,3,cinema arte fenomenal sentido fazer belo exemplar de ele simplicidade gigante filme mesmo proporção cativo emocionar entretémr refletir idéia valioso simples ser parabéns obra-prima memorável
Cleber R.,3,artista filme homenagem cinema mudo época filme ser criativo cativante filme pra curte classico cinema elenco show atuar fala principalmente casal protagonista cãozinho companheiro artista mascote filme produção técnico filme impecável transportar facilmente hollywood ano 20 belíssimo fotografia preto branco esquecer filme super colorir estar acostumado mergulhar emocionante história Michel hazanavicius narrar maestria filme homenagem
Ronaldo M,3,"toa cinema trazer bojo concepção arte "" artista belíssimo tributo cinema mudo impecável reconstitução ceno década 30 performance elenco primoroso deixar citar cãozinho oggi merecer troféu osso ouro "" pleno milênio produção cinema mudo preto branco prender atenção contra-mão produção cinematográfico sofisticado tecnologia recomendadíssimo"
Sandro M.,2,gostar fotografia música romance bacano ótimo sacada humor maneiro
Eder Luis Santana,3,de ele precisar aprender renovar mensagem simples artista filme abarrotar beleza belo imagens preto branco belo interpretação personagem belo narrativa conduzir maestria diretor Michel hazanavicius enganer caso primeiro minuto ter sensação obra dar sono ser difícil aguentar sensação rápido desaparecer trama desenvolver modo envolvente primeiro 20 minuto estranhamento inicial natural estar geração acostumar cinema mudo deparar envolver obra formato contemporâneo mérito oferecer espectador artista
Cid V,1,George valentin dujardin ator sucesso cinema mudo ver carreira desabar vertiginosamente ascensão cinema sonoro catapultar jovem peppy miller bejo tempo dentre muito fã https://magiadoreal.blogspot.com/2020/07/filme-do-dia-o-artista-2011-michel.html
felipinho,2,artista resgatar perfeição magia cinema imagem perder durante ano encantar dezena filme moderno tecnologicamente orçamento praticamente filme década 20 olho brilhar ”
Neto S.,2,hollywood 1927 astro cinema mudo George valentin Jean dujardin começar temer chegar cinema falar perca espaço acabar cair esquecimento belo peppy miller bérénice bejor jovem dançarina sentir atrair receber oportunidade traballhar segmento ser carreira paixão trilha sonoro excelente historia atuaçoes nota 9.0
Jefferson Borges,3,declaração amor cinema arte    filme concordar lançar filme mudo preto branco mudo principalmente pleno século xxi totalmente original criativo diretor cinema ter pensar em isso época hollywood investir tanto filme horrível estilo marvel último ano artista surgir arrebatar prêmio quase poderoso chefão milionário titanic geração razão apaixonei filme cantar chuva 1952 filme favorito rsrs Jean lembrar gene Kelly Bérénice lembrar debbie reynolds dizer muito gente perceber semelhança filme crítico plantão ter gostar filme crer pessoa entender cinema artista mostrar essência raíz cinema época Charles chaplin cantor jazz filme sonoro história diferencial projeto atuação Jean dujardin bérénice bejo incrível estrela filme cachorro uggier hahaha engraçado torcida artista ganhar estatueto oscar bom filme domingo dia 26 ganhar oscar bom filme virar clássico instantâneo de aqui 20 ano lembrar filme popular preto branco estilo Lista Schindler
Álvaro José S.,3,"artista esperar ideia ganhar oscar bom filme decepcionar filme realmente história cativante haver belo química ator palavra cenário escolher 
  spoiler 
  cena escadario retratair queda ascenção tornar símbolo filme 
  realmente merecer oscar bom filme"
Bruno Maschi,2,"brilhante obra francês princípio gostar filme preto branco ter experimentar filme mudo esperar muito filme surpreender artista conseguir mudar conceito preconceito ter filme preto branco mostrar efeito visual importar roteiro filme magnífico personagem marcante cão apaixonar dono filme possuir falar exceto minuto conseguir filme cativo telespectador prender durante longo trilha sonoro ajudar fator claro brilhante atuação Bérénice bejor Jean dujardin revelação cinema francês longo super engraçado contém cena dançar elaborar cativante dúvida merecer 10 indicação oscar 5 prêmio incluir bom filme "" ps filme levar 5 estrela chegar filme irei lembrar resto vida fantástico filme filme marcante exigente quesito rsrs"
João Ricardo D.,3,artista filme mudo ver filme indicar oscar vencer dever diferencial diferencial artista fato filme apesar não-falado conseguir passar tanto emoção diferentes público sutileza impressionante bom roteiro atuação Jean dujardin merecer prêmio Bérénice bejor vencer claro opinião incrível octav spencer concorrer criatividade extremamente original artista decididamente bom filme indicar oscar 2012
Luciano Deppa B,3,declaração amar realmente simples direto doce sensibilidade ficar belo recado necessariamente palavra exigir
Guilherme Carraro,3,"'' artista '' belo volta cinema marcar expressão gesto espectador achar filme cheio clichês futilidade mudo preto branco verdade beleza '' artista '' aspecto '' artista '' sair diferenciação filme constitue comédia drama hoje apresentar filme diferenciar acabar ser filme lir trama george valentine Jean dujardin galã cinema mudo temer chegada cinema falar fazer perca espaço acabar esquecimento público belo peppy miller(bérénice bejor jovem dançarina george sentir atrair oportunidade trabalhar rumo cinema falar '' o artista '' conseguir agradar figurino impecável maravilhoso gesto atuação Jean dujardin bérénice bejor ser cinema mudo forma atuação complicar ator detalhar específico vitória '' artista '' ganhar oscar 2012,ele dificilmente ser esquecer público filme conseguir obra arte blá blá blá história cheio complicação orçamento alto verdade utilizar orçamento abaixo utilizar atualmente .o filme    conseguir ganhar espectador simplicidade '' o artista '' filme simples maravilhoso"
Gabriel R.,3,decadência cinema mudo contrapartida ascensão cinema falar centrar astro arte galã mudo dama falante atuação excepcional Jean dujardin atuação Bérénice bejor excelente direção roteiro cheio metáfora envolver queda cinema mudo surgimento falar doris Mulher George personagem esquecível filme atriz penelope ann miller empurrar barriga aparecer filme artifício metalinguagem maneira estrondoso filme mudo cinema mudo excelente fotografia design produção figurino trilha sonoro
Gauthier M.,2,bom filme cheio metáfora roteiro simples fala quase passar mensagem interessante espectador trilha sonoro excelente atuação bom ator principais!filme repercuter justa êxito
Ari Willians,3,filme maravilhoso ambientado 1927 1933 abordar cinema mudo início filme sonoro famoso ator época mudar ver hora utilidade ignorar estúdio hollywood genialidade filme fazer 2011 totalmente mudo preto branco ser fazer filme primórdio interessante perceber capacidade cognitivo permitir entender sentimento personagem clima situação dramático sensível necessidade ouvir fala obra-prima imperdível amar cinema
Bya93,3,doce homenagem cinema roteiro inteligente alegre ótim performance estilo visual maravilhoso claro filme cinéfilo agradar público magia cinema mudo povinho ignorante pro cinema divertir gostar apreciar obra gostar de ele
becky,3,... q levar oscar
jhonnytavares1 .,3,atoa ganhar tanto prêmio
Mauricio L.,3,filme divertir ousado ver amei começo elenco figurino trilha sonoro
ValeAssistir,1,filmar preto branco artista filme criativo atuação protagonisto impressionante roteiro mergulhar espectador ação recorrer diálogo falar escritor criar brecha moral tornar relacionamento peppyr George celebrar amizade lealdade caridade levar espectador montanha-russa voltar hollywood passado valer assistir
Fau F.,3,impressionante gosto precisar cor palavra puro arte imagem valer palavras ...
Potato1962,2,filme muitíssimo realizar fotografia impecável
Lu M.,1,figurino atuação impecável .. enredo deixar desejar ..
Elisete G.,3,lir filme ... adorei ... diferente estar acostumado hj dia
ceci,3,adorar esqueçar preto branco mudo história ser criativamente filmar surpreendeu-me filme merecer premiação
Rosimeire A,3,bom filme sensação voltarr assistir filme mur atuação brilhante protagonista entende-se necessidade fala maçante cansativo delícia assistir valer
Alex D,2,ator dar aula coriografio belo fotografia merecer troféu
Um visitante,3,haver cena engraçar triste emocionante ... haver cena chor ri ... Jean dujardin arrasa papel george valentin ator entrar decadência chegar cinema falar filme atuação bom trilha sonoro exelente direção arte ... pena ser valorizar publico tratar filme preto branco mudo provavel bom filme ano remetir lembrar outro classico cantar chuva
Rafael D.,3,filme valer pena levar denso aaaaaaaaaaaaaaaaaaaaaaaaaaaaaaaaaaaaaaaaaaaaaaaaaaaaaaaaaaaaaaaaaaaaaaaaaaaaaaaaaaaaaaaaaaaaaaaaaaaaaaaaaaaaaaaaaaaaaaaa
Maurício Junior,3,história interessante ator bom engraçado kkk gostar tb drama
Carol Sampaio,2,filme mudo produção francês 2011 comédia romântico passar hollywood ano 1927 1932
Rodriguesanacarolina316,3,excelente filme característica filme ser incrível aconselho ser assistir pessoa
fabiotianshy,1,filme levar divertido conteúdo atuação acima médio provar imagem valer palavra abç bjs fabinho ‍ ♂ ️
Yuri,2,bom filme brasileiro história ator ótimo deixar desejar filme clássico valer pena assistir muito ação histório desenrolar rápido
Mateus M,3,José padilha direção wagner Moura atuar excelente!adorei frase apesar possível coincidência realidade filme obra ficção
Thiago P.,3,tenso intrincar original roteiro mostrar crime organizar brasil organizar gente pensar filme campeão bilheteria bom exemplar ação nacional
Matheus L.,3,sequência filme sucesso nacional bilheteria manter qualidade obra fictício procurar descrever mostrar fazer corrupção policial mostrar série trapasso passar policial político traficante formador opinião presente mídia     coisa presente filme 1 presente falar narrar história contar estrutura     destaque Wagner Moura coronel nascimento André ramiro matia irandhir santo fraga direção José padilha filme 2010 incluir drama ação realismo     filme começar motivo coronel nascimento perdesse título bope missão mau sucedido prisão bangu 1 acabar assassinato líder tráfico droga mesmo rebelar enfrentar membro facção     incidente repercutir mundo depoimento fraga professor história juiz esquerda presenciar acontecimento tenente-coronel nascimento perder vaga     vaga bope nascimento prejudicar tornar membro secretario seguranço aonde descobrir rede trapaça durante trama ir descrever fraude acontec investigar crime     frago condenar ter oportunidade coronel acabar casar ex-mulher nascimento     ex-coronel ter seguir cabeça erguido distante família criticar emprego realmente gostar     obra contar realidade país caracterizar principalmente começo filme apesar possível coincidência realidade filme obra ficção     trama contémr ingrediente suficiente filme entretanto procurar cena tiro guerra contrário mostrar tropa elite trabalho muitas ocasião
Ricardo L.,3,obra primo bom José padilha único diretor brasileiro ater filme sequencia obra primo coronel nascimento meio termo bander exercer função secretário segurança rio janeiro exonerar cargo bope roteiro inteligente eficiente cena ação pesar diálogo ótimo elenco contar participação ótimo cantor Jorge filme merecer ser indicar premio Óscar ganhar categoria bom filme estrangeiro mixagem som ... novamente preconceito cinema brasileiro preponderar difícil bom obra cinema nacional existir tratamento haver cidade deus Central Brasil tropa elite 2 conseguir Superior marco cinema nacional
Anderson  G.,2,"tropa elite 2 filme atemporal Brasil dramas angústio denúncia persistir ano cenário José padilha evoluir discurso conseguir melhorar filme ótimo fazer atingir outro patamar roteiro maduro tropa elite 2 falar base corrupção causar mal combater entender mal tráfico acabar subsidiar corrupto falho admitir pobreza fome permitir criação desfrear crime combater voracidade pontar iceberg frase efeito manter ótimos personagem primar amadurecer longo subir favela mostrar verdadeiro bandido político direção requintar cruo pouco momento suavidade     ritmo espetacular trilha simples presente ótimo ambientação atuação ótimo ator corrupto relatar carismático maneira destaque Wagner moura mostrar maturidade atuação sereno pensativo ator intercalar drama humor "" tropa elite 2 bom antecessor ser favorito consiso parâmetro artístico técnico seguir ser filme conversa realidade brasileiro nota 9/10"
A.Ligia,3,tiver nono achar ter cansar demostra tamanho qualidade profissionalismo filme elenco crítico tropa 1 ficar valido
Vinícius d,2,lançar 2010 tropa elite 2 revirar climax existir tropa elite 1 análise amplo costumar chamar filme bom penitenciário brasileiro agente diretor profissional envolver inteligente repetir formular ja manjar filme focar trazer criticas cena bala apesar forte voltar caior junqueira André Ramiro idem trazer novamente vida policial visão lider envolver montar esforço combate filme trazer historia ameno realmente trabalho ator Wagner Moura elogio inteligente ideia paralelo vida pessoal capitão nascimento brilhos filme resumo dar enfeitar mostrar penitenciário funcionar irmão carioco vergonha trabalho merecer nota filme
Francisco F.,3,ação “ 1 ” enredo político brasileiro deixar continuação bom filme brasileiro tempo bom categoria ação excelente crítica político desenrolar ação wagner Moura impecável gostar crítico “ pedir sair ” ...
Luis R.,2,bom
Cid V,1,2006 tenente-coronel nascimento Moura tornar homem influente serviço espionagem polícia carioca pouco haver perceber ser importante elemento eliminaçãor tráfico droga violência rio    diretamente aliar político https://magiadoreal.blogspot.com/2021/05/filme-do-dia-tropa-de-elite-2-o-inimigo.html
Um visitante,1,fugir totalmente padrão render história focar bom diá José padilha mudar rumo história filme pausar agente ter ver valer presença Wagner Moura acompanhar andré ramiro destacar personagem ...
ReneAndroid.apk,3,bom filme br retratar corrupção tráfico droga comum dia hoje ...
Vilmar O.,3,filme mostrar se imprensa trabalhar combater crime organizar economia girar mundo paralelo economia formal caso crime milícia crime corrupção político mostrar corrupção embuter várias parte sociedade esfer alto governador rio Janeiro secretário segurança público semelhança casal comandar referir 8 ano ser mero coincidência valer ressaltar reflexiva ser obra ficção assistir recomendo fortemente filmaço campeão bilheteria cinema nacional bom filme nacional assisti hoje
anderson j,2,orçamento cara produção hollywoodiano crueza filme tropa elite 2 conseguir trazer muito novidade sequência impacto aspecto filme manter nível alto direção atuação cena ação diálogo memorável personagem marcante roteiro continuar filme regridir sentido parecer fato filme ação orçamento alto passar sensação quase documental devido crueza cena fazer câmera mao existir certo cartunização vilões filme caricato carismático tropa elite 2 conseguir proeza grandioso memorável quase oque suficiente bom filme br
MichaellMachado,2,"""apesar possível coincidência realidade filme obra ficção "" junção perfeito 7 ° arte brasileiro José padilha wagner Moura excelente filme padrão comum cinema brasileiro crer filme mostrar evolução José padilha diretor. corra assistir justiça ser fazer ator irandhir santo irritante dep frago merecer elogio belo atuação"
Um visitante,3,raríssimo sequência cinema nacional exceder expectativa superar original praticamente sentir '' inimigo outro '' ratificar aprofunda reflexão filme anterior apresentar nuance mazelo social explorar consequência direto inação político vida população especial aspecto combater crime causar corrupção principalmente alinhamento liderança político crime organizar Wagner Moura brilhante capitão nascimento
Jairo D.,3,seguir deixar dever desejar antecessor tropa elite filme mostrar comprovar cinema nacional bonito
jhonyborba,2,fantástico concorrer oscar ganhar padilha wagner Moura roteiro fantástico
Michelle F.,2,continuação filme haver comparação 1 ° 2 ° fico ahahahah recomendo atual realidade
Rafael Br,1,lamentável filme épico tropa elite 1 esperar 2 deparo filme viés político conseguir estragar único herói brasileiro capitão nascimento colocar político achei lixo filme
Dead Lucas,1,sombra dúvida bom filme 2010(na modesto opinião claro moura receber indicação globo ouro ...
Dennys R,1,mostrar bandido morro terno gravata!esse filme muito ação roteiro incrível gostar
Adriano Silva,3,filme pra eu bom filme brasileiro tempo sensacional diferente anterior falar assunto brasileiro praticamente mesmo cena ja vistar filme tbm brasileiro ficar fantastico abrangeur assunto pra eu principal Brasil lixo corrupção filme perfeito prender ... espaço pra falar bom ator brasileiro atividade monstro Wagner Moura cara ta mto foda interpretar frieza filme ficar interpretado pareçer fazer papel ator realmente aconteçer Wagner Moura pra eu duvidas bom ator brasileiro graças apresentaçoe diretor neill blomkamp distrito 9 elysium chegar afirmar assistir tropa elite virar fã Wagner Moura afirmar cara perfeito papel procurar filme elysium arrebentar apresentaçoes
Estevan Magno,3,bom filme nacional tempo ideia filme perfazer ótima mostrar país mão governante ganancioso despreparar atuação impecável ritmo perfeito ...
Um visitante,2,bom novamente representação fiel sociedade atuação bom história conteúdo reviravolto mensagem importante recomer
Vinipassos,2,"profundo pq mostrar financia violência favelo rio presença polício governo mostrar excelentemente refletir sociedade viver cheio mascara saber confiar wagner moura atuar mt André ramiro ser quase protagonista sair mt tbm filme jamais esquecir brasileiro violência corrupção destroem país "" apesar possível coincidência realidade filme obra ficção perfeito"
Izadora J.,2,dar 5 estrela devido acontecer andré
leonardo,1,inferior original história interessante abordar direito humano politico corrupto
Renata,2,bom deixar recado ai ....
Lucas V.,2,filme seguir risca decepcionar abordar outro tema importante recomendar
GBatistaM,3,filme contar realidade carioca brasileiro abordar assunto peculiar profissional bom filme nacional dúvida superar cidade deus bom ator país Wagner Moura
Roselir B.,1,achar filme bom ter ação    respeitar caveira acho nascimento ficar bom capitão emocionante ativo ai ação
olly,2,"tropa elite 2 reflexivo acão questionativo colocar dedo ferido seguinte indagação:,adiantar bope prender bandido Centro podridão brasilia?é trabalho enxugar Gelo.a cena mostrar congresso pai esse?tocar fundo arrepiar filme ser lançar eleição muito gente ter fazer porcar urnas.sai cinema orgulhoso padilha ter coragem audácia feliz existir cérebro pensar país"
Elaine Cristina M.,1,previsível novidade história difíci empolgar crer vc ver perdi lamentável
Jordy C.,3,bom sequência cinema nacional padilha seguro direção desenvolver trama mostrar político limitar cena ação bom filme conseguir aproximar realidade aliar atuação Wagner Moura elenco secundário filmar opinião bom filme brasileiro gênero
Lyrion Matheus,3,wagner Moura impecável ator parabéns filmaço conseguir bom excelente
LeandroMM,3,excelente filme conseguir superar    ter enredo personagem fictício inspirar fato real respeito corrupção instituição público país político policial corrompir inescrupuloso    abusar formar milícia crime organizar terrível hoje causar perigo país peixe trás criminalidade próprio governante filme tapar cara brasileiro conivente cúmplice apático situação grave crime hediondo
Michel _.,2,duvidar bom filme nacional produzir hoje bom cena ação trama inteligente involvente vir bater frente cinema pai mundo aspecto alarde protagonizar bom assistir valer pena
schapirex,2,tropa elite 2 filme contar elenco peso conclue papel bom atuação wagner Moura telona ótimo atuação elenco história mostrar corrupção pm rio Janeiro claro filme apelar classe médio críticar Brasil fotografia filme fantástico cenário mto fazer filme contémr pouco efeito especial decorrer fazer utilizar       tropa elite bom filme fazer cenário cinema nacional ficar claro filme fazer burguese saber prejudicar brasil desacreditar nação filme mto atá oscar
William D.,3,incrível capacidade misturar tanto elemento polêmico conflituoso conectando-os filme fantástico criativo realístico separação divergêncio personalidade filme drama conflito familiar social esperar filme surpreender deixar raciocinemos contar próprio guiemos ficar pergunta ar caber resposta ver filme família refletir duro realidade viver sobretudo dever retirar orgulho possar unir pessoa
Lewis,3,aula aulo aula ... aula filme aula amarracao penetracao cultura continuidade envolvimento enredo nao acaso separacao ser apontar bom filme 2012 abordar realidade intimo familiar sociedade oriente medio tornar pesar preconceituoso desrespeitoso tornarei assistir filme merecer
Nelson J,3,filme confirmar excelente qualidade produção iraniano drama separação diferentes convicção vido educação filhos sensível maniqueísmo
Um visitante,2,filme vencedor oscar bom filme estrangeiro indicar bom roteiro original provar falso preconceito “ filme iraniano ” sinônimo filme parar difícil crítico gostar
Welton N.,1,filme tratar assunto espinhoso separaçãor problema decorrer fato dever algum diferencial virar situação fato mexa intrigue estar assistir acontecer filme mostrar simplesmente consequêncio separação casal desdobramento diversos situação ruins acontecer quase documentário gente normal tornar irritante momento causar situação difícel mau clímax grande pergunta telespectador durante filme ficar resposta entendi elogio filme provavelmente pessoa parecer sensível inteligente filme pé saco
cinetenisverde,3,filme vencedor oscar bom filme estrangeiro indicar bom roteiro original provar falso preconceito filme iraniano sinônimo filme parar difícil crítico gostar
Nelson Jr,2,realmente concordar falar se filme qualidade roteiro filme prender início pensar se ideia central separação casal história tomar rumo vertente .. religioso presente machismo cultura iraniano retratadar cotidiano trilha sonoro fotografia excelente bom ator    filme retratar amor sofrer mentira orgulho .. apesar    hipotético musica clássico deixar claro escolha fugir sofrimento belo filme belo historia filme obra primo filme comum
Alan,2,drama familiar realista cru tenso representante cinema árabe cafarnaum
Lucas A.,2,acabar hbo achar excelente surpreendi qualidade filme atuação ator qualidade roteiro fala nota 10 pra filme recomendadíssimo
mayaraneris,1,achar dizer achar dar pra cortar 30 minuto filme drama familiar belo demonstração conflito ético contraditório haver humano
TADEUSILVA,3,filme pais irariano surpreender ultimamente filme ser mesmo linha milionario Paulo capital
Caio R.,3,assisti telecine cult dúvida excelente aspecto filme retratar dia doa comum país irã caricato originalmente iraniano derruba estigma país fato aspecto tornar filme maravilhoso simplicidade tornar filme real emocionante super recomer
Guga A,3,"spoiler 

  filme iniciar capaz demonstrar prontamente personalidade originalidade criador consequentemente história modo ser contar cena encontrar casal incapaz resolver situação encontrar intransigente decisão precisar ser determinar solução judicialmente mostrar separação casal prelúdio narrativa referência cena inicial expectador deixar ciente cultura religião estrutura social aspecto ser quase personagem desenvolvimento histór estar irã país possuir islã religião oficial influenciar aspecto vida privado social igreja andar junto conseguir separar marido nader peyman Maadi simin leila hatami precisario concordância acontecer significar ficar filha termeh sarina farhadi acabar partir mãe diversos diferença cultural saltar olho diferente momento asghar farhadi conseguir roteiro simples sensível genuíno afastar obra representação estereotipar personagem peculiaridade sociedade iraniano apesar temor constante cuidadora razieh sareh bayat desobedecer dogma religião força motriz principal conflito trama histório tratar fundamentalmente questionamento presente ser humanos.​o diretor conseguir captar dualidade interno pessoa perfeição desenvolvimento personagem inserir situação enorme facilidade trabalho câmera natural intimista convidar espionar simultaneamente socorrer família problema questionar vir saber sentir certo errar mostrar inexistência único definitivo maneira agir comportamento humano muito encontrar área cinzento delimitar estáticos.​por impressionante atuação elenco criança achar envolvir conflito pai transbordar tela sentimento inevitável impotência tristeza adulto crer viver poder acontecer especial ator peyman Maadi trazer representação cruo homem conflito difícil encontrar falha filme obra-prima cinema espírito provocador sensível acima humano texto cinemanteiga.wordpress.com"
Daniella R.,2,filme tomar partir mostrar sociedade iraniano conflito filme recomendar
Michel A.,3,filme separação retratar classe médio    dilema moral religioso atual sociedade irã    mérito desvelar ser humano realmente conseguir lidar valor preceito    dogma    religioso sociedade existir vida percalço problema cotidiano outro existir religião valor moral sociedade    transcendência conflituoso    surgir dilema moral resolver    filme mostrar vida    libertar visão etnocêntrico    comum ocidente     histório separação casal nader simin    simar sair país buscar vida bom nader continuar país    cuidar pai doente    discordância gerar separação esposo nader contratar empregar cuidar pai    surgir desavença nader empurrar casa empregado perder beber caso parar tribunal     filme ganhar 2 urso pratar 1 ouro ser    filme histór ganhar 3 urso festival Berlim quase    prêmio    festival país
jane costa,1,"filme achei filme cansativo longo pude perceber asghar farhadi gostar trazer situação complexo comum dia dia irã existir liberdade haver inúmero assunto tabu país história realmente gente pensar colocar personagem refletir far encontrar situação de esse fico triste realidade mulher irã nação oriente médio difícil mulher machismo preconceito submissão terrível aff voltar filme fiquei extremamente angustiado situação personagem estar fascinado trabalho shahab hosseini rs dar muito agonia principalmente último cena agride esposo si nervoso situação filha casal ficar esclarecido decidir ficar gostar trabalho asghar farhadi trazer assunto    gente refletir diversos situação 
  spoiler"
Marta B.,2,tensão filme desnudar cultura iraniano relação interpessoal problema cotidiano dignidade fé justiça respeito amor confrontar questionar
Sidnei Oliveira,3,história conduzir    poder deixar falar inesperar condição humano      levar situação difícel termo controle
André M,3,bom pré-estréia vida simplesmente emocionante nostálgico sair cinema colocar fé filme fato wolverine praticamente protagonizar filme apesar ama-lo querer inovador ... calar boca ir possivel!!!os ator maravilhoso efeito especial incrivel 3d grau roteiro trama perfeito cena extra perfeita!desculpe gente excitação simplesmente assistar assistar
raabeb,3,dirigir bryan singer x-men filme x-men 2 filme contar presença destaque personagem Wolverine hugh jackman professor Charles xavier passar james Mcavoy futuro patrick stewart magneto passado michael fassbender |futuro ian mckellen místico jennifer Lawrence hank mccoy ferar nichola hoult contar participação especial halle berry papel tempestade ellen page papel kitty pryde importância trama divertido participação evan peter papel Peter maximoff mercúrio x-men encontrar futuro sombrio sentinela praticamente acabar planeta matar humano mutante professor x patrick stewart descobrir voltar passado enviar wolverine época acontecer tragédia causariar início projeto sentinelar impedi-la existir mutante chave criação sentinela wolverine precisar ajudar professor xavier james Mcavoy encontrar mutante mudar futuro chegar mansão encontrar hank mccoy futuro amigo fera professor x desmotivar Esperança rebelde tentar fugir poder wolverine mudar história seguir professor Charles xavier dar viagem tempo:“você eu fiz ... encontre-me convença-me ... logan homem diferente direcione-me guie-me ser paciente comigo ” valer pena ver!sobre cronologia filme :o filme apresentar ligação direto filme anterior marvel vingador poder notar personagem bolivar trask filme interpretar peter Dinklage x-men anterior bill Duke cena excluir “ x-men origem wolverine ” problema resolver filme filme x hqna hq único x-men restante wolverine kitty pryde época chamar “ ninfa ” Brasil Magneto cadeira rodas tempestade colossus juntamente franklin Richards namorar rachel telepata telecinético compor núcleo resistência anti-sentinelo    história voltar passado kitty Pryde ajudar telepato voltar exatamente dia 9 março 1986 impedir irmandade mutante assassinar futuro candidato presidência robert kelly quebrar Charles xavier moira mactaggertir congresso Washington irmandade matá-lo mostrar temer homo alto mutantesa hq incrível mostrar personagem aparecer filme noturno muito luta estilo x-men equipe opinião legal várias cena futuro invadir quartel general sentinela torrer quarteto fantástico).tanto filme hq ótimos hq conseguir equilibrar cena passado futuro    foco filme passado filme x série animadapodemos encontrar x-men dias futuro esquecido série animar episódio 11 12 temporada voltar passado Bispo aparecer filme interpretar ator omar sy mutante trabalhar sentinela sequestrar rebelde trair quase matar wolverine voltar passar Bispo impedir conseguir matar assassino senador Kelly Caso Gambit personagem filme).o filme x men- dias futuro esquecer transpor cinema emoção hqs    conseguir resolver questão esclarecir filme anterior dar possibilidade recomeço história agradar fã hq público thadeu Rodrigues
Kai E,1,esperar filme franquia esperar x-men apocalipse 2016 ser bom
Thiago O.,2,"thiago Oliveira“ontem conferi x men saí cinema dúvida ser conseguir bom x men – classe?bom filme bom x men 1,2 3 possuir história convincente faltar coisa agrar insistência colocar personagem falar falar modo achei positivo apesar personagem filme seguir linha x3 – confronto parecer circo x-men tela dirtetor Brian singer virar amarrar história anterior interrogação filme encaixar história flui produção wolverine principal fato Centro filme conseguir dividir atenção histório passar futuro distante “ sentinela ” criar “ bolivar trask ”    disseminar morte quase mutante quase mundo lembrar exterminador futuro    eis surgir wolverine mudar rumo histório voltar passado pedir xavier Magneto filme aproveitar    amarrar fato histórico envolver    morte presidente kennedy belo sacada!o bom roteiro adaptação sucesso days of future past 1981 quadrinhos “ uncanny x men ” chris Claremont John Byrne conclusão filme assistir cinema"
Um visitante,2,volta rendir bom história cinema conter mutante estar acostumado série prestigiar começo prévia resto filme reserva bom efeito ótimo cena ação dias futuro esquecer lir forma suspense bolar encaixam perfeitamente cena escuro muito tensão ótimo passado presente junto batalha ficar bom elenco força presente passado james Mcavoy michael fassbender show respectivo personagem claro contar resto turma ...
Enilson S.,3,bom filme ano ... junção elencos sensacional fã história mutante amar ...
Thalys A.,3,"ano choque decepção x-men confronto eis surgir bryan singer aparecer cinza fênix negro    franquia x-men força fôlego total consertar verdadeiro cagada fazer 2006 claro filme hora singer ir conseguir consertar burrar fazer colega brett ratner    surpresa 70 erro corrigir dias futuro esquecido de aquele história deixar prender filme elenco treinar porte muito cena ação fã franquia gostar claro sátira hugh jackman conseguir perfeição total conseguir concluir bryan singer histór elenco espetacular dar resultado filme perfeito quisemos x-men confronto confessar interessante história dias futuro esquecer diferente quadrinhos claro história mesmo ângulo vista dias futuro esquecido grandioso espetacular achar poder ser aproveitar entrada personagem blink saga Singer anunciar ir trazer mutante pele roxo filme fã enlouquecer rede social verdadeiro portal exigência x-men dias futuro esquecido    dar certo incrível parecer exigência fã atender filme franquia poder destaque pedido louco 
  spoiler 
  Jean Grey 
  
  spoiler 
  Scott Summers 
   aventura mutante 
  spoiler 
  Singer deixar famke janssen Jean Grey james Mardsen ciclope supostamente elenco deixar claro entrevista ter intenção trazer volta filme pronto guerra iniciar Internet fã mundo manifestar pedir volta praticamente elenco original franquia inclusar filme 
  surpresa chegar cinema deparar instante final filme 
  spoiler 
  famke janssen lindo dar ar Jean Grey 
  
  spoiler 
  james Mardsen charme viver garanhão scott 
    x-men dias futuro esquecido eu filme 2014 restar gente segurar ansiedade 2016 chegar telonas história marcante hq x-men apocalipse ir cruzar dedinho ser filme dias futuro esquecido"
Paulo G.,1,x-men dias futuro esquecido viagem trazer volta bryan singer colocar ordem salar cronológico juntar geração x-men clássico x-men classe basear história Chris Claremont roteiro assinar Simon kinberg x-men dias futuro esquecer levar Wolverine hugh jackman universo x-men classe ano 70 impedir místico jennifer lawrence matar bolívar trask peter Dinklage evento projeto sentinelar ser aprovar tornar futuro sombrio finalmente sentinela robôs gigante caçar mutante fazer saber ótimo cena ação parecer sair direto quadrinho presente mutante blink fan Bingbing manchar solar adam canto bishop omar sy apache booboo stewart protagonizar luta sensacional destaque mutante mercúrio evan peters rouba cena bom momento filme wolverine ter importância trama dividir atenção jovem Charles xavier james Mcavoy erik Lehnsherr michael fassbender hank Mccoy nichola hoult precisar convencir ajudá-lo mística interpretar bola hollywood jennifer lawrence ambientação setentisto efeito especial trilha sonoro intenção fox reset franquio ignorar evento filme anterior iniciar fase mutante restar fase poder imaginar ai cena pós crédito
wladimir,1,filme prestar primeiros 15 minuto hoje dia trailers estao bom filme
Rudevan M.,1,delicar filme ruim ... afirmar gostar assisti-lo casa ideia
Adriano Silva,3,começo ... expectativa pra assistir filme surpreendi filme sensacional magnifico marvel bom superar x-men dias futuro esquecido fantástico historia filme achar bom è fantástico x-men lutar pra salvar próprio pele sentinelo futuro sinal ser invencível capaz destruir mutante tristir protagonista hugh jackman preciso comentar talento interpretação viajar volta passado pq único aguentar atuação monstruoso pele incrível lendário Wolverine james Mcavoy    Michael fassbender talento sobrar mostrar mto interpretar monstro cinema patrick stewart ian mckellen afinal contar bom papei x-men nichola hoult fera genial querer tempestade halle berry    recolhir filme justificar fazer filmagem gravir halle Berry tempestade casal perfeito gracioso ellen page fofo kitty Bonequinha porcelano chegar dor chorar katniss ... ( kkk queridíssimo jennifer Lawrence místico show atuação poder diferente x-men tr atenção inteiro filme pra duvida principal responsável acontençeu ir acontecer perfeito restante ator filme belo atuação participação filme ficar perfeito surpreender filme aparição x-men futuro vampira duvida Jean Grey ciclope ver morrer ataque sentinela enfim conheçedor quadrinho x-men poder deixar comentar aparição apocalypse cena pós-credito deixar duvida expectativo
F. V. Fraga,2,fã Cult blog fã cultura batalha quadrinhos cinema 2014 marvel disney seguir dianteira corrida adaptação quadrinho estúdio aparecer retrovisor
Gabriel M.,1,filme mundo marvel x-men ficar trás história passar passado futuro óbvio cena futuro tambem balanceamento ação comédia seguir história professor xavier junto Magneto Wolwerine fera mudar futuro
Alan David,2,revolução franquio chance fortalecer nome x men Cinemas elenco classe
Rogério Cardoso,1,fiquei expectativa marketing fazer filme começar fiquei esperar filme gancho pegar deixar infelizmente acontecer menção honroso cena fuga magneto mutante super-rápido espectador visualizamos slow motion achar ótimo pensar dai filme ir acontecer achar idiota magneto tentar matar mistico dai achar filme perder roteiro encontrar achar incomodou burrice personagem filme sair cinema impressão roteiro orçamento filme poder amarrar enfim deixo impressão filme
Carlos Alberto M.,3,filme bom    bom filme ver último tempo    ver critica ler roteiro falho cronologia coisa va cinema ficar vida real    filme ação ficção    filme chamar filme pipoca    divertir    analisar drama filme intectualoider    primeiro filme serie pra entender historia
Marcelo S,2,lembro 2000 assistir estréia x-men saí maravilhar assistir bom filme Super-heróis haver ser fazer bom produção marvel cinemas começar filme preceder blade 2011 reboot reboot classe elenco história seguir cena x-men 1 ser motivo chorar excitação novamente filme inteligente sinal dia futuro esquecido trazer bryan singer voltar filme mutante elenco reunir trilogia original classe trazer história totalmente inspirar saga nome passar hq ' s claro liberdade criativo aparição inimigo valoroso mutante bolivar trask sentinela ideia filme ótima mostra acontecer futuro sentinela super avançar adaptar ataque mutante x-men luta último cartada salvar raça futuro distópico jovem mutante kitty Pryde enviar consciência wolverine passado continuação direto classe 10 ano atentado guantánamo diferente mostrar cinema versão correto filme blu-ray dvd crítico versão the rogar cut edição vampiro versão ir inicialmente cinemas Singer resolver cortar sequência vampiro corte achar desnecessário explicação trocá-la kitty ferir logan cena final refilmada destino diferente bobby drake continuação kitty guiar logan filme ótimo falha sentinela esperar fã mutante aparecer filme principalmente versão passado fiel quadrinho usar magneto deter momentaneamente logan hank colocar terror oposto humano militar político bancar projeto trask sentinela futuro luta x-men convenhar representar sentinela esperar ... negativo Singer filme x-men si filme futuro equipe mutante blink bishop mancha solar apache agir cena inicial filme restante filme centrar erik fassbender Charles Mcavoy logan jackman raven lawrence ser deixar desejar versão vampiro apesar história mesmo história coesa kitty ferir logan invés mesmo falar aguentar continuar guiar logan ferir feio versão mesmo aguentar continuar processo devido á ferida bobby notificar Charles erik vampira ser manter presa partir versão resgate salvar vampira cena resgate fato embate sentinela certo maneira simples frustante corte sequência filme salvar vampira tomar kitty seguir manter consciência wolverine passado filme ajudar vampira ajudá-lo último sequência cortar vampira inserir filme felizmente lançar filme corte blu-ray dvd fã james Mcavoy bom atuação filme perfeito Charles xavier amargurar esperança de ali aprender realmente verdadeiro professor mutante necessitar michael fassbender ator perfeito papel perfeito magneto cair luva perceber potencial personagem melhorar filme passado ótimo vê-lo magneto hugh Jackman competente wolverine haver falar alguém atuar personagem olhos fechar jennifer Lawrence melhorar místico filme passado equivalente á magneto vilã heroíno seguir linha contraposto pender terminar peça central trama Lawrence show filme voltar galera clássico halle berry participação curto shawn ashmore(muito filme maduro ellen pager caso shawn daniel Cudmore mestre patrick stewart Sir ian mckellen devido roteiro comedir filme participação peso presença igual óbvio esquecer bom cena filme inteligentemente criar singer mercúrio evan peter escutar fundo time in Bottle Jim crocer cena entrar história filme Super-heróis cinema pra finalizar esperar filme trazer finalmente sentinela exatamente dia futuro esquecido hq ' s adaptação telonas convincente construir reunir elenco x-men si fato clássico confesso elenco original ação último
Isabelle,1,chato ... crítico medíocre filme idem saudade Wolverine cabeleira tempestade x-men perder charme troca dólar
Mateus W.,1,"antemão aviso contémr spoiler ok filme ... legal maaaaaaas gostar classe assistir ler n crítica normalmente assisti sair falar filme série bom herói ... legal desconsiderar furo roteiro cronologia x-men lógico filme licença poético adaptar aventura quadrinho cinema pra eu tema principal 
  spoiler 
  uso poder místico sentinela 
  sentido 
  spoiler 
  simples fato místico transformar pessoa caso x-mem poder de ela adquirir poder vampira dna transformar sentinela conseguir adaptar absorver poder 
   compreensível optar destaque oscarizar jeniffer Lawrence história amarrar apesar furo blink fenomenal cena portal praticamente falar sequer xavier jovem wolverine conduzer película chamar filme pra si falar participação mercúrio resumir cena legal sinal  
  spoiler 
  simplesmente descartar longo 
  pra variar rouba cena jovem magneto 
  spoiler 
  principalmente roubar estádio sentinela 
   fera tornar se hulk soro transformar monstro provocar fazer competição golia esmeralda precisar falar sair bom ... ah presença ellen page kitty prade lince negro raio partar motivo sobrar filme lindo enfim acho melhor assistir ler tanto crítica positivo acabei frustrado filme 3d dispensável curter franquia gostar mutante perca vá divertir longo iludar crítica positivo p.s . haver cena pós-crédito 
  spoiler 
  apocalipse Go-go-boys mundo"
Marco G.,1,ver filme destoa q qualidade marvel ano cativar ...
Bernardo Maximiano,1,apesar expectativa filme deixar desejar interessante possuir acao ... letreiro possuir cena ... tradicao ...
Angelo Milichman,3,episódio sago equipe x-men trazer excitoso bonito produção antigo elenco franquia interessante premissa crossover trama trazer ligação logan viajar ano 70 missão reunir erik Magneto Charles professor x hank fera tentativa impedir futuro apocalíptico humano mutante mão raven místico voltar direção bryan Singer temperamento trazer amarra antigo franquia deixar tom autêntico nostalgico interpretação trabalhar firme destaque ator michael fassbender james Mcavoy maravilhoso interpretação destacar patrick stewart maravilhoso abrir professor Charles nascer filme mutante bishop blink mancha solar mutante brasileiro infelizmente frase filme bom mercúrio peter trazer bom cena películo tornar real divertido 3d.)o 3d vistoso bonito ajudar narrativa visual ótimo detalhe formoso história filme agrar fã x-men espectador admirador melhor
Marcello H.,2,gostar filme sentido seguir vario outro filme franquia saga ficar falto açao
roger r.,1,esperar filme filme gostar vario cena principalmente wolverine levantar cama pelar horrível
Vitor D.,1,"esperar mais'o filme Wolverine 3 proprio nome x-men focar filme inteiro em ele mistico interpretar jennifer lawrence achar combinar papel achar escalada pro papel pra ajudar bilheteria atriz atualmente devido reconhecimento filme vidar jogo voraz preferir mistico primeiro filme deixar .. ação .as pouco cena interrompir    diálogo contar usar personagem atuação kitty pryde Lince negro ellen page tenso poder aproveitar bom personagem praticamente atuar 
  spoiler 
  ficar mão cabeça wolverine filme 
  tempestade(halle bale aparição merecer destaque pra eu mercúrio legal brincar habilidade tirar ótimo gargalhada pessoal resumir intenção historio si ser bryan singer pausar ação contar história frustrar fã mutante favorito usar poder eu ) .. filme fazer fã"
Alexandre C.,3,bom filme franquia x-men reunir geração x-men original começar s franquia sucesso início ano 2000 roteiro magnífico viagem ação digno deixar fã nostalgir ultimo filme ator início franquio 5 estrela
B.Boy Jc,3,bom filme franquia assistir anterior entender x-men bom adaptação quadrinhos cinema opinião show
Ryan,3,incrivelmente roteiro efeito visual fala cena drama ação filme tomar detalhe pensar existir propósito surpreendi experiência assister saga achar história criativo previsível tomar rumo inesperar incrivelmente interessante
Vagne L,3,suspeito falar franquia filme unir ponta filme separar
Vander,1,fã série gostar filme criativo produzir
Rosana R.,1,crítico fã filme servir juntar filme x-men antigo vir por vale pena cinema ... valer custo benefício ... bom aguardar sair tv cabo!!!!não crítico cinema opinião gostar cinema sair sala exibição fiquei sensação cadê mega produção aclamar mídia ver ...
Neto S.,3,x-men dias futuro esquecido opinião bom filme franquia acreditar assisti filme cinema filme roteiro impecável filme mostrar cena antigo filme franquia x-men filme contémr excelente efeito especial contém bom elenco hugo jackman Michael fassbender james Mcavoy jennifer lawrence etc filme passar futuro apocalíptico robô sentinela criar bolívar trask caça matar mutante professor x Magneto tempestade Wolverine pouco sobrevivente mandar wolverine futuro impedir futuro apocalíptico mutante recomendo filme fã x-men assistir nota 10
Marcos A.,3,bom filme ano bom filme mutante produzir funcionar história original quadrinho filme basear destaque muito coisa bom destaque especial mutante gosto retratar filme imaginar algum dia ver telona blink filme místico cena magneto levantar estádio antológico filmaço salver bryan Singer
Rafael S.,3,duvida bom filme x-men bom filme herói ano roteiro magistral consertar merda fazer anterior atuação perfeito excelente química ator jovem antigo
Guillermo M.,3,roteiro dinâmico personagem complexo imprevisível excelente filme
Pati Lima,3,filme de este perfeito ... marvel marvel ... ator superar wolverine incrível gostar trabalho james Mcavoy patrick stewart restar aguardar continuação
Luiz Marcelo (Padreco),3,opinião bom filme franquia equilibrar quesito filme apreciar igual vinho pressar apreciar roteiro escrever direção competente ótimo personagem elenco competente efeito dosagem certo trilha sonoro caprichado filme interessante início bônu cena mercúrio bom filme show assista sono distração ser experiência sensacional
Thaylan P.,3,20th fox afirmar x-men dias futuro esquecido bom projeto realizar estúdio criar expectativa filme assisti conseguir superar esperar simplesmente sensacional história articular personagem fazer maquiagem quento figurino ótimo atuação efeito especial bom contar super verossímil x-men filme wolverine solo simples continuação x-men classe
Weslley S.,3,filme excelente ótimm história bom franquia
Lucas C.,2,filme filme inesquecível marvel história planejar contar roteiro fantástico atuação excelente bom resultado belíssimo produção
Malhena F.,2,aguardar continuação    riley adolescência :)
Hnriq,2,manchete site falar inside out dizia-se muito “ pixar vencer crise ” crise carros 2 ser fraco valente apesar diferente estúdio haver fazer belo filme Universidade monstro despeito prequel usar estúdio dinheiro fácil franquia filme levar divertido alma pixar dir crise rotulação criar insaciável mídia buscar frase efeito sensacionalizar rotular aliás tema debater expositiva divertidamente alegria euforia vender ser obrigatório único pessoa conseguir viver?claro preferível viver “ feliz ” “ triste ” filme corretamente descazrr ousar maduro pixar ano estúdio focar narrativa complexidade emoção pessoo possuir elas(tristeza felicidade raivo ... necessário desenvolvimento personalidade caráter consciente personagem riley retratadar época áureo vida idade inocência ingenuidade predominar alegria devido incapacidade inexperiencia reconhecer encarar problema vida menina quase alguém alegre extrovertido carinhoso pai amigo enfim mundo redor contraponto inteligentemente mostrar emoção “ chefe ” mãe tímido tristeza pai raiva poder decorrer obra nenhum mutualidade sentimento compor de aí pixar mostrar toque gênio acostumar filme basear premissa instigante constrói narrativa muito metafórico apesar divertido público infantil transmitir mensagem complexo platéia conteúdo inacessível inocente criança protagonista deparar mudança radical vida menino perder chão euforer fugor transmitia trocar melancolia ímpar paço “ emoção base ” desmoronar contrário propaga mundialmente tristeza fortalecer ser necessário amadurecimento gerar sentimento bom nostalgio saudade posteiormente proporcionar alegria encontrar esperar película levar “ road movie ” psicológico crescimento mental pessoa deleite primor antropomorfização personalidade hilário dublagem original nacional deveras eficiente retratar cara boca viar tela trilha sonoro michael Giacchino parceiro fiel estúdio lindo principalmente cena melancólico emocionar soar apelativo desing produção merecer indicar prêmios(pena preconceito indústria indicar animação categoria técnico primoroso fotografia wall-e usar palavra crítico Thiago siqueira urbanização menter criança sacar criativo ver retratação sonho pesadelo sessão 19 ano saí sorriso bobo mesclar sentimeno proporcionar eu último 94 minuto maravilhar simples estúdio proporcionar belo filme animação belo metáfora vida
Michel B.,3,animação pixar capricha criatividade animação
Camila S.,3,omg bom animação jo criar ri muuuito chorar emocionar fiquei lembrar ... tomar façam continuação ficar gostinho
Bruno C.,1,bom filme marcar volta pixar vir fazer continuação sucesso anterior adolescente adulto interessante assistir filme criança principalmente pequeno ficar cansativo acabar entender mensagem filme passar
Diego Espeschit,3,bom animação ... esperar filme bom rei leão bom shrek melhor upr bom frozen melhor nemor bom toy story bom toy story 2 toy story 3 ... divertidamente bom animação ver
Amanda A.,3,excelente filme filme criança chamar atenção adulto achar produtor história interessante adorar filme infantil 
Tassiana,3,pete docter envolver projeto animação certo tenhamos encontro muito sensibilidade inovação diversão inspiração dentre coisa mudanço personalidade filha fazer filme inusitar personagem linr encantador perceber depender situação partícula brilhar detalhe diferença absurdo resultado haver muito técnica jogo competência absurdo pixar capaz proporcionar prazer divertido mente olhos coração graço
Kamila A.,2,essência animação “ divertido mente ” dirigir co-escrita pete docter encontrar se retrato formação personalidade humano criança ter ênfase desenvolvimento emoção personagem principal longo garotinha riley dublar kaitlyn dia versão original apresentar particularmente difícil vida criança afastar conhecer amigo escola atividade lazer pais dublar Kyle Maclachlan diane lane versão original decidir recomeçar vida San Francisco interessante “ divertido mente ” história contar ver emoção existente riley alegr dublar amy poehler versão original medo dublar bill hader versão original raiva dublar lewis Black versão original nojinho dublar mindy Kaling versão original tristeza dublar phylli Smith versão original emoção guiar estar ser confrontar diverso desafio dia dia acompanhar jornada riley descontrole apresentar sentimento de ela mesmo desconectar pouco conhecer extremamente fascinante muito maneira “ divertido mente ” dialoga diretamente “ toy story 3 ” obra universo pixar animation studio filme falar necessidade deixar pra trás recomeçar relembrar produto direto vivenciar longo existência diversos desenvolvimento habilidade Campos relacionamento riley provar filme dirigir público infantil “ divertido mente ” profundo medida perceber conflito vivir mesmo principalmente turbulência crescer resultado filme dialogar público idade histório apesar extremamente didático adotar tom condescendente plateia “ divertido mente ” longo animação ano – quiçá gênero – chamar atenção originalidade espectador cheio justamente pregar emoção
José Fernandes S,3,haver via filme bacano divertido inteligente filho ano tornar expert filme criança assisti animação poder imaginar ver criança compreenda totalmente funcionamento trabalho realizar interior mente riley gostar filme gostar malvado favorito 1 2 bom minions nota 10
Um visitante,2,animação contar estúdio pixar pete docter retornar direção sucesso filme anteriores(monstrar s.a up comovente divertido história complexidade emoção humano dificuldade adaptar ar dor sentir deslocar desenvolvido dinâmica simples ser palatável idade
Patryck F.,3,"ser criticas filme lançamento ter erro Sera criticar fraco filme mostrar claramente '' sentimento '' foco principal dizer personagem principal trama felicidade tristeza pixar incrivel nao colocar vilã velho incrivel reviravolta tristeza tar atrapalhar vilã poxa tristeza 
  spoiler 
  assumir lembrança riley mostrar importante util foda velho escorrer lagrima olho 
   .outro personagem incrivelmente aproveitar opiniao amigo imaginario riley 
  spoiler 
  morte 
  de ele sensacional triste personagem nao existir filme nao igual pra eu bom personagem filme.há psicologia divertido mente filme tratar assunto ser pesar pra adolescente mostrar explicar assunto facilidade clareza simplicidade achar incrivel absoluta filme ira conversar pai criança apesar filme fazer criança assunto chamar atenção pai otimo filme conheçar considerar pakas <3 <3 filme sensacional história personagem trilha sonoro detalhe rico disney manter filme ... diferente 3muito pixar voltar 3me rir ficar bravo ficar triste chorar sentir sentimento '' pixar '' filme de ela passar sinceramente falar bom sentimento sentir parabens entregar belezuro filme <3"
Jhonathan C.,2,pixar conseguir surpreender brinquedo peixe monstro dominar emoção haver certo divertido mente entender fazer público infantil estúdio dar volta agrar público história cativante imaginação voar
Eduardo Santos,1,primeiramente título filme português ultraje trocadilho ridículo filme divertido verdade amigo ver filme comigo traduziu título maneira adequado depressivamente inglês nome insider out pra soa adequado chamada português animação pixar disney trazer com si montanha russo emoção oscilar alegre triste estalar dedo bipolaridade reinante filme narrar história menino riley 11 ano viver vida super feliz interessante minnesota pai decidir mudar Francisco escola amigo riley sofrer avalanche sentimento contraditório si filme praticamente inteiro passar mente sentimento alegria tristeza medo raiva nojinho controlar emoção menina nascimento memória circuito regem área importante vida famílio amizade honestidade Bobeira hockey controlar maneira relativamente harmonioso mudança cidade verdadeiro confusão reine interior de aí filme contar tentativa frustrar retornar paz outrora filme parecer ficar louco sentimento protagonista bom ideia área abstrato realização sonho subconsciência mesclar dureza Aspereza situação limite gerar situação forçadamente angustiante alegria liderar sentimento controlador precisar enfrentar dilema extremamente tirano compreender propósito existência enfrentar situação risco sacrifício levar lágrima olhos alegria superar adversidade filme contar personagem carismático definir circunstância certo cruéis tato aterrador filme parecer extremamente complexo criança provavelmente entender nuance narrativo causar pequeno trauma destino simpaticíssimo personagem enfim filme gente entreter criança visualmente devido visual apurar exemplar pixar magnetismo alto dose melancolia desesperanço feliz ser alcançar tanto sentimento flor pele filme levar emoção diverso tona ficar sentimento saberr certo filme agrar deprime sensação reinou eu indiferença filme potencial desperdiçar prol forjar bonitezo fundo tanto emoção parecer frio retrato amadurecimento riso lágrima ah fraquíssimo curto anteceder longo intitular lava pior curto ver pixar
Alan David,2,filme sentimento cor fazer inteligente cuidadoso atingir criança mensagem adulto
Fernanda A.,3,família chorar kkkk
Nathália T.,1,lir definitivamente filme adulto criança ensinar
cinetenisverde,2,divertido mente sinal disney pixar apesar parecer sair trilho produzir continuação transformar franquia comercialmente poderoso artisticamente repetitivo arriscar pra valer apostar versão spike jonze 2013 público infantil destrinchar emoção formar maneira dificilmente ver produção gênero
Um visitante,1,"ter protagonistas;alegria nojinho medo raiva tristeza,""divertir mente"",não poder diferente animação moldes de aquilo pixar costumar colocar magia histório agrar público infantil sentimento responsável controlar pequeno riley acabar mudar cidade consequentemente escola Garotinha procurar amigo claro controlar sentimento poder animação pixar riqueza universo sinceridade personagem apresentar 2010,algo imaginário cativo público.-filme assistir 23 outubro 2010-nota 7/10"
Consuelo B.,3,recomendo mostrar emoção importante formação humano
Ann Paul M.,3,criativo amo animação humor inteligente
Ravi Oliveira,3,divertido mente pete docter inexplicável pequeno detalhe filme tornar grande bom produção cinematográfico produção roteiro lir personagem ótimos trilha instrumental filme indescritível filme assisti ficar pensar obra-prima mudanço cidade emoção riley 11 ano idade ficar extremamente agitar confusão salo controle cérebro deixar alegria tristeza afetar vida riley radicalmente
Marcelo L.,2,realmente gostar filme passagem engraçar criança divertir ter pai assento frente cinema dar ótimo gargalhada filme triste modo algum tirar brilho levar filho assistir arrepender
Dulci B,1,esperar decepcionar principalmente achar ficar vago ... personagem gostar segurar filme tristeza passar mensagem importante vida alegr caminhar junto
Leonardo L.,1,Disney inovar trama fazer impossível agradar publico ... causar alegria angústir ansiedade tristezo emoção filme filme assistir família
Lucas S.,1,filme mostrar maneira simples sentimento influencir atitude
Henrique M.,3,animação legal pixar filmerealmente muto bolar
Daniel Novaes,2,filme criança complexo bonito
Tiago F.,1,"legal filme cópia fajuta guerra interior    código filme    adorocinema 241957a disney querer mudar foco mensagem filme trazer assistir filme guerra interior perceber cópia personagem secundário controlar vida personagem principal cujo nome dar conforme emoção influêncio causar vêem mundo exterior "" bola controlar personagem lembrança banner publicitário copiar filme assistar guerra interior filme"
Narinha P.,1,horrível ...................................................................
Ricardo L.,2,animação ganhador óscar merecidamente roteiro incrível mostrar sentimento garotinha alegrio tristeza divertido
Luana O.,2,bom animação assisti retratair maneira simples tema complexo claro sensível
Carlos P.,3,animação inteligente ver apesar emoção ocorrer cabeça criança ir identificar muito lição precisar tristeza alegria ter filme pra rever
Jorge Eduardo M.,2,filme diverter cheio cor personagem engraçar tristeza raiva hilário filme emocionar mostrar tristeza alegria andar juntas emoção influenciar escolha decisão formar pessoa filme parar voltarei vê-lo novamente confirmar mudar avaliação ..
Dennys R,1,assisti pra injusto avaliação realmente achei obra-prima animação
Sidney  M.,2,bom animação de esse último ano infantil reflexivo assistar valer apena
Isis Lourenço,3,fofo divertido filme perfeito criança maiorzinhas(de 7 pra pai bom risada lição pra vida dever agir impulso
Vitor Araujo,3,cérebro sentimento vida pixar divertido visual complexo criativo crescimento interessante
Guilherme M.,3,filme brilhante roteiro magistral emocionar dose certo dúvida bom animação pixar
Ana Paula S.,3,filme incrível olhar psicologia realmente acontecer mente humano filme divertido interessante amei
Taiani M.,1,adèle dono boca tomar conta tela comer prazer sono agitar seduzir precisar batom medo gritar Chora comer meleca amar chupa cosper defender profissão pressão artístico burguesa namorar par satisfazer amor pomme amor frágil 1977 interpretar isabelle huppert adèle precisar criar existir felizmente trabalho igualmente amar livrar ela loucura inevitável intenso relacionamento poder trazer kechiche preferir boca bundar olhar destaque filme adèle igualmente guloso olhos recorrer conseguir flerte rapaz amor ver percepção término – Louise Brooks fundo belo cena filme – reconhecimento derrotar costa mostrar caber comparação adèle exarchopoulos Kechiche sandrine bonnaire pialat amoursr 1983 talento perca
Fernanda M.,1,filme chamar atenção vê-lo história atriz diretor fato ter receber Palma ouro junto esperar filme mostrar casal homossexual causasse polemica falar cena sexo amoroso sexo presente vida casal diretor pequeno esconder ato deixar ele implícito sexo homossexual tabu sociedade várias cena sexo deixar ninguém indiferente gostar ficar chocado achar exagerar ai close filme extrer intimidade ator principalmente adèle expor maneira quase sufocante momento falar comer debulha lágrima virar cena beirar escatologia histório filme interessante realista atriz parecer atuar viver vida personagem trunfo história eu retratar amor mulher mostrar diferença emma velho seguro sexualidade artista Faculdade ar acadêmico amigo adèle jovem insegura aspecto pretender seguir carreira acadêmico professor criança desecontro realidader desejo papel importante filme interessante história acabar muito pessoa identificam-se jovem adèle muito perder mundo intelectual pertencer enredo filme ficar longo cena arrastar se motivo 3h poder 2h20 perda conteúdo prejudicar compreensão histório enfim filme polemico chocar assistir prender parte sexo atuação atriz si motivo assisti-lo
Ana Paula F.,3,filme realmente ótimo bom vi intenso pra sentir junto ae dele sentimento emma assistir aviso filme contémr cena sexo explícito oque chegar chocar telespectador viram filme conter conteúdo cena diretor conseguir transmitir idéia diretor querer mostrar público vida ae dele deixar íntimo de ela ser imagens sexo vê-la comer macarrão vê-lo completo assistir maravilhoso 3 hora filme gente ver tratar filme sexo amor filme notar 10 bom ano
Dog Salino,3,azul definitivamente cor quentechega difícil falar filme azul cor quente nao mostrar    estória amor mulher mostrar quão dificil amadurecer amar necessariamente ordem adèle jovem    emma velho decidir culturalmente desenvolver conhecer surgir amor problema azul filme impressionante ano    sexo fortemente presente so pano fundo trazer conto atriz maquiagem algum ver imperfeição deixar sensação assistir documentário cor azul ficar so título cabelo emma saltar cenário figurino fotografia trazer toque sutil desaparecer medida casal afastar espectador    participante atuação inexplicável    sutileza ímpar sensível    doar personagem tornar so Mérito direção competente comum atriz plástico filtro lir azul vir pra tirar de esse impressão hollywoodianas único negativo excesso close compromete resultado tampouco qualidade    excepcional definir la vie d'adèle
Wellingta M,3,filme perfeito ousado verdadeiro assisti com si imaginar filme língua ser francês sair sala cinema completamente chapar atuação de esse atriz talentoso corajoso filme libertadorr pena ser pouco preconceito olhos
Quim Shad,1,lamentável crítico cinema    muito esquecer cinema apegar exclusivamente importância temático temático em esse critica observar fator principal filme ter estrela vir prova absoluto crítico cinema fácil relativo difícil acertar ir interessar ator espetaculare ver interação simples condizente papei pecar grandemente fotografia ganhar diálogo diálogo característico positivo cinema francês perder cena longo desnecessário exceção cena sexo constrói erra negar cena sexo hetero      traição ae dele deixar vago bissexualidade errar grosseiramente repetição imagem característico pobre cinema francês cinema comum haver perder cinema americano britânico italiano japonês filme ter direção bom médio pra medíocre clássico cinema francês presentear cena típico má direção emma levar adèle casa pai emma comentar adèle comer fruto mar começar ri desproporcionadamente igualmente desproporcional criticas improváveis “ crítico cinema ” elevar estrela
Art,1,falar se filme assisti simplesmente fraco muito pompa pra absolutamente
Luana S.,1,pornô melodramatizado francês vaidade pseudo intelectual característicar diretor amar festival Cannes bastar frase dito personagem ter intelectual filme amigo emma afirmar tirar mito grego orgasmo mulher 10x homem biológico psíquico afirmação existir tamanho bobagem decorrente roteiro filme pra eu decadência cinema francês diga-se passagem perguntar ficar tanto deram estrela filme eu existir resposta defes partidário panfleto filme espetacular assistar beleza filme italiano vencedor globo ouro 2014 concorr azul cor    quente vencer
Jairo Moura,3,condição existência romântico impactar adolescente fino flor hormônio principalmente sexualidade xeque azul cor quente la vie d’adele ver mix sentimento intensificar explod dinâmico fotográfico Beira perfeição intriga detalhe levar belo história adèle adolescente adèle adèle exarchopoulos seguir rotina diário estudo círculo social forte amigo pressionar sexualidade percebir amigo emma léa seydoux estudante “ belo arte ” chamar atenção coloração azul cintilante cabelo de aí adèle envolver moça madeixa azuis enroscar esplêndido drama amor hora duração filme francês dirigir diretor abdellatif Kechiche abusar close certo íntimo personagem mostrar detalhe olhar ação mesmo sena sexo ver mínimo detalhe ato modo sexual personagem parecer obra arte perfeito alia intuito Kechiche tentar mostrar faceta romance conseguir modo esplêndido!ma rouba cena protagonisto atuação memorável léa seydoux bom papel carreira corajosamente encarnar personagem homossexual mostrar sentimento intenso comprova apelo entregar atriz estrela principal ficar adèle exarchopoulos carregar filme costa conseguir passar público detalhe crescimento personagem emocionar expressão facial demonstração ato sexual sorriso modo arrumar cabelo choro descabido ... pleno perfeição atuação bom ano reforçar trilhar telona azul cor quente pecar deixar sensação poder desfecho diferente tirar brilho merecer ganhador Palma ouro Cannes exímio requinte mostrar amor ditame porquês ... intenso lir ramificação
Priscila F.,1,quase 3 hora diálogo fútel tornar filme desinteressante poder resumir 1h30
Um visitante,1,filme público    motivo visível justifiqueer quase 3 hora duração histório arrastar cansativa excesso erotismo propósito cultural chegar constrangedor
Rafael S.,1,ruim porno france lesbico sentido merecer reconhecimento achar meia estrela dar merecer estrela
Jonathas C.,1,trabalho publicidade apelativo ser redundante típico filme agrar imprensa
Ricardo L.,2,França filme erótico romântico dramático roteiro 3 hora cansar arrastar trás com si ato definir direção eficiente atuação fortes menina merec óscar atuação cair queixo azul cor quente transmitir bom cinema francês
Um visitante,2,filme sensibilidader imensa!não medo falar assunto delicar sexualidade falar disso!e fotografia impecável atuação bom principalmente adèle exarchopoulos!é emocionante ter triste certo inesperado!entretanto filme ficar cansativo momento quase andar atriz principal retratadar ocasião cause certo desconforto pessoas!de filme deixar artístico forte bonito esteticamente história amor!aprovar
Rodrigo R.,2,filme superar expectativa positivamente filme contar história adolescente adèle estudante buscar feliz encontrar amor pleno realização jovem doce entrega corpo alma amor vida estudante arte emma filme espetacular atuação jovem atriz francês adèle exarchopoulo ter desafio interpretar papel extremamente difícil conseguir encantar expectador leveza delicadezo beleza olhar cena dramático expressão fala digno aplauso roteiro escrever extenso diálogo parecer ótimo direção desconhecer abdellatif Kechiche conseguir conduzir maestria obra primo cinema francês ... valer pena conferir
Thomas Jefferson,1,ficar fartos atormentar certo miséria cinematográfico correr ladeira abaixo desesperar produção digno efetivo pra chorar refletir precisar encontrar azul cor quente filme entediante fútil deparar personagem forte elaborar fantoche mostrar realidade aleio realidade Sociedade segui contestar azul cor quente bonito sentido amoroso extremamento vazio diálogo chato poder fechar olhos ouvir gemido exagerar sexo compostor filme extremamente deselegante obrigar dia praticar adorar ser sujo delicioso sexo passar exibição ambicioso ridículo compor filme sentir amor queima ferozmente personagem apreciar beleza amar alguém vivenciar traição desprezor exibição azul cor quente filme fazer pra exibir praticar    fazer pra refletido reflexão    presente canto acontecimento momento abusivo filme fato mulher amar mudar mesmo ser protagonista hétero farto filme realista diretor inverter peça trocar hétero aceito sociedade colocar lésbico quase aceito sociedade ser homossexualismo expor longo canto aceitar sociedade sofrer traer sujo imundo maldito filme claro existir barreira pra verdade em ele abrir mente diferente vejor protagonista casal hétero pronto fazer filme representar sociedade
maric,3,lir comovente maneira filmar intenso história amor contornos político-social referência cultural música fotografia irretocável delicar sensível exacerbar belo cena sexo atuação atriz merecer prêmio ser nomear ganhar pena lseydoux ter se afastar kechiche divulgação filme reafirmor percepção inicial    haver certo imaturidade profissional declaração inicial expor modo exacerbar sobretudo àquela deplorável moral norte-americana ver léa ser massacrar ... reação compatível atriz dever copiar savoir-faire charlotte Gainsbourg filmar lar
Juarez Vilaca,2,excelente filme doce romance homossexual mulher tema aparecer normalidade tela simplicidade qualidade realidade filme francês haver necessidade quase 3 hora filme acreditar filmagem ficar bom pena cortar adèle exarchopoulos papel    adèle béatriceanne loiret emma perfeito direção filme quase fazer explorar emoção facial olho bocar sorriso preocupação alegrio felicidade tristezo    muito duradouro cena explícito sexo selvagem ser pornográfico educativo filme simples apelação clichês exibicionismo criar situação agressivo imperdível gostar cinema desafio
Alan,2,filme retratar vida casal jovem lésbico ser casal heterossexual muito ênfase preconceito positivo filme clichê acordo aceitação sociedade atual especificamente francês liberal claro diálogo destaque filme francês filme ver preconceituoso
Paola T.,3,sombra dúvida filme intenso inebriante último tempo hora cinematografia tirar fôlego atriz mergulhar cabeça personagem fazer telespectador perca mistura sensação acreditar romance real inspirador chocante realista carnal dramático ... essencialmente amor
Sílvia Cristina A.,3,azul cor quente mergulhar pudor muito sensibilidade delicar universo jovem descobr se mesmo mundo amor emma adèle sintar imediato atração conduzir    profundo romance ver gradativamente diluir ver gradativamente amor despencar câmera lento abismo incompatibilidade emma pintora artista mulher conhecer mergulhar de ela mesmo pertencente família liberal intelectualizar emma colocar realização medo sorver vida gole fartos adèle garota cheio interrogação lacuna apesar apreciadora livro adèle tender reflexão    viver simplesmente autoconhecimento    ter    conduzer estranho atitude reconfigurar trajetória vida azul cor quente    singelo poema cinematográfico amor felicidade escolha atitude impensar mudar destino visão realista relacionamento afetivo amar mundo adulto
Maiane L.,1,afinal conta assistir filme Site confuso verdade porcar treiler com si filme ... acesso
Daiane F.,3,bom filme cena intenso realista roteiro escrever falar personagem significado contexto história atriz principal perfeito papei léa seydoux impressionar mudança aspecto físico emma realmente pessoa diferente achar extremo ignorância longo filme caráter profundo sensível ater cena sexo passar bacanal veracidade cena personagem maravilhoso passar naturalidade acreditar filme restrinjar pegação lésbico histório amor diferença sociedade pseudo conservador manio taxar errar diferente acostumar fizeram-no acreditar errar longo duração filme perfazer levar ficar envolvido trama passagem mostrar dificuldade adéle enfrentar fase vido lidar emoção desejo menina procurar encontrar algum maneira certo acontecer relacionamento Emma moça velho educação diferente aprender diversos coisa juntas diferença medo insegurança mãe Emma certo filme sintar ameaçar acreditar corresponder expectativa amar levando-a acreditar alguém mesmo profissão interesse comum poder ampara-lá caso emma rejeitar durante longo representar emoção vida mulher sentir independente opção sexual dúvir insegurança curiosidade impulsividade desejo arrependimento estar sujeito adéle escolhar diferente julgar certo entanto importar certo repito ótimo filme buscar banalização homossexualismo sexo mostrar realidade afinal pessoa apaixonar aparência contar bancário personalidade parceiro vir acrescentar vida dever
cinetenisverde,1,filme temática gay ficar claro emma adèle explorar preconceito diferença ... sexo verdade sexo primordial enfocar exaustivo quase pornográfico conseguir tirar filme diretor abdellatif Kechiche acertar cheio proximidade câmera excelente segredo grão determinar tensão crescente sexual suspense proximidade gratuito explorar beleza físico atriz adèle exarchopoulo ângulo posição boco haver exagera tela sexo azul azul ficar difícil interpretar simbolismo deixar
Floripes D.,1,assisti filme achei desempenho atriz extraordinário entretanto gostar cena sexo longo chocante admito sensação poder fruto preconceito achei filme boring triste assistir recomendar
Deyvson R.,1,filme altamente apelativo adorocinema crítico falar tratar filme sexo homossexual etc. descobrir sexualidade fase difícil conturbar adolecência dar 5 estrela haver façam favor filme ruim cansativo quase 3hs ver mulher chupar sinceramente ver filme mediano ser infinitamente bom adorocinema 2 3 estrela aprender filme fase descobrir lícito haver limite alcançar prazer falar sério mundo precisar
Biia T.,3,cara filme otimo apesar pornografico mostrar q homosexual tbm direito amar feliz q preconceito valer pena assistir
Jorge Eduardo M.,2,assisti filme expectativa causar grato surpresa filme temática polêmico complicar viver processo pouco filme ver atuação brilhante adelle emma    transmitir emoção sensação apresentar filme primeiramente menina ingênuo puro curioso dúvida medo insegurança momento filme estar desconfortável determinar situação pouco personagem viver buscar auto conhecimento encontrar ficar passar filme mostrar q viver paixão q fato existir complexidade
Andréia M,3,excelente filme amor mulher apresentar enorme beleza voracidade
Kamila A.,2,“ azul cor quente ” filme dirigir co-escrito abdelatif Kechiche obra falar desabrochar juventude descoberto amor dúvidar filme francês vencedor Palma ouro festival cinema Cannes 2013 obra quebra padrão especialmente retratar história amor intenso verdadeiro principal vértice francês cor azul simbolizar liberdade trilogio dirigir Krzysztof Kieslowski filme abdellatif kechcihe cor azul significado completamente oposto àquilo normalmente tranquilidade serenidade harmonir frieza monotonia depressão jovem adèle adèle exarchopoulos estudante colegial azul cor cabelo emma léa seydoux chamar atenção passar representar calor conforto companheirismo advinr descobrir vivência amor retratadar especialmente início “ azul cor quente ” adèle passar imagem adolescente confuso precisar encontrar mundo tentar relacionamento amoroso estabelecer primeiramente thoma Jérémie Laheurte posteriormente emma verdade emma adèle experimentar amor pleno medida passar processo amadurecimento descobrir mulher expander horizonte encontrar transformação adèle vivência belo sentimento retratar real filme abdelatif Kechiche
Marcio S.,3,infelizmente apesar evolução tecnológico conseguir evoluir interiormente hoje humano aceitar famoso livre arbítrio bastar tocar assunto sexualidade começar incomodar hoje ter melhorar conversa sentir aceitação escolhar sexual igual falar religião aceitação humano azul cor quente tornar manifesto descoberta interior humano       ae dele adèle exarchopoulus garota conhecer sexualidade pensar sair garoto colégio sentir incompleto hora sexo haver faltar encontrar bar mulher cabelo azul chamar emma viver atriz léo seydoux mulher haver cruzar rua tornar amiga encontro ae dele jornada interior auto descobrir     filme premiar canne 2013 assisti crescimento emocional protagonista ae dele descoberta sexual hora seguir ser testemunha crescimento emocional degrau degrau construir maneira cadenciar personagem extremamente palpável interpretação atriz intenso real cena sexo gratuita mostrar envolvimento emocional vigoroso entrega físico incrível mostrar descobrir prazer tocar protagonista ae dele troca olhar refletir rosto amor inquestionável tristeza irreparável ae dele autodescobrindo experimentar lado chegar apesar viés claro gerar mínimo dúvida futuro sexualidade filme tornar real humano vida experimentação acertor felicidade erro óbvio generalização sujeito inúmero exceção saber generalização sugestão definição      inspirar história quadrinhos le bleu est unir couleur chaude julie Maroh roteiro adaptar diretor abdellatif Kechiche Ghalya lacroix utilizar interrogação sala aula preparar cena vir utilizar cor azul praticamente quadro filme haver raro cena ter cor fundo destaco cena ae dele mar rodear azul cabelo tornar azul evidência Emma vida de ela abdellatif transformar iluminação fria conhecimento interior ae dele encontrar emma bar utilizar iluminação quente enaltecer amor vir preconceito obvio estar filme importante realmente estar gostar certo incomoda sociedade      filme sensível realista bonito história amor construir falar preconceito traduzir imagem descoberta crescimento emocional ver história cinema
Leo Thomas D.,2,plano usar diretor incrível história ficar intrigante descoberta relacionamento protagonista conflito filme
Mauricio J.,3,vencedor palma ouro festival Cannes finalmente chegar cinema brasileiro motivo fama Brasil simples motivo polemico envolver cena sexo compor filme ninguém aler sexo interessar drama contar trailer filme hoje tragar opinião filme azul cor quente história acompanhar adèle adèle exarchopoulos garota 15 ano descobrir cor azul cabelo emma léa seydoux paixão mulher revelar ninguém desejo entregar completo amor secreto trar guerra família moral vigente ae dele crescer procura se perde-se encontra-se … filme focar principalmente preconceito sofrer adéle durante filme dramar decorrer filme sofrer humilhação chegar filme conseguir segurar lagrima chorar tristemente aguardar desfecho drama bom surpreender filme preconceito gay lésbica ficar bel filme elenco filme poder julgar livro capar simplesmente fazer ótim atuação trama atuação totalmente convincente dramático chegar difícil falar sinto ver filme momento chorar momento ri momento sentir raiva momento querer sair sala chorar banheiro cinema ... levado contar durante filme conseguir fantástico roteiro filme confortável filme livro abordar sexo historia trás prazer ir falar roteiro senão chorar azul cor quente bom filme ano merecer corrida oscar admirador arte deixar filme totalmente essencial pessoa fantástico
Lidiana C.,1,"filme francês 2013 dirigir abdellatif Kechiche vênus negra),estrelar adèle exachorpolous léa seydux obro Adaptação quadrinhos escritos desenhar Julie Maroh título original le Blue unir couleur chade "" história adèle apaixonar Emma andar tranquilamente rua Paris encontrar garota cabelo azul adéle ficar fixar misterioso mulher madeixa colorir finalmente romance concreto acontecer azul cor quente filme aclamar 2013 entrar lista ano bom ganhar prêmio dever destacar primeiramente atuação brilhante adèle exachorpolous jovem atriz desempenhar adèle maduro dedicar competente haver dúvida atriz promissora originalmente nome filme la vie d'adèle tradução livre signficario vida adèle forte paralelo livro adolescente ler início vida marianne mesmo estar adorar livro exatamente explicar razão perceber se certo identificação adèle marianne outro paralelo interessante literatura cinema adèle aprofundadar estudo professor discorr livro aparentemente falar amor seguida ver jovem completamente fascinar Emma troca olhar recíproco deixar claro conhecer hq filmografia Kechiche filme fiel quadrinho tratar filme direito casal homoafetivo linha político história menina apaixonar declínio paixão retratar tela cinema trivial devar honesta existir filme discutir relação ser heterossexual homoafetivo interessante obra longo retratar óbvio adèle menina tornar se mulher dia noite particularmente conseguir enxergar amadurecimento personagem cabelo desalinhar deslocar lugar frequentar personagem buscar diferentemente emma mulher velho faculdade belo arte intelectualizar resolver sexualmente chegar profissionalmente querer adèle buscar oe usasse morar juntas adèle contentar cozinhar amar trabalhar professora professor início filme ver garota opinião escrever gostar ler ser deixar envolver emma jovem perder vir família tradicional gostar ver rompimento tradicionalismo ficar cargo assistir interpretar ser enfrentar família mentir morar emma?um delicar pretender discutir ver filme louco ler polêmico cena sexo garota acompanhar trabalho assisti filme temático lgbt excelente sinal cena sexo ser necessário enredo contexto questionor exposição corpo atriz cena digno filme pornô cena dirigir causar certo desconforto assistir drama repente deparar sexo puramente explícito desnecessário caso azul cor quente insinuação sexo cair bom dever destacar próprio autora quadrinhos aprovar cena ar constar julie Maroh consultar nenhum durante gravação filme achar ser hipócrita problema sexo problema excesso acontecer azul cor quente mulher fazer amor ganhar destaque assunto filme abordar discriminação adèle sofrer colégio simplesmente conversar emma ver nenhum comentário abordar cena comentário mulher homem excitação atriz fazer ensaio lesbian chic Cristo orientação sexual menina importar honestamente discutir único filme quase hora duração perguntar fantasia lesbianismo virar modinha ser resposta deprimente lembrr eo lançar Segredo Brockbreak montainr diretor ang lee gerar muito polêmica piadinha amor cowboys filme história amor desocupar plantão fazer montagem cartaz filme colocar atriz haver piar hipocrisia mulher lésbico virar fantasia 90 homem lamentável filme temático lgbt ser ver satisfazer onanistas plantão redtube isso).não ler crítica filme gostar formar próprio opinião especial publicar site pragmatismo político chamar atenção metade ir deparo seguinte frase haver bonito mulher fazer bonito "" Natalie portman dizer certo indústria cinema predominantemente masculina atriz submeter frase caber perfeitamente azul cor quente exposição demasia corpo feminino nu nudez sexo excesso ficar cansativo tirar foco obra acabar ser enfadonho filme brasileiro esquecer ana Paula arósio papel professora lésbico abandonar companheira haver beijo lésbico cena sutil pintora precisar expectador compreender mensagem desfocar contexto filme palmas!""azul cor quente merecer lista bom 2013 filme longo contar história trivial poder roteiro interessante poder proporcionar discussão homossexualidade relação amoroso ser hétero hor"
Sidnei C.,2,azul cor quente chegar cercar polêmica derivante origem discutir cena sexo filme ganhar Palma ouro festival Cannes ano decisão criticar função ousado cena sexo considerar quase pornográfico festival principal atriz premiar canne passar queixar publicamente diretor tunisense kechicheer acusando-o tratamento dispensar obter realismo desejar cena chegar sentir prostituta                             fatalmente filme passar chamar atenção público razão qualidade inegável muito pessoa interer chegar assisti-lo cinema ir buscar cena quente sexo mulher filme fazer absolutamente intenção saciar curiosidade voyeurista espectador assisti-lo ideia cabeça sair frustrar azul cor quente absolutamente tango Paris império sentir versão mulher assisti-lo cena sexo contémr sentir chocar desconfortável apreciar qualidade dramático verdade haver ignorar cena sexo principalmente marca encontro ae dele emma particularmente longo realista chegar explícito                               chegar cena sexo necessário diretor Kachiche objetivo filme banalizar homossexual tratando-a naturalidade amoroso filme paixão obsessiva natural esperar presença sexo bastar lembrar colocar filme emma estudante belo arte conversa adéle perguntar chamar belo arte existir arte feio retratar paixão homossexual diretor perguntar existir amor feio existir sexo feio sexo feio culturalmente motivo religioso sexo tabu longo cultura ocidental deixar considerar nudez inaceitável passar apreciar beleza corpo humano feminino principalmente sexo si ato sexual mascarar arte haver consenso feio    fazer ver propósito puramente libidinoso retratar cena sexo diretor acima provocar discussão perceber cena erotizar romanceado tratar realismo crú pouco ver filme dramático                    azul cor quente típico filme francês escritura cinematográfico aspecto lembrar estilo diretor André téchiné Rosas selvagem maurice pialat amor desenrolar filme seguir roteiro pré-escrito impressão livro personagem escrever próprio história diretor acompanhar filmar aparente longo duração mérito conhecer adèle complexidade dúvida conflito angústia transformar filme quase diário filmar filme focar história personagem quase referência espaço haver avanço temporal rompimento adèle Emma perceber sutilmente simplesmente aparência diferente adèle corte cabelo passar impressão velho fato trabalhar professora plano início filme emma conversar bar lapso 3 ano ficar explícito haver sacada notável diretor detalhe objeto cena azul vestir adèle passar aparecer emma deixar pintar cabelo paixão começar esfriar entrar crise revelar cor azul cabelo Emma passar habitar memória afetivo adéle                        toa atriz Exarchopoulus empresta nome personagem principal filme adèle difícil personagem adaptar medida atriz incorporar totalmente transformar se personagem transpirar fragilidade insegurança diretor ser tirano acusar atriz principal método filmar deixar realmente espaço ator respirar praticamente filme câmera enquadrar ator plano close adèle atriz principal praticamente cena deixar expressar impressão rosto revelar algum sentimento algum pensamento léa seydoux jovem atriz-fenômeno França merecer elogio emma quase coadjuvante caracterização personagem performance impressionar emma demonstrar certo masculinidade maneira totalmente sutil interpretação 2 atingir equilíbrio força perfeito inesquecível cena rompimento emma expulsar adèle casa ver nenhum outro filme ano cena igualmente carregar dramaticidade autêntico genuína brutal bastarer cena catalogar azul cor quente obra antológico                             azul ... filme moderno único despojar artifício carregar carga dramático intenso sombra dúvida possuir bom interpretação ano composição impressionante novato adèle exarchopoulus
Maxwella O,3,adorar filme vi várias apesar ver filme lésbico azul cor quente verão mostrar vida ae dele descobrir filme fazer amo interpretação protagonista
Phelipe V.,2,esperar tocar hype ter ser filme emocionante pra eu impossível reconhecer impecabilidade discurso narrativo principalmente concernir tanto trajetória adèle passar direção Kechiche afiar filme mostrar duração recorde filmografia tanto desconcertante close belíssimo construção personagem apaixonante orquestração cena sexo fazer ser si obra arte ser alongar claro coroado atriz entregar interpretação visceral acima natural coração pender pro léa seydoux Emma transformação completo personagem adèle exarchopoulo simplesmente maravilhoso momento filme
ymara R.,1,basicamente problema filme .. primeiro- frances- nao perder mania    nouvelle vagar detestar by the way .. musica diálogo careta interminavel silêncio irritar .. relaçao sexual    mulher nao atrae .. cansar .. testosterona em isso .. filme exageradamente relaçoe sexual criatura nao teem essencial modesto opiniao essencial    tornar cansativo consequencia tédio .. demorar pra acabar .. reforçar idéia .. relaçoe lesbico nao interessar nao interesso relaçoe gay .. ultimo filme gênero assisto .. nao ... velho ter familia super interessante .. familia altamente chato .. de aí velho resolver .. nó .. perdoem crítico plantao .. so falar realmente sintar .. filme pra    esquecer rapidinho .. atriz sao ótimo .. nao ser lesbico .. parabens .. convencer .. nao achar filme ruim lixo escrever colega .. passo ... respeitosamente .. passo
ReneAndroid.apk,2,filme excelente ser explicito mostrar romance vida garota apaixonar filme romântico
Natália M.,3,lançamento princês sapo 2009 perceber claro alteração acontecer gradualmente perfil princeso disney abandonar padrão moça inocente sofrer ação antagonista filme ajudar far e/ou animal estar plenamente feliz casar príncipes ganhar personalidade autonomia princeso ganhar voz próprio escolha invés simplesmente ser submeter poder feitiços bom mau acontecimento acaso passar evolução enrolar estrear Brasil 2011 valente 2012 finalmente chagar frozen            frozen valer pena ver simplesmente estética primoroso mostrar princeso simplesmente fantástico anna irmã divertido alegre bobo desastrada frívolo fundo cultivar amor irmã velho sentir abandonar angustia compreender retirada súbito afeto irmã velho nutria ser criança pequeno jovem princesa Anna sonhar conhecer príncipe apaixonar se casar durante desenvolvimento filme acabar descobrir exatamente coisa funcionar             elsa irmã velho realmente encantar complexidade nascir poder especial ver escondê-los consequentemente esconder se acidente ocorrer infâncer poder apesar belo perigoso ser precisamente controlar            anna passar filme realmente acontecer else começar descobrir bom personagem coroação rainhar arendelle reino viver elsa isolado ver poder desgraça apresentar sentimento pensamento confuso contraditório apesar calmo autocontrole aparentar discussão anna elsa acabar provocar acidente contar poder desesperar completamente perder elsa fugir de aí passar processo autodescobertar complexo busca controle poder controle emoção sentimento            personagem merecer destaque olaf boneco neve criar elsa kristoff camponês viver montanha ganhar vida vender gelo olaf presente espectador mostrar personagem divertido necessariamente irritante idiota graça exatamente pureza kristoff maneira simples exibicionismo medir esforço ajudar anna encontrar irmã acabar ter papel fundamental desenrolar história acreditar história pessoal kristoff poder ser desenvolver durante filme            filme contar trilha sonoro repleta canção gostar música filme inconveniente entanto acreditar interfirar andamento filme contrário impossível compreender satisfatoriamente personagem passar canção especialmente importante enredo canção brincar neve livre            filme realmente encantador
alberlia,3,filme excepcional falar lir amor irmã ri emocionar maravilhoso
Bruno K.,3,disney voltar raizeslongo músical historia envolvente consideror bom desenho Mulan
Estevan Magno,2,clima congelante filme ar condicionado cinema filme ser 4d . animação realmente aventura congelante sucesso gelo happy feet expresso polar frozen contar desenho fazer lindíssimo contar gama produtor sucesso expressão personagem lembrar detonar Ralph enrolar principalmente linr olho aventura aguardar princeso reino arendel viver separar grave incidente neve conhecer oportunidade crescer junto elsa irmã velho ser coroar rainha anna prazer companhia baile revelação elso capaz congelar nevar deixar reino preocupar rainha fugir montanha clima descobrir apreensão anna buscar irmã montanha congelar personagem empolgante filme entrar cena sven christoph divertidíssimo boneco neve Olaf destaque dublagem memorável estrear fabio Porchat humor emoção aventurar congelar coração muito gente abrasar coração angustiado arrebatador surpresa pensar amor namorado apaixonar filme lição alegrio gran finale música indicar oscar 2014 bom canção original let it go composta Robert lopez Lindo trabalho winnie the poo kristen Lopez frozen aventura conforto clássico disney volta merecidamente indicar á inúmero prêmio bom animação ano 2014 lindo gelar animação
Um visitante,1,filme disney maniar formar direção duplo responsável chris Buck jennifer lee dirigir animação tar dar onda tarzan último ter ser grade disney lee engatinhar ramo prazer roteirista detonar Ralph trabalho abrir porta direção parceirar chris buck frozen história bacano início dividir ótimo gráfico gelado canção alegre personagem principal viver personagem enricar história pra confundir cabeça deixar desvendar história comparação bom título disney frozen cumprir papel transformar bom animação estúdio apostar tecnologia cor deixar emoção personagem
Jaynne P.,3,"filme simplesmente perfeito história desenrolar rápido surpreendente espetacular 
  spoiler 
  fugir clichê mocinho beija mocinha romance chato filme mostrar amor irmã invés romance 
  trilha sonoro perfazer amei música let it go""tanto ouvir 10 heheheconclusão filme cheio surpresa drama ação suspense humor filme certo"
Matthew McConaughey,3,filme roteiro magnífico personagem extremamente combinar filme parabéns disney evoluir pra bom
Mario Lojo,2,bom férias escolar disney recuperar filme magia clássico sucesso garantir criança
Pedro D.,3,obra acabar criar mitologia próprio    inegável estúdio disney poder ser diferente ser principal mito envolver princeso criatura jovem belo adorável amoroso aventureira verdadeiro poço virtude normalmente incomodado status quo ocupar buscar normalmente apresentar figura príncipe encantar compreender mito basilar pedra levar velho Walt disneyr criar longo animação branco neve início décado 1990 reassumir trono estúdio animação chamar disney renaissance magnum opus outro filme mesmo temática belo fera mito raro 70 ano produção longo estúdio chegar sofrer modificação estrutura citar belo fera construção relacionamento amoroso substituir paixão vista recente excelente princesa sapo virtuoso príncipe substituir boêmio irresponsável modificação pontual surgir acolá cerne estrutura manter inalterar aventureira valente ser personagem principal contraparte romântico perfeito salvar levar feliz caber frozen revisar mito narrar historia princês elsr portadora controlar gelo neve extremamente insegura devido dom maldição trazer irmã anna personagem traço clássico romântico gênero película flertar clichê ser desconstruir anna princeso desejar viver vida rechear aventuras claro amor romantismo inocência exacerbar falha deixar corajoso proativo tomar si missão encontrar irmã reverter feitiço colocar reino gelo eterno elsa tornar personagem feminino complexo universo disney acreditar solidão único realmente ser mistura medo criação super-protetora frio desenvolver pai ser princesa rainha encaixar clássico arquétipo perpetuar obra estúdio animação ação desenvolver presença personagem masculino extremamente forte marcante caber homem películo antagonismo salvo tange protagonista kristoff salvo ultimo ato filme aproximar padrão clássico herói disneyano ínterim elemento clássico conto fada acabar desvirtuar amor ver vira piar dependência frente homem anular ato amor verdadeiro clichê gênero acabar ser esperar momento trama aproximar shrek ridicularizar conto far dar passo conclusão entanto perder filme elemento clássico obra estúdio tornar bom retorno disney musical música linhar comparável clássico rei leão you Want to Build Snowman    let it go incluír contexto lindíssimos exemplificar beleza trabalho musical obra personagem secundário carisma boneco neve mágico Olaf rena sven roubamr muito cena engrandecer obra histório continuar tom edificante rechear metáfora excelente lição moral apuro técnico animação garantir visual arrebatador belíssimo predominância branco cinza neve gelo verdadeiro espetáculo cena inicial filme esquecee tratar animação numero musical solo elsr representar libertação puro poesia visual disney demonstrar imenso potencial reinventar questionar base filosófico forte rentável    diretor jennifer Lee chris buck acabar criar obra primo animação clássico instantâneo belo edificante mensagem rupturo antigo elemento estúdio continuar progressista linha dramático marco criar magnum opus surgir frio tese banho quente sentir coração
Mauricio J.,3,ano existir animação tornar favorito ano pódio favorito mudar hoje animação favorito retirar valente dar frozen animação disney chegar cinema brasileiro 3 janeiro 800 sala Brasil historia passar inglaterra século atr princês elsr Idina menzel poder fantástico país temeser ser prejudicial vida garoto apos quase matar irmã anna kristen bell acidente rei rainha mantir irmã ser unir provocar muito tristeza passar 15 ano ate certo dia importante historia elso conseguir controlar poder congelar mundo deixar frio terrível dar nome historia elsa decidir isolar mundo anna decidir atr elso ajuda-lá realmente surpreender roteiro filme animação disney contar roteiro simples intuito deixar historia rala criança divertir achar frozen teste roteiro elaborar muito reviravolta decorrer hora projeção melhor criança estar sala cinema estar entender filme algum surpreendente acontecir participar historia comentar acontecer deixar feliz filme personagem filme elaborar contar piada engraçar anna garota sonhar conhecer mundo existir porta castelo viver castelo mantir trancar causa elso elsa se irmã proteger ate afastar proteger irmã perigo ser humano correr pessoa corram dar carisma diferente odiar personagem amar kristoff príncipe plebeu pouco conquistar Anna criar romance bonitinho interessante acontecer negar creditar certos momento filme pensar ter feliz começar atrapalhar olaf imagem topo rouba cena boneco neve enfase personagem piada maravilhoso amei personagem opinião bom filme honesto fiel companheiro ser muito novidade filme disney tentar conseguir melhorar efeito 3d . vario cena efeito poder ser usar dar muito alegria criança estar assistir filme deixar vazio peso consciência pagar ingresso 3d . tiver opção filme 2d gostar dublagem filme achar ator fazer voz personagem fazer excelente trabalho dizer dublador brasileiro filme trilha sonoro super genial decorrer filme personagem cantar dançar alegrar clima suspense criar diretor roteirista musica trabalhar cantar lance re-lance levar publico nuvem bom gelo filme terminar doce voz demi lovato musica super fofo let it go resumir frozen animação super recomendar ótimo piada bom roteiro ótimos personagem premissa interessante envolvente gostar animação quase obrigação frozen decepcionar aposta oscar 2014
Heber W.,2,assisti personagem vario parte trailer lembrar rapunzel aparencia jeito    recomendar
Sofia G.,1,eh legalzinho disney ja filme muuuito bom música ficar cabeça impossível tirar cuidado kkk
Avenger Iron man,1,disney fazer filme ruim detonar Ralph bom filme pensar ai ter toque idiota princesa legal achar história péssimo simplesmente alem aturar musiquinha chato filme inteiro frozen piores filme disney achar enrolar bom historia achar big hero bom historia original perfeito detonar ralph pretender continuar ser bom filme disney
Carol S.,1,animação frozen praticamente retrocesso ter animação último tempo pleno 2014 conseguir animação cantar açucarar personagem carisma algum completar péssimo dublagem fabio Porchat passar absolutamente graça pro boneco neve animação totalmente infantil agrar àqueles procurar humor conteúdo lição moral
Tassiana,2,frozen encantador claro legal estúdio disney reinventar rir próprio clichê consequentemente garantir qualidade animação há animação bom “ frozen ” garantir espaço roteiro trilha sonoro bom gosto quebra paradigma disney propor princeso gente gente defeito    criar identificação sensacional    “ enrolar ” “ valente ” proposta funcionar    interessante perceber disney mão mesmo perpetuar ser princeso “ modelo ” diferente príncipe cavalo substituir rena hilário princesa despentear cara amassar sapeca divertido corajoso menina tela cinema interessante fato falar amor amor fraternal sair ‘ piega ’ dose homeopático carisma fofuro inocência presente personagem – olaf vejar boneco neve sonhar verão bom assisti “ frozen ” legendar dublar Superior original adulto exigente chato ... rs olhar crítico criança contar ficar evidente inferior dublagem infelizmente recordar animação recente ator brasileiro comprometer personagem pena outro avançar excelente dublador parecer ter nascer personagem apaixonar animação claro preferência hesitei conferir “ frozen ” próprio olho verdade sentido culpar ver pensar valer prazeroso reencontrar disney moderno sensível
J.Marques,3,filme emocionante disney inspirar conto hans cristian Andersen história     mágico levar mundo belezo leveza enredo voar dever esquiar frozen-uma aventura congelante levar magia personagem sentir aventura emoção musica perfeito adaptação disney
Daniele B.,3,frozen eh animacao surpreendente emocionante q ja assisti capaz divertir educar inspirar mostrar 2 hora q magia cinema melhorar motivar pessoa esplender
Gabriel H.,3,bom filme disney renascimento 1989-1999 música belíssimo riqueza detalhe personagem roupa paisagem incrível roteiro inicialmente história princeso acabar ser diferente tradicional ser conto far acontecer cinderelao branco neve etc. ir detalhar personagem diferente divertido elsa maduro Anna Caçula gostar divertir conversar kristoff car rude coração olaf inocente engraçar boneco neve
David F.,1,merecer roteiro trilha sonoro impecável bom filme disney bom
Rodrigo o que?,3,trilha sonoro fantástico música bom incrível reviravolta simples incrívelfrozen obras-prima moderno disneyo
Juan_HP,1,roteiro pífio animação perfeito esperar legal
Jefferson D.,1,esperar parecido gelo pouco cena legal boneco neve lo alce resto muito música chato princeso retardar
Bárbara S.,3,bom desenho animar vida ... uahsiuahei >.< chorar assisti parte filme música build Snowman ... música let it go conter muito energia <3
Iury P.,1,filme recomendar    excelente trilha sonoro muito dramaticidade cena engraçar    pecar vilão delinear roteiro fraco
isabellaroga,1,filme executar belo imagem excesso música
Guilherme B.,1,entendo ser filme criança achar entojante haver nenhum maturidade desenvolvimento complexo continuar digressão musical impressionante mundo cantar maravilhosamente desenvolvimento previsível desrespeito inteligência criança animação obviamente fazer satisfazer sociedade hiperconsumo lipovetsky cheio surto subjetividade imagineer encontrar diferente shrek opinião divisor água ledo engano prosseguir mesmice ...
Ivanyele C.,3,frozen Brasil frozen aventura congelante Portugal frozen reino gelo filme animação musical estadunidense produzir walt disneyr animation studio 53º filme animar produzir estúdio vagamente inspirar conto far rainhar neve hans Christian Andersen filme distribuir walt disney studios motion pictures selo walt disney pictur estrear curto get horse 27 novembro 2013 Estados Unidos 28 novembro Portugal 3 janeiro 2014 Brasil caçula anna kristen bell gabi Porto adorar irmã elsr Idina menzel taryn szpilman acidente envolver poder especial velho durante infância pai mantiver afastar morte de eles crescer isolar castelo família dia elsa dever assumir reinado arendell reencontro acidente acontecer decidir isolar mundo deixar trás provocar congelamento reino Anna decidir aventurar montanha gelo encontrar irmã acabar frio 2014 vencer categoria bom filme animação prémio globo ouro 2014 ganhador oscar bom filme animação bom canção original 5º filme listar grande bilheteria histór ser animação bilheterio mundial ultrapassar marca 1 bilhão dólar arrecadar toy story    filme bom disney filme chris Buck jennifer Lee filme mostrar atualidade verdadeiro amor precisar vir homem obvio dever casar alguém acabar conhecer diferencia filme outo filme disney 2009.uma pouco pessoa saber filme dia reinar elsr filme participação rapunzel José enrolar achar colocar testar observação filme ganhar durante história musical entretedor let it ' s go demi lovato ouvir música versão português arrepiei todinha filme deixeir notar floco neve resolver pesquisar descobri fizera 27.000 floco neve diferentes parecer vida real descobrir cabelo elsr fio cabelo rapunzel enrolar razão listar bom filme assisti filme assistir família
Mirella M.,2,graça ... filme crer humanidade novamente ... ...
Almir S.,1,   filme disney tornar clássico disney lançar animação clássico inocente filme pixar avançar passatempo pra criancinha tornar chato devido á tanto cantoria tar pra musical infantil criancinha adorar
Pedro A.,1,ruim ruim    pessimo roteiro
Fábio C.,3,excelente história disney bla bla bla princesa encontrar príncipe encantar salvar viver feliz
Um visitante,1,frozen filme ou- assisti quis irmã ver computador titulo filme poder menstruação elsr frozen 6/10
LuanGuilherme91,1,tratar desenho dever se primeiramente pensar criança ai perguntar ser q criança preferir desenho engraçado desenho musical
Criticcount,2,"filme divertido incrivelmente criativo aspecto história ter clichê princeso príncipes padrão disney inovador história personagem filme animação incrível bom disney século notar 9,5/10,0 recomer"
Beatriz Ortiz V.,1,história interessante haver muito cena melodia filme quase virar musical
Ricardo L.,2,bom animação 2013 estória irmã aventura cheio energia fantasio levar telespectador bom diversão fazer dirigir ato definir frozen- amar aventura congelante sacar ótima ver família
Felipe F.,1,animação várias música chiclete trama divertido filme funcionar valer pena divertir
Pati Lima,2,filme irmã assisti aliás gratificante filme lir ótimm aventura criança jovem adulto lindo história mostrar vida real príncipe herói .. rs .. poder feliz superar medo vencer desafio via infantil lir estilo valente enrolar bom ... eis surgir louvor frozen valer pena indico ........
Alexandre S.,3,assistir desconfiar afinal disney tentar voltar desenho princeso ... ir fiquei relutante assistir curto inicial típico pixar disneyo mickey preto branco misturar colorir 3d pensar comigo filme curto valer ingresso frozen começar surpreender maneira voltar animação disney canção personagem criar ligação público reviravolta trama humor colocar merecer globo ouro    ganhar semana motivação assistir preferência croods recomendar família
Gustavo Bruno,3,haver ter interesse filme pensar princesa disney cabeça clichê princesinha frágil sofrer mão bruxa malvada viver feliz amor frozen fugir totalmente esteriótipo protagonista personagem forte ate complexo inimigo medo proprio so lutar si mesmo gostar explorar irmã acabar ser amor verdadeiro retratadar filme pra fechar deixar citar efeito especial linr cenario sequência brilhar olho dúvida frozen obra primo disney ...
Um visitante,3,her obra-prima spike jonze jamais chegar provavelmente chegar filme lir simplesmente lir necessidade humano comunicação carinho afeto importar vir vir resultar desilusão jonze continuar cineasta capaz verter absurdo cotidiano complexo perder sensibilidade conseguir criar reflexo exato viver hoje ter relação afetivo analisar relacionamento vida moderno tornar se belo história próprio natureza sentimento humano real em aquilo sentir belo olho brilhante encharcar Esperança melancolia alguém apaixonar máquina voz ? ... claro funcionar ménage trois Beira constrangedor poder sucinto barrigado 70 minuto reviravolta previsível piega tirar peso emocional história restar basicamente Joaquim phoenix fantástico falar com si hora erro poder perdoar graças atuação fantástico johansson estranhamente roubar cena trama engenhoso emocionalmente ressonante alto filme lir simplesmente lir
Thalita Uba,3,mistura perfeito ficção científico romance levar divertido tenso interessante inteligente combinação dar supercerto impossível falar filme mencionar atuação brilhante quase Joaquin phoenix interpretar protagonista cara haver falar ótimo “ atuação ” scarlet johansson voz samanth diálogo apesar virtual inacreditavelmente intenso cheio vida sentimento deixar romancezinho água-com-açúcar chinelo agradável fato futuro ser retratar … simples carro voador empregadas-robôs fogões comer sozinho futuro spike jonze palpável viável real – chegar assustador enganar se pensar tratar mero história amor humano robô filme profundidade complexidade difícil pôr palavra emoção ação decisão humano colocar cheque – existir certo errar ruim tecnologia aliar passar inimiga ser computador roubar homem – campo sentimental questão levantar inúmero maneira personagem lidar apaixonante envolvente criar expectativa incontrolável desejo de ali pra frente roteiro mesclar momento paixão carinho alegria melancolia tristezo confusão deixandor nós atento trama sinergia jonze conseguir criar espectador maravilhoso reconhecer amigo parente si personagem lindamente humano criar trilha sonoro rapaz trilha puder responsável win butler arcade firir cara supertalentoso ter errar
anderson lennon,3,-este filme obra-prima!merecer levar oscar bom roteiro fato quase palpável presença Scarlett johansson aparecer Joaquin phoenix atuar deliberadamente excesso vital personagem caso interpretar personagem simples multidão essêncial mostrar quão só ser humanos tornando!-é dizer filme precisar atuação roteiro explosão efeito digital dispensável
Anderson  G.,2,"muito gente ‘ ’ ’’ filme falar tecnologia futuro etc. errar errar ‘ ’ ’’ filme falar relacionamento fraqueza filme falar humano apaixonar julga perfeito ser operacional contato físico capaz amar filme falar relacionamento futuro spike jonze deixar claro época filme passar acreditar propositalmente poder paralelo perfeito realidade incrível filme pegar tema extremamente batido original deixar argumento filme cinematograficamente impressionar    cenário lembrar ‘ ’ laranja mecanico ’’    vivo ótimo lir recurso spike mostrar cena colocar narrativa dialogo cena ótimo 2,3 filme 5,6 usar câmera ficar pessoa perfeito trilha sonoro impressionar apesar canção ‘ ’ the moon song ’’ presente atuação filme tirar chapéu roteiro desenvolver theodore(joaquin phoenix samantha rupturo rápido dura confuso gostar desenvolvimento chegar problema apesar imenso desenvolvimento sentir apegado casal    ‘ ’ ’’ filme"
Adriano Côrtes Santos,3,"amor digital genuíno performance excepcional roteiro provocativo humanidade tecnologia "" ele história amor inesperado theodore Joaquin phoenix samantha inteligência artificial futuro distópico filme explorar sensibilidade solidão evolução relação humano contexto tecnologia spike jonze escrever dirigir longo conseguir misturar ficção científico tema profundo natureza humano desejo buscar conexão imperfeição emoção atuação phoenix sublime transmitir vulnerabilidade paixão Scarlett johansson voz vida samantho maneira cativante filme desafia expectativa mostrar amor formato digital real outro reflexão tocante executar modernidade relação"
Juarez Vilaca,1,filme especial diferente retratar situação futuro ficção drama romântico ação efeito especial engraçar divertido gostar cinema pensar entender falar principalmente dificuldade vida pessoa independente livre falar relacionamento separação dificuldade encontrar alma gêmea theodore Twombly Joaquin phoenix personagem principal viver dilema ex-casar viver sozinho solitário descobrir programa computador principal função manter conversação organização vida digital pessoa email agenda etc. personalizar programa perceber desempenho alto esperar sinal autonomia inteligência artificial ilusão relacionamento ideal alguém existir agradar ele suficiente virar cabeça perfeito ver valer pena tema abordar
Nataly C.,1,filme altamente doentio normal namorar operacional absurdo operacional passar sentimento emoção sentir querer relação sexual pessoa amar ridículo doentio desculpe alguém criar história personagem principal enredo
Cláudia S.,1,filme drama romântico ficção acabar ser nenhum futuro tecnologia avançar necessário deslocar posto trabalho escrever carta ser poder fazer próprio casa força tentativar hipster exagerar musiquinha bacaninha contrapor excesso tecnologia diálogo fraco episódio jornar estrela apresentar discussão profundo
jpaschoal,1,filme arrastar longo chato confuso Joaquin phoenix amy adams completamente perder fazer ponta inexpressivo atuar contratual pensar filme receber tanto premio inacreditável verdadeiro lixo fujar
Charles S.,3,filme perfeito raro filme capaz superar expectativa decepcionar belo sensível original romance laçar último tempo
Tibério M.,3,"simplesmente belo spike jonze 2013theodore phoenix compra operacional desenhar atender necessidade surpresa theodore começar desenvolver romântico operacional spike jonze visão ser futuro espera incrível evolução tecnologia filme romance crônica avanço tecnológico dar bom pessoa ver rede social esquecer volta diferente hoje dia filme chegar doloroso observar Caixa realidade viver estar prestes conhecer dia ser visão doloroso visão belo poético lição vido dias hoje venha perderr sensibilidade contato amor graçar coisa etc. "" ele lir filme levar hora passar brincar argumento apresentar forte filme sentar mesa amigo passar hora hora debater filme molhar bico cerveja gelar belo trilha sonoro roteiro explorar amarrar excelente atuação phoenix direção jonze fotografia encher olho cor em ele encontrar cor vivo vibrante apesar filme ganhar globo ouro bom roteiro original roteiro filme original original lembrar episódio minissérie black mirror chamar be right Back em ele acontecer mesmo história her mulher homem perder namorar acidente passar informação de ele operacional minissérie ideia her so conseguir transparecer bom sentimento verdadeiro dizer apesar roteiro original filme ruim filme sutileza melancólico belo Belo dói ... dói Belo exagero dizer beatles all you need is love"
Skybaggins,3,"spike jonze surtar roteirista diretor filme superar ideia criar história estranho olhar incrível espectador filme história consistir theodore joaquin phoenix apaixonar inteligência artificial Scarlett johansson futuro distante entender criar sos provavelmente siglar sistema operacional theodore deprimir recente divórcio rumo vida acabar comprar surpreender se inteligência sentimento so acabar começar amoroso roteiro realmente espetacular spike jonze introduz ideia completamente estranho fazendo-a parecer natural realmente admirar personagem theodore extremamente trabalhar amor computador bobo parecer roteiro ser medíocre sentimento completamente realista depressão motivo pra existir conflito si amar pessoa pessoa verdade pontuar outro conflito samantha so amar theodore suficiente realmente roteiro realmente fantástico toa indicar categoria bom roteiro original oscar ano roteiro filme precisar alguém representar ele Joaquin phoenix show atuação fazer espectador esquecer ator interpretar começar achar verdade envolvimento personagem realmente perceptível depressão superaçãor sentimento conflito pontuar roteiro representar phoenix atuação Scarlett johansson samantha verdade rosto de ela aparecer longo voz aparecer constantemente tornar se computador principal personagem coadjuvante interpretação certos momento sensação haver alguém verdade outro falar passageiro pro desenvolvimento filme atuar longo amy adams amy antigo amizade theodore papel praticamente terciário completar elenco principal rooney mara olivia Wilde termos visual fotografia filme destacar possuir efeito especial holograma computador avançar foco filme estabelecer futuro desvie atenção espectador filme ficção científico fotografia figurino existir elemento interessante theodore várias cor roupa azul significar confiança estabilidade amarelo alegr cor predominar vermelho vestimenta cenário significar amor força guerra afinal de ele existir guerra coração cérebro filme indicar oscar bom design produção direção spike jonze extremamente eficaz vir filme John Malkovich viver monstro mostrar genial direção roteiro câmera ligação forte protagonista momento alegria movar dinamicamente momento depressão manter estática filme parar praticamente diálogo espectador cansar nenhum durante hora enorme mérito direçãor roteiro "" ela filme extremamente interessante profundo construir montar indicar oscars incluir bom filme bom roteiro original merecer afinal maneira spike jonze transformar premissa completamente estranho natural extremamente fantástico"
Erika,1,público gostar filme eu filme bobo chato cansativo
AndréIsaque,1,filme cansativo supervalorizar romance humano voz computador romance
Val V.,1,legal definir legal lento história interessante perder mão ... passar normal namorar operacional ser bom explorar solidão invade vida moderno ... valer pena assistir esperar
Darcy C.,1,filme ruim cansativo nexo lógico aceitar acontecer filme estar acreditar tempo sentimento abstrato real amor carinho
Alexandre T.,1,parar acabar dormir de aquele filme elogiar publico geralmene curter
Mel B.,1,ruim chegar vergonha alheio Joaquin phoenix arrastar argumento Beira tolice corram
Oliver F.,1,versão atual filme simone filme ter brilhante conduzir fiasco gostar realidade fã distopia(alguma legal windows decidir hora produto vir mostrar vida belo comprar tecnologia devo insensível odiar mortalmente filme sinto capitar magia droga filme horrível digam viver relacionamento virtual meno pessoa outro existir preparar café manhã
Diego B.,1,mau filme assisti Buried conseguir mau
Hercules F.,1,historia iteressante focar data especificar tecnologia forte geralmente filme ficar focado unico personagem visivel detalhe fraco
Lucas M,1,chato convencer idiotice ficar apaixonar voz computador deixar conhecer pessoa real pra ficar prender existir legal filme chato
Leandro M.,3,excelente filme leve magnético ótimo atuação falar participação Scarlett johansson voz samantha fundamental trama filme futurista evolução tecnologio disposição repensar relacionamento tecnologia consequencio complexidade relacionamento pessoal fotografia trilho sonoro excelente parabéns
Phelipe V.,2,olhar taí filme conseguir original dia hoje criar difícil ... gostar filme futurístico inserir pequeno detalhe simplicidade incrível acima crível pequeno colocado ouvir pra comunicar Video game hiper-realidade maneira escrever computador rápido voz detalhe singelo pra possa comprar ideia dizer difícil apaixonar samantha difícil negar metáfora roteiro simbolizar contato aproximação estar caminhar substituição humano máquina clichê importante futuro her palpável acreditar perfeitamente ver acontecer realmente afinal voz tenológico vivo conosco vazio existencial ser preencher mundo robôs diariamente aperfeiçoar absurdo pensar haver momento achar especial filmado pensar belíssimo 1 cena amor theodore samantha jonze simplesmente resolver cortar pro breu total simbolizar toque presença provavelmente pra colocar samantha resto filme vejar vista humano de ele 2 sequência theodore perder contato repentinamente computador correr desespero pra descobrir verdade dóier alma roteiro jogar cara superficialidade chocante duro aceitar Joaquin phoenix reconhecer brilhante atuação spike jonze focalizar personagem durante momento cenar muito muito chance pro ator brilhar close fato de ele segurar filme imageticamente praticamente sozinho refletir pra momento outro amy adams show minimalismo aliás especializar em isso personagem codjuvante simples trabalho maravilhoso calcar naturalismo invejável ... geração atual dúvida
Diego F.,1,filme ótimo pra indicar amigo claro lea sacanear bosta perder pior q ver completo minuto avaliação site ...
Keryn H,1,apesar possuir trilha sonoro fotografia esplendir enredo bizarro constrangedor conseguir passar filme passar vergonha alheio distorcer conceito ai demonstrar sentimentalismo infantil bobo medonho
Rapha A.,3,filme simplesmente incrível imperdível adotar evolução tecnológico solidão coletivo fase amor belo puro simples poder complexo indecifrável Joaquin phoenix atuação deslumbrante junto história fotografia ambientação filme excelente emocionante
Mireille G.,3,inusitar interessante    merecer oscar roteiro original diferente sensível piega refletir série comportamento expectativa relacionamento amei
Danilo R.,3,filme excepcional Joaquin phoenix atuação filme perfeito filme refletir tecnologia agregar dia-a-dia homem contemporâneo limite chegar drama amor ficção tecnologia jogo cor fotografia lindo recomendo
Rafael C.,1,conseguir assistir agrar parar muito desnecessário filme
MATEUS 2 E,1,filme chato chato chato chatissimo insuportável chato chato chato ruim ruim.escrever criticar celular mto ruim
Alan,1,ter resistência assistir filme história homem apaixonar inteligência artificial poder sair devido avaliação filme site aparecer lista bom filme pessoa resolver assistir infelizmente certo filme arrastar diálogo maçante personagem principal inteligência artificial romance casal ficar forçado difícil engolir enfim filme fraco
Eliezer Andrade,1,filme extremamente chato fato pessoa apaixonar windows voz Scarlett Jonhason pior mau 2 h 06 min tédio filme de esse concorrer oscar 1 h 20 eu mundo ficar feliz
Rafael A.,3,her filme surpreendente aspecto ótimo filme filme refletir solidão ver filme futurista acontecer em ele realidade ótimo filme
Você nunca vai encontrar um filme bom no meu perfil,1,"---""ela – filme forçar noção enrolar vimano … bagulho ridículo assisti achar ir filme profundo inteligente emocional recebi hora cara namorar voz celular tô brincar filme basicamente cara solitário começar conversar siri 2.0 achar tá relacionamento real que?sério constrangedor cara Joaquin phoenix atuação vida doido carente abraçar celular falar ir ser gente pior filme levar sério ser história amor profundo tocante tocante deus estranho bizarro forçar voz ir scarlett johansson aparecer personagem humano cara ignorar gente verdade relação real … pra viver apaixonar programação computador filme tentar enfiar monte filosofia barato solidão moderno tecnologia emoção artificial soar pretensioso vazio trabalho escola aluno tentar enrolar professor palavra difícil pra parecer inteligente fotografia Monte plano vermelho Bege Rosa vídeo publicitário perfume caro trilha sonoro musiquinha deprimente tocar piano cara literalmente chorar ouvir ir amo vergonha alheio definir cena amor ir amor deus … fundo poço cinema totalmente anticlimático ir simplesmente evoluir cansar de ele vazar ué filme inteiro pra pra mostrar voz robô achar cara chato fiquei vontade jogar controle remoto tv.resumindo típico filme tentar parecer profundo monte diálogo forçar ideia esquisito cara apaixonar alto-falante considerar arte mereço oscar conversar google assistente filme insuportável lento pretensioso ridículo recomendar pro mau inimigo"
Rafael Z.,1,olhar acabar assistir filme esposo graças alto indicação adorar cinema ser filme praticamente 5 estrela milhar comentário positivo perder hora vida precisei vir postar opinião filme extremamente cansativo conversa converso parar começo tornar interessante praticamente 1 hora 20 filme saco cheio formato filme cair mesmice certo coisa acontecer esperar acabar ser bizarro tirar impressão legal filme termineir assistir dar graças deus terminar recomendar filme ninguém infelizmente esperar
stockl,1,relacionamento escritor operacional poder contar estória criativo envolvente
Mauricio Lucena,1,roteiro original fugir romance ter ver originalidade roteiro história filme ter chamar atenção apesar interessante achei filme cansativo narrativa lento arrastar filme quase 2 hora duração achar caber 80 minuto 90 minuto filme louco acabar nota alto site esperar algum reviravolta inesperado acontecer eu achei previsível desfecho filme 30 minuto filme saber ir acabar
Um visitante,1,ideia roteiro original sociedade moderno mão tecnologia filme basear fato real sofrer discriminação ser solidão detheodore visivelmente tristir nenhum companhia amigo amor acabar sair relacionamento confuso esposo filme passar vida theodore explorar personagem de aí aparecer belo rooney mara olivia Wilde amy adams contar voz aveludar scarlett johansson
Barbara Martins,3,filme harmonioso assisti vida sentir complexidade relações humano inserir contexto maximizar futuro cheio conteúdo perspectiva valorizar atuação certeiro Joaquin phoenix trilha sonoro incrível bonito sr. spike jonze
Kelly Hayd,3,esperar obra padrão história amor proibir deparar surpresa filme minunciosamente elaborar obra traduzido cinematográfico andar carruagem ser último alfred hitchcock render escritos patrícia highsmith “ pacto sinistro ” 1951 significar obra patrícia mulher recluso misterioso á toa Joan Schenkar dedicar pesquisa desvendar grande segredo autora publicar livro “ talentosa highsmith “ escritor utilizar próprio experiência criar personagem envolver desconfiado leitor mirabolante dramático demasia medida certo “ Carol ” começar história adaptar filme tecer sutil entrelaçamento expectativa sutileza fato filme temática gay tentar sutil intuito convencer mente retrógradas passar história amor “ Carol ” sutileza interpretação diretor todd haynes roteiro princípio deixar claro problema central filme paixão Carol Aird cate Blanchett thereser Belivet Rooney mara Avassaladora amor vista intriga existir trás olhar unir envolver marcar vindas realidade completamente oposto ter therese apaixonar mulher alvo capricho carol romance improvável prender ritmo filme chegar contraditório acontecer vida Carol Guarda filha Rindy divórcio    harger Kyle Chandler therese Carol apesar rápido escolha estar próximo caminhar lentamente leitura poesia turbilhão metrópole expectativo vir manter refém tela cinema cate Blanchett rooney mara impecável filme cate surpreender olhar austero sedutor postura imponente chegar intimidar convidar proximidade belíssimo intrigante cate conduzir dentre mistério desejo envolver angústia obrigar perdoar ela escolha misturar amor paixão dedicação abdicação fotografia peculiar provocar ansiedade encontrar se outro câmera levar vagarosamente fundamentar detalhe aproximar sensação personagem repetitivo reflexo thereser vidro trem carro pensar ager mesmo consequência “ ” cena intimidade ser “ azul cor quente ” intenção ter sentido imagem explícito contexto transgressor novamente sutileza leitura bater porta deixar embasbacar representação amor sexo valer ressaltar figurino obra ninguém Sandy powell indicar 11 vencedor 3 estatueta academia brilhante criação detalhe “ Carol ” deixar desejar cor evoluir conforme intensificação sedução vermelho vibrante Carol multidão tons cinza ar doçuro pureza thereser transformar decidir andamento sonho tornar se fotógrafa filme dizer começo artigo minunciosamente elaborar elemento complementar outro único necessária necessário assista filme h.k .
Joe Alvez E,3,carol Carol-2015 pretensão premisso filme polemico tratar história amor ambientado York ano 50 romance jovem vendedora    loja departamento    thereser Belivet- rooney mara mulher velho preste divorciar- Carol aird-cate Blanchett emocionar chocar direção todd hayne puramente conceitual sensível expositivo melodramático sentimento duvidas personagem mostrar close    fechar olho protagonista fotografia limpo quase estéril lembrar fotografia vintagel    50 reconstrução época funcional ser funcionar prol filme exatamente show rooney mara    entanto belíssimo atuação carga emocional personagem demonstrar contir quase subjetivamente pequeno gesto haver momento durante filme fácil receber indicação oscar carol filme sutil mostrar delicado subjetivo amor mulher época escândalo filme explorar deixar    espectador história amor feliz excelente filme
Guilherme S.,3,direção quesito roteiro evidente intrigante direção arte Figurino transportar pra universo noir fazer cate Blanchett diva imortal cinema cenário acinzentar contrasta caracterização cor fortes trilha sonoro deixar piscar atuação construídas linear delicar margem julgamento cena excelente filme
Isis Lourenço,1,romance lésbico classe alto entediante deixar desejar recomendo!estranho gostar
Crismika,3,filme sensibilidader partida contar lindo história amor mulher filme elegante fotografia impecável valorizado excelente figurino trilha sonoro excepcional completar trunfo obra arte road movie sensível personagem vivar amor lentamente crescer crescer conseguir segurar peito lindo cena amor personagem impecável interpretação recomendar
Natália T.,1,filme ótimo atuação fotografia incrível história amor passar clássico histório água açúcar mostrar duro realidade amor passar muito esperar história '' amor recordar '' recomendar filme totalmente oposto
Breno Rossini C.,3,filme agitar algum maneira prender deixar interessar histório desenvolver foca personagem omitir preconceito presente sociedade outro detalhe trilha sonoro bonita cenário rico cate rooney mara show atuação momento falar olhar personagem intrigante filme interessante bonito produzir valer pena assistir
Hugo D.,1,filme mostrar homossexualismo feminino época tratar praticamente crime recriação época impecável figurino maravilhoso química intensidade tesão atriz cate Blanchett rooney Mara dar liga produção sinal atuação depressivo apagar
Jake D.,2,carol ... filme contar história therese Belivet rooney mara trabalhar seção brinquer loja departamento dia conhecer carol Aird cate Blanchett procurar presente natal filha felizes vida Carol divorciar harge Kyle chandler convidar therese viagem Estados Unidos roteiro filme extremamente escrever diálogo bom principalmente therese Carol direção todd hayne bom carreira atuação incrível ótim principalmente Rooney mara impecável filme cinematografia lindo aspecto trilha sonoro incrível problema filme encheu saco personagem dannie interpretar John Magaro completamente desnecessário cena precisar filme carol filme belíssimo infelizmente esnobar óscar bom filme maneira filme maravilhoso valer pena assistir recomer
Vianey D.,1,tecnicamente filme fazer bonito resto ... deixar aprofundar medo preguiça    tentar polêmico sucesso criticar afinal academia querer taxar moralista criticar filme filme perder várias resumo filme burocrático raso medroso entediante sonolento ter potencial perder raso ...
Luana O.,1,chato melancólico Blanchett ótima papel faltar quimica personagem fotografia figurino ok história ficar rasa filme sensível pra eu preguiçoso
Tatamorosa B.,2,amei fotografia filme si história lindo maravilhoso ... mistério ... deixar querer ......
Camila A.,3,pouco filme lgbt gosto atuação tocante adaptação produzir fotografia lindo filme vida longo á obra magnífico
Alvaro S.,2,Iorque ano 50 inesperado caso amor filme força residir sutileza olhar intenção toque singelo história centrar romance mulher dona casa Carol cate blanchet rico prestes divorciar jovem therese rooney mara descobrir sexualidade veem preso convenção época reverber dia atual pessoa sexo esconder sexualidade namoros casamento fachar direção elegante situação tenso de elas carol abrir mão guardar filha poder vê-la frequência submeter vida falso negar essência blanchet mostrar monstro atriz poderoso!curiosidade concorrer 5 prêmio globo ouro repetir indicação edição oscar nomeação sair 14/01/16 data Estreia cinema brasileiro nota público 7.6 imdb)nota crítico 94%(rotten tomatoes)bilheteriaseua 7 milhões*mur 15 milhão contandoacesse blog 365filmesem365dias.com.br ler filme
Elizabeth A.,3,carol nascer clássico obra primo conta lindo história amor beleza sensibilidade delicadeza impossível deixar levar história personagem elenco impecável destaque divo cate Blanchett rooney mara maravilhoso therese belivet toddy hayne show direçãor completar fotografia figurino roteiro perfeito
Neto S.,1,jovem therese Belivet rooney Mara emprego entediante seção brinquer loja departamento dia conhecer elegante carol Aird cate Blanchett cliente buscar presente natal filha carol divorciar harge Kyle chandler contente vida aproximar harge impedir passar natal filha Carol convidar therese viagem Estados Unidos carol bela historia bom atuaçoes cate Blanchett rooney marar otim otimo figurino excelente fotografia achei filme legal filme erro roteiro filme ficar cansativo nota 7.0
Ricardo L.,2,filme indicar Óscar roteiro contar história amor fulminante mulher totalmente distinto unido acaso atuação ótimo belo    cate Blanchett    rooney mara merecidamente indicar destaque trilha sonoro limpo estonteante dar ar descobrir suspense filme
Kamila A.,3,apesar filme chamar Carol verdade jornar viver durante filme dirigir todd hayne experimentar therese Belivet rooney maro performance indicar – erroneamente – oscar 2016 bom atriz coadjuvante cidade York década 1950 therese trabalhar vendedor loja departamento possuir namorar Jake lacy pressionar casar entretanto observarr personagem atento sentir busca – si mesmo de aquilo realmente desejar vida certo mundo therese expander cruzar olhar carol Aird cate Blanchett performance indicar oscar 2016 bom atriz cliente loja trabalhar Carol aparência magnético elegante atrair seduzir therese estreitar relacionamento Carol mulher experiente certo de aquilo conduzir therese caminho descobrir próprio busca verdadeiro dirigir elegância classe sutilezo todd haynes carol filme tornar marcante competência elenco contar maravilhoso performance coadjuvante sarah Paulson kyle Chandler técnica – destaque trilha sonoro carter Burwell preencher vazio advinr personalidade introvertido therese Belivet muito cena revelar gama emoção personagem sentir Carol acertar trama paralelo basear livro escrever patricia highsmith livro série estrelar thoma ripley filme conseguir mostrar desafiador rotina mulher carol aird largar casamento homem bem-sucedido viver vida maneiro gostar enfrentar muito hipocrisia sociedade viver aparência
Juarez Vilaca,2,lir excelente filme drama sexualidade envolver romance mulher filme levar ajustar causar impacto época 1948 dirigir momento fantástico expressão facial possível tratar bom atriz cate Blanchett rooney maro jeniffer laurence Joy correr risco perder achar barba cabelo Carol levar bom atriz bom atriz coadjuvante rooney mara surpreendente filme amante cinema sessão lotar apreciador imperdível
Eduardo Santos,3,todd haynes cineasta acostumar tratar drama cotidiano maneira interessante personagem costumar forte lidar dilema contundente afrontar padrão social época viver carol narrar história extraordinário maneira delicado sensível basear romance the price of saltr patricia highsmith mesmo autora talentoso ripley filme contar história carol Aird incrível cate Blanchett lindo senhora casado hargir bom kyle chandler mãe adorável menina encantar jovem therese rooney mara excelente entrar loja departamento convém falar trama ter inúmero surpresa valer pena perceber entrelinha câmera hayne distinto personagem aliás grande trunfo produção justamente talentoso diretor conseguir transmitir nuance personagem classe sofisticação doçuro fugir obviedade explicitação diálogo imagem escolhar extraordinário elenco ajudar competente Blanchett compor protagonista forte apaixonante atrevido insegurança transmitir feminilidade encanto acachapante marar brilha inexperiente adorável therese química atriz excepcional imprescindível haver cumplicidade transmitir olhar gradativo aproximar apaixonar chandler marido apaixonar transformar pedra sapato romance atuar destaque Sarah paulson amiga confidente carol bom momento roteiro cativante diálogo belo construir prender atenção instante técnica ficar pra trás fotografia direção arte figurino trilha sonoro ... criar clima envolvente tratar se filme singelo delicado tratar romance mulher naturalidade maturidade beleza mostrar raro cinema filme torçar dê certo fiquer torcida protagonistas mostrar amor sexo idade preconceito si valer pena viver praticamente ode amor livre estigma
Carlos P.,1,filme regular assistir filme mereçar tanto indicação prêmio consideração crítico história belo diferente vir filme gênero atuação realmente encantar assistir achar ruim gostar esperar obra-prima
Gabriela Santos,3,filme encantador convidativo cheio sutileza atriz fantástico interpretar personagem convincente envolvente fotografia peculiar belo representação ano 1950 ritmo trama provocante tornar expectativa vir
Luiz C.,2,amor doce inspiração ... filme doce sutil delicar penetrante história amor fino ano 50 novaiorquino flutuar definição carol diretor todd hayne indicar categoria oscar 2016 trama contar histório carol Aird cate Blanchett mulher chique apaixonante separar possessivo marido harger kyle chandler adorável filha levar casamento condição social época quase impossível traçar vida ser tradicional dia feriado natal conhecer therese Belivet Rooney maro loja brinquedo começar relacionar amizade claro velho encantar simplicidade pureza jovem ... descobrir experiente real motivo palavra curiosidade fascínio amor apaixonar intenso romance surgir naturalmente botão roso transformar fino flor    flor romance magnitude complicado tempo moderno imagine retrógrado familiar ano 50 preconceito época ciúme excessivo futuro ex-marido aliar pressão carol      filha dificultar justamente motivo enredo ganhar ar sensível desilusão sensibilidade poético retratar maestria perfeição pressar roteiro mostrar realmente precisar mostrar começar papel atriz desempenhar cena protagonista    dom    serenidade elegâncer glamour coadjuvante olhar expressão facial maneira exato procurar liberdade cate Blanchett rooney mara indicar estatueta bom atriz bom atriz coadjuvante respectivamente atingir ápice cena reparar Carol tocar cabelo loiro neve cair lento deslumbrantemente emocionar therese tremer desejo tocar amar impecável atriz entregir papel fazer especialmente personagem encantar diretor equipe trabalho sagaz completo ar obra-prima produção figurino charme época casaco pele luvo joio ... trilha som transformar puro poesia fotografiar paisagem oeste norte-americano rua carro prédio York tom calmo amarelar ouro roteiro adaptar    livro the price of saltr patricia highsmith indicação oscar tom célebre merecido finalizar haver falar ... delicadeza amor menu paixão sensível olho nu enriquecedor sentimento cru viagem inspiração melódico carol proporcionar surgir presente olho mente coração definir admiração
c4rlc4st,2,belo romance embalar irreparável rigor técnico saber passar preconceito ter dificuldade identificar dor incertezar raiva personagem deixar envolver maravilhoso sensação triunfo viver crítica julgamento
Aurelio Cardoso,1,      preparar      diretor          belo      paraiso     todd    hayne            passar      ano    50          segurança      pai    perfeito    parecer      estado    Unidos          repetir    belo    reconstituição    época    ótimo    figurino      fotografia          contrário      falar      amor    proibir    interracial    homossexual          falar        amor      mulher    elegante charmoso     rico        velho    casado          filhinha           simplória    vendedora    loja       jovem         destino           cruzem              luva     esquecer       narrativa    elegante      respeitoso        personagem    cate    blanchett            pouco      atração      tornar      irreversível       obstáculo    susto surgir        estar    ano 50
Julio C.,3,sensacional filme mulher apaixonar revelar gay difícil preconceito lembrar filme passar 1950 gesto subtil ser fazer demonstrar afeição pouco pessoa poder perceber filme incrível tocar coração acender chamar em ele sensação incrível 5 estrela 
Mário Sérgio P.Vitor,2,fiquei encantar carol ler algum filme bonito plasticamente contrapartida faltar comprometido amor engano escrever crítico carol esbanja olhar sutileza clim sedutor atriz soberba papel poder soar caricato reconstituição época figuro trilha sonoro babar faltar aproximar outro filme diretor paraíso consideror obra-prima faltar  
Alan David,1,belo adaptação ambientação fotografiar estilo ano 50 retratar cate Blanchett personagem forte elegante empolgar perder roteiro
Nelio M.,2,quanto elegância requinte quanto coisa bonito filme ... vontade acompanhar pra romance achar química de ele forte simplesmente cativante
Alan,1,filme contar bom atriz tratar tema sensível desenvolver se lentamente prender atenção espectador
Bruno Maschi,1,carol filme contar belo história amor algum motivar cativar maneira achar cativar esperar reconhecor filme fazer
Thiago C,1,problema roteiro amor pessoa independente idade e/ou gênero dever visto mesmo ternura filme todd haynes destaque sensível fotografia 16 mm fascinante trabalho desfoque trilha apaixonante carter Burwell
Nelson J,3,filme sensível caracterização espetacular época cate Blanchett extraordinário mulher buscar separação marido guardar compartilhar visita monitorar filha problema Bebedeira ausência marido inclinação homossexual ameaçar perda total contato filha ambiente conhecer balconista interpretar ótima rooney mara conseguir contracenar talento cate filme sensível delicar sociedade repressivo atual atenção sensibilidade
Lúcio T.,2,paixão sentimento provocador impulsivo desesperar inquieto perder noite sono ausênciar valer minuto presença dóier constrói há perceber podes escolher mistério existir apaixonar pensar começar simples olhar ..... belo adaptação livro “ the price of salt ” patricia higsmith publicar 1953 diretor todd haynes cuidado delicadeza trabalhar lindo trilha sonoro suave ouvir escutar certeiro momento tocar fotografia primoroso charme equipe filme viajar tamanho perfeição elenco achei cate Blanchett    atriz famoso cinderela 2015 curioso caso Benjamin buttor 2008 aviador 2004 bonito sedutora elegante sexy onipotente incrível sedução quase 007 faltar apresentar aird carol aird pedir clássico drink Martini personagem nome título atuação fantástico protagonista atriz rooney mara peter pan    2015 millennium homem amar mulher 2011 rede social 2010 interpretar par romântico Carol therese Belivet palavra descrever química cena traduzir amor ser simples sutil gracioso resumo romance explícito complicado época proibir visto escândalo época ..... dificuldade apresentar maneira levar atrapalhasse admiração crescente lógico espectador carol    mulher maduro mãe prestes divorciar exatamente therese jovem descobrir mundo encantar olhar carol claro diretor colocar cena personagem Blanchett brilho enxergar amar filme bonito coisa ficar ar saber espião chegar casa noite desnecessário amor homem mulher ser humanos belo amar ser importar    dever entregar invés roubar matar prejudicar sentir felicidade ...
Arnaldo C,1,surpreendente cansativo pulo gato consigo entender nota 5 adorir filme
Isabel,1,"diretor todd haynes paraíso julianne moore demonstrar afinar diretor filme clássico filme carol abordar mesmo temática conflito homoafetivas filme primor capricha embrenho atmosfer ano 50,onde glamour figurino transporte fotografia carimba brilhante filme;grande sorte diretor escolhar atriz rooney mara conheci junkie endiabrar millenium incorporar bom personagem conseguir emitir olhar inquietudes;admiração submissão relembrar elegância atriz maggie mcnamaro audrey hepburn semelhança rosto atriz inglês Jean Simmons tbém ano 50.quanto cate Blanchett misto Joan crawford lano turner atriz fascinante    jo público desgrudar minuto presença altivo    magnético jaz jus trama marido    mulher tela desatinar"
Michael Pires,2,filme perfeito haver tirar tecnicamente perfeito figurino som trilha maquiagem interpretação direção arte fotografiar roteiro direção funcionar ritmo perfeito
Regilane P.,2,excelente filme muito exploração sexual delicar abordar amor mulher tempo diferente sentimento considerar conduta imoral causar repudio principalmente família tradicional época belo atuação cate blanchete Rooney mara valer apena sair casa pra assistir
Gisele C.,1,ótimo atuação    belo fotografia .. filme ter 10 estrelinha faltar sal açúcar .. tecnicamente gracinha ... ficar sensação faltar
@cineinstadicas,2,obra surpreender Carol lista haver bom acabar ficar pra filme diriger rico detalhe nuance apelativo diretor conseguir captar detalhe sutileza atriz principal trama conseguir cena belíssimo delicar gosto atuação cate    rooney esplêndido obra rico    detalhe passar despercebir expectador atento    filme comercial ritmo lento contemplativo dica @cineinstadico
Dieferson D.,2,colega muito pessoa considerar ida cinema frente tv filme mero distração lúdico despretensioso ater pensar significado ensinamento momento magia beleza cinema proporcionar momento frente mundo mágico poder fantástico descobrir consciência humano mundo mágico ver perspectiva correto colega de esse filme levar viagem interior mente coração levar descobrir sentir viver capacidade entender vida facilidade ser influenciar negativo acontecer vida fantástico jovem portador síndrome down levar descoberta mostrar escancarar sensação amor amizade força vontade belo história contar história jovem amigo síndrome down viver junto instituto especializar aficionar cinema decidir inspirar história assistir decidir fugir instituto viajar Brasil buscar sonho chegar pra país aventura conhecer várias amigo experimentar sensação dia dia instituto permitir viver dinheiro parente procurar roubar carro começar efetuar pequeno roubo loja lanchonete mercado chamar atenção imprenso policia monto força tarefo caçar divertido trio meliante cena poesio beleza impressionante história transmitir emoção personagem momento cena amor casal down maravilhoso inesquecível prepare viagem interior começar valorizar dia assistir belo história Esperança amizade
cinetenisverde,1,perceber potencial dramático narrativo filme ator síndromer down interpretar personagem síndrome down perceber idealizador colega ter ter mesmo visão aliás comercial empreitar principal responsável amontoado caos envolver história clichê simplesmente sentido
Cipriano de Borba,1,legal!as atuação ótimo coisa auto explicativa precisar narrar detalhe atrapalhar história
Jonathan G,1,conto simples belo irregular colega filme gostoso apreciar personagem carismatico divertir inclusão social vida sonho problema estrutura narrativo perder belo começo filme    filme pedir refletir    vida gente ter ser objetivo filme contar história viver sonhar resto deixar rolar
Fine9,1,colega cópia filme alemão 2010 vincent Will meer enredo drama personagem par romântico fugitivo formar sutil diferença filme alemão drama foco principal filme contrapartida filme brasileiro espaço comédia tentar divertir telespectador usar síndrome down deixar filme comparar versão europeu ficar difícil sentir vontade assistir brasileiro destaque trabalho si realizar filme portador real síndromer down outro positivo desenrolamento história provavelmente emprestar versão alemã
Bruna A.,3,assistir filme
Ana S.,3,louco dvd assistir
Ric Brandes,3,divertir competente protagonista síndromer down interpretar stalone aninha Márcio filme trazer elenco Lima duarte Marco luque Juliana didone otávio mesquitar curioso sósia raul seixa jovem síndromer down elenco vencedor festival cinema gramar bom filme bom direção arter prêmio especial júri filme jus prêmio receber público Cinemas narração Lima duarte excelente trilha sonoro raul seixas roteiro direção competente ator road movie lembrar magia encanto primeiro filme trapalhão início carreira diverte comove espectador alto filme sul protagonisto estrada cruzar Brasil Paraná Santa Catarina rio Sul karmann ghia vermelho buscar sonho coisa simples mar voar casar tornar se forte marcante memória assistir aventura ... histório inspirador amizade amor Esperança render fruto futuro indicação oscar 2014 oscar brasileiro ... Sean penn dar ariel ir repetir abraço dia cerimônia oscar colega merecem!por ricardo brande escritor
Thales H.,1,filme fraco gostar roteiro apesar simples atuação terrível
Um visitante,1,"colegas""foi lembrar festival gramado trazer curiosidade história nacional notável dificuldade protagonisto longo nenhum de eles ter trabalhar função impressionante empenho de eles esquecer passar filme momento exagero ser fictício abusar cena colega começo bom citação ótimo filme jovem adorar assistir sair busca aventura contar protagonista chamar se stallone referência impossível festa trama narração Lima duarte anunciar jovem cena ter sincronia certo parte triste indecisão melhorar filme"
Siri S.,1,filme legal diversão descontrair claro 3 portador down karmann guia vermelho ser facilmente encontrar polícia filme ver ótica provável obra fantasia sentido poético cumprir papel atuação 3 protagonista
Ronaldo B.,2,finalmente assisti filme vir semana cinema de aqui ultimo dia filme cartaz assistir esperar filme maravilhoso ter ouvir falar respeito filme ... enfim maravilhoso achar ótimm comédia lir filme merecer bilheteria digna milhão
Fernando Sampaio,1,esperar filme atrair excelente trailer achei roteiro raso faltar ritmo histório notar 3
Eduardo A.,1,filme potencial diretor produtor ter mão Belo tema ator pena filme ar sessão cena ingênuo
Roberto  S.,1,sonho personagem interessar início aparentemente sonho ser esquecir decorrer filme historia personagem aproveitar decepcionante nexo recomendar
Silvia P.,2,divertido levar apesar policial falarer palavrão    vele ver lição
Idelvan A.,2,crítico construtivo á gente refletir poder respeito á sermos bom pensar
"Marcos,o crítico",1,filme bobo ridículo descartável gostar filme retardar bom pedida estória inutil servir pano fundo incluir portador síndrome down ator atuação pífio pessoa totalmente desqualificar talento capacidade atuar Lima duarte sujeitar participar lixo de esse
Gleice S.,2,filme inteligente extremamente sensível fantasia encantar simplicidade debater inclusão social filme belo convite reflexão viver sonhar super indico
Thais Fraga Ferreira,3,achei filme levar fofíssimo personagem carismático mostrar inocência buscar realização sonho pareçar impossível márcio interpretar ator breno violar engraçar graça perceber ..... rssfiquei feliz sonho ator Ariel goldenberg realizar finalmente conhecer Sean penn
Claudiney S.,2,assisti pré-estréia rio presença ator diretor ótimo interação de ele conosco filme fácil eu irmão síndrome fiquei receceioso percepção pessoa conhecer deficiência confundir inocência pureza de esse garoto simples erro práticar felizmente festa mostrar pessoa normal sentar amar sofr sonhar acho vantagem dar falho personalidade genericamente poder deficiente
Deise C,2,finalmente conseguir assistir filme lir ver cinema filho síndromer down morrer ano ter medo emoção conseguir casa deixei vir emoção juro emocionar filme ator filme mostrar portador síndrome ator representar bandido arma mão fazer cena amor lindo sinal sedução enfim ator historia ter mocinho mostrar herói sentido vida limitação balela aprisionar pessoa considerar deficiente limitar filme foger limitação oferecir instituição viver vida ser limitar ser permitir terceiro á luta buscar sonho fazer conseguir realiza-los matar criança autógrafo folheto procura-se paquer namorar casam .... enfim viver lir filme lúdico alegre engraçar dever representar Brasil festival internacional exterior poder descobrir saber falar coisa favela estupro assassinato
Idy I,3,lir sensivel ... diversao emoçao pra ... vale pena conferir pelicula viver mundo diferença sao olhar
Luis Henrique F.,3,filme engraçado inteligente inocente pra liga p detalhe erro continuidade    curtir trilha Raul perfeito
Silvia G.,2,filme levar humorado pieguice dirigir ótimo atuação recomendar garantar diversão reflexão
J-e D.,1,"comentar filme colega portador síndrome down protagonista reclamei falar arma filme violência respostar diretor roteirista Marcelo galvao dizer seguinte ver análise colega ficção documentário história preciso haver q justificassar mobilização q causar país qto estranhamento arma Marcelo achar q preconceituoso limitar ator down papel mocinho ator gostar atuar mocinho vilão mostrar versatilidade talento entender preocupação observar q sociedade ninguém criticar brad pitt tom cruise usar arma filme ator considerar normal papel mocinho vilão ator down poder tb enfim ficar questionamento nós!""e respostar heróis""todo mundo adorar herói pessoa fila vê-los gritar nome ... de aqui ir ficar chuva durante hora relancer eles ensinar continuar acreditar acreditar exista herói manter honesto força enobrecer ... permitir morrer orgulho May reilly parker Jameson tia May personagem tir peter parker homem aranha nordeste vir gente crescer iluminação exemplo histório força ensinar guiar vida histório ser real imaginar ensinar ilumino decepcionar existir moral histó achar valir interpretar brilhantemente filme    portador síndrome down armar bandido sndo bandido assaltar perseguir ... completo insulto eu eu temer comentar levantar gritar afronta achar pai filho especial ver crescer gesto ação querer alguém bom filme começar abandono de eles instituição retrograr confinar louco ... louco ser mundo merecer abandonar transformar ser luz bandido cumulo gosto pessoa aplaudem realmente questionar saber filme ano otávio mesquitar falar mostrar pequeno vídeo cara dizer gostar deixar silencio silencio deixar ser espalhar mundo retrocesso falar inclusão filme querer história ensinar história ensinar preconceito começo colocar caixinha diferente ser indigente próprio vida dizer existir vitória ensinamento fazer aprender    experiência filho arthur Filipe percebi herói preciso herói erguer dificuldade ... ... arthur querer andar perninhas tremer músculo dizer desistir incredulidade forço vontade 3 ano andar caminhar de ele cair braço abraçar de ele ver ser pai de ele ... formiguinha querer muuuuuuito ... gigante ano histório aventura transformeir deficiência habilidade deficiente vida notar pessoa filho ter graça telo vida tanto redor tooodo mundo herói herói inspir mobilizar emocionam guiar gritar alegria comover alma encontrar força existir impossível palavra ordem saber conjugar palavra    avó aghedo cego dizer mim manter coisa neto dom maravilhar indignar artista pai indignei calar coisa olhar ... avós ensinar verdade aprender história ironicamente mentirinha herói vencer triunfante bandido vida chance ajudar alguém cometer ato bondade agir prol semelhante amor ouvir deus pagar deixar querer mocinho contamina ... amor .... amor escrevo texto lembrar abraço passo filho apossar vontade dia saber fazer suportar mundo dar inestimável teimoso determinar esperança._ancerg"
Poisondragon,1,filme pífio ter simpatia tema filme ruim premissa inicial ficar esquecer ator mostrar criminoso ... narração chato continuar deixar interpretar ... horrível recomendo
Ericky M.,1,Muitto ruimmm filme fazer ideia prodizir filme preconceito maneira filme empregar horivel colocar filme 3 dom down assaltante passar vizao preconceito
Diego S.,3,caso estar perguntar filme birdman antemão praticamente filme funcionar    sátira    caso arte imitar vida '' perfil hollywood filme blockbuster obra alejandro gonzález    discutir panorama diferença arte-    amor determinar coisa- provar relevante filme mostrar maneira explícito    sucesso comercial qualidade andar mão dar necessário separar fama talento    hoje dia ganhar milhão visualização youtube bizarrice      fazer significante birdman    certo ressentimento onda blockbuster filme super-herol filme faturar bilhão obra-prima arte personagem birdman dizer ninguém papo filosófico depressivo explosão violência haver sátira retórico crítico cinema falar produção analisar estrutura fato ter conseguir tornar artista filme criticas conseguir falar valor relação existência filme apresentar    personagem incrível carga emocional dramáticar elenco vida personagem poder bom perfeito momento relevância destaque emma Stone naomi watts Edward norton claro michael keaton incrível fato filme parecer ser filmar executar longo único tomar fato diretor provar produção cinegrafista elenco cena extremamente longo interrupção pouquíssimo transição cena existir editar parecer existir trilha sonoro muito peculiar ser filme sustentar percussão engraçar cena ouve bateria musica fundo ai ator passar realmente baterista tocar filme contar história ator    década 90 dono grande bilheteria mundo graças franquia super-herói chamar birdman rejeitar filme franquia carreira abismo decidir investir    dinheiro peça broadway Esperança poder trazer ele volta mundo show business atuar dirigir peça ator ego estrelismo elevar precisar lidar filha sar acabar sair reabilitação fato de ele ser pai ausente momento angustiante escutar voz assombroso reconfortante alter ego birdman interessante personagem filme metáfora vida michael Keaton resultado birdman filme maravilhoso rico original poético garantir ótima    experiencia realmente apaixonar cinema garantir experiencia estranho pessoa sair zona conforto(que
Um visitante,1,hoje engulo filme tirar oscar bom filme hotel budapeste ... levar comédia dramático dúvida entanto soar pretensão filme conteúdo central trama si interessante apresentar válir indústria entretenimento atual fazer óbvio direção indulgente sufocante funcionar filme bom ator duelar cena especialmente keaton norton dose comentário social ácido pacote público birdman parecer de aquele filme super pomposo cabeçudo aparecer radar época premiação
rogerio.sjrp,3,trama histório birdman passar dia período peça teatral broadway dirigir riggan Thomson interpretar michael keaton entrar pré-estreia passado riggan tempo glória fama hollywood interpretar personagem fictício birdman papel render sequência sucesso recusar papel sequência seguinte ver carreira ator entrar decadência quase autobiografia ator michael Keaton Correto conhecer carreira keaton sacar jogada birdman verdade sátira ator Keaton interpretar batman 1989 batman retorno 1992 ano estrear birdman 3 roteiro filme dirigir tim burton primeiro longo metragem homem morcego telonas render Keaton crítica positivo aceitação público gostar roteiro recusar papel sequência seguinte batman forever ser substituir val Kilmer michael keaton haver receber nenhum papel prestígio cinema personagem riggan keaton tentar reerguer provar talento conseguir receber prêmio importante bom ator ano globo ouro critic ´ Choice awards favorito oscar carreira keaton mostrar expor maquiagem artifício calvo cena aparecer cueca mostrar homem maniar walter White pegar personagem birdman fundir riggan funder Keaton atuação brilhante verdade elenco mérito Edward norton fã fight club personagem coadjuvante inescrupuloso emma Stone filha problemático concorrer estatueto atuação personagem protagonista autobiografia ator principal filme si metalinguagem puro locomoção câmer corredor estúdio teatro rolar bastidor parecer documentário behind the scene luz cenário filme natural ambiente quase realista ver crítica cômico ser trágico indústria cinematográfico broadway ator buscar fama preço argumento crítico cinema arte telespectador certo birdman lembrar cisne negro drama psicológico cujo protagonista viver crise existencial questionar realidade criar mundo fictício capaz cometer exagero buscar perfeição arte explicar subtítulo filme inesperado virtude ignorância ficar contar imaginação
Regina B.,1,interpretação direção incontestavelmente excelente filme chato diálogo interminável trama insosso confuso personagem involvente ganhar oscars definitivamente encantar
alexandrecunha,1,filme ser nomear oscar 2015 mínimo dever campeão troféu framboesa ouro ruim biografia michael Keaton desistir    papel sequência Batman perder cabeça começar achar personagem cair ostracismo 20 ano exilio!concordo idéia mostrar ator papel importante quadrinho ficar estereotipado pra valido filme ruim lento fraco insosso .... desculpem-me sinceridade ruim percar mela-cueca inferno
Adriano Côrtes Santos,3,birdman alejandro González iñárritu obra cinematográfico ousar revigorante cativo complexidade ritmo ininterrupto filme misturar elemento comédia drama narrativa único realização precisar iñárritu criar atmosfer imersão contínuo roteiro co-escrever nicolás giacobone alexander dinelari armar bo oferecer trama original cheio camada explorar ego fracasso buscar relevância michael keaton entregar performance impecável totalmente alinhar papel ator crise existencial Edward Norton destacar imprevisível coadjuvante direção arte excepcional trilha sonoro Antonio sánchez acompanhar filme pulsante adicionar dinâmico único produção poder experimento visual transformar estudo humano profundo hilário fusão raro técnica sentimento refletir tensão manter espectador constante reflexão
Tatiely C.,1,filme chato totalmente noção indicar oscar bom filme mau
Fernando M.,3,"filme ousar conteúdo michael keaton ótimo papel riggan thomson – ator ganhar fama dinheiro franquia “ birdman ” haver ano rejeitar continuar artístico estar volta riggan dirigir estrelar peça broadway basear conto escritor norte-americano raymond carver 1938-1988 “ estar falar falar amor ” 1981).o filme mensagem entrelaçar ator reinventar sugerir discussão tensão arte fábrico celebridade hollywood motivo crise existencial riggan oscil prepotência insegurança haver filme gostoso retrato fama relevâncio pautar viral selfie iñárritu metafilme “ ostentação ” cheio referência maneirismo ambiguidade toa reunir ex-ator franquia super-heróis caso Keaton franquia Batman tim Burton norton hulk Emma Stone gwen stacy espetacular homem-aranha 2"").norton papel Mike shine talentoso arrogante ator teatro la “ actors studio ” ser pedra sapato Thomson stone sam único filha thomson Problemática acabar sair clínico reabilitação “ birdman ” alterno Real imaginário lucidez loucuro – entrar inferno pessoal riggan problema familiar financeiro tensão estrear peça apostar alto contar filme filmar único plano-sequência reforçar teatralidade metalinguagem trilha sonoro pautar solo baterio filme nervoso alucinar ambíguo tom derrotistar longo deixar ar estranho fantástico volta"
Emilio G.,1,fã cinema 60 ano último anosestar decepcionar ganhador oscarnão com si entender filme categoria possaganhar oscaro filme fazer público metir entendidosbirdman porcar ganhar oscarse estar errado erro 60 ano
Tamara L.,1,filme monótono confuso diálogo agradam deixar desejar
Jorge Manuel G.,1,filme obviamente delicia pessoal teatro televisão cinema etc argumento pecer teatro broadway algum profundidade originalidade entanto bocado chato exagero total nomear bom filme 2015
Marta S.,1,achar pior filme ver mau
Thiago C.,1,gosto gosto achei bosta filme concorrer oscar gosto gosto ... keaton filme superar ator teorio
Higor N.,1,ruim entendi parabéns pra gostar
Sílvia M.,1,ruim Keaton pretender ganhar oscar porcar diálogo fracos.horrorosos filme apelativo terrível
Paolo De Corleone,3,gosto gosto recomendável respeitir opinião dúvida birdman filme dividir opinião público crítico especializar ser curto grosso gostar birdman abrir cérebro suficiente apreciar filme filme esperar excelente comedir 1 tomar mínimo 4 minuto acabar característica especial filme falarar de ela frente começar história sarcástico melancólica impressionante filme conseguir controlar característica apesar engraçado diversos momento mensagem trás longo refletir telespectador filme tratar se paródia pessoa michael keaton recado sociedade atual frase par olhar vida tela celular idiota nascer minuto momento óbvio assistir filme paródia fator uso obsessivo rostinho bonito talento indústria cinematográfico discretamente premiação mundo crítica especializar enredo magnífico auto-interpretação sair cinema refletir diversos fator atuação característico magnífico protagonista michael keaton apesar brilhar papel único levar mérito Edward norton trás momento bizarro dúvida engraçar filme emma stone arrasa tomar longo principalmente momento específico contracena Keaton naomi watts possuír ótimo momento principalmente protagonizar beijo lésbico humorado zach galifianakis ótimo papel estrela momento obviamente engraçadíssimos poder receber espaço trama fotografiar câmerar característica especial fotografia diversificar apresentar cor saturar deleite olho câmera magnífico filme inteiro rodar 1 longuíssimo tomar claro caso efeito ótimo dúvida realizar birdman filme sensacional obra arte cinema muito pessoa compreender simplesmente filme caso estar preparar divertido melancólico história redençãor afeto muito crítica sociedade filme particularmente adorar longo exatamente esperar ser mente abrir assisti-lo
Andrea M.,1,ganhar oscar achar ruim ver opção pessoal estar 4 ninguém gostar    tirar dúvida lanceer pergunta pg face 2 pessoa gostar
maverick s.,1,filme ruim concorrer oscar bom filme querer passar mensagem legal filme dever concorrer oscar bom filme indico filme ninguém assisti trailer parecer legal verdade horrível perca filme legal filme achei excelente sniper americano concorrência oscar bom filme enfim legal merecer classificar excelente
Danilo H.,1,filme ruim chato terminar ele pesquisar diversos site verificar deixei passar algum acreditei conseguir ganhar oscar bom filme 4 8 pessoa desistir passar 30 minuto arrancar risada sequer 4 restante estar rotulado comédia
Samira B.,1,filme atrair atenção 15minutos início ... cansativo
Rene V.,1,filme muitoooo fraco mau filme assisti 2015.isso mostrar funcionar oscar pagar levar trofeúzinho falso recomendar ninguém filme
Um visitante,1,principal objetivo filme mostrar coisa acontecer vida ator problema dia dia apesar entender mensagem filme achar interessante achar ótimo assistir novamente birdman chegar ruim leiam resenha completo link abaixo
Beatriz S.,3,excelente digno oscar levar oscar bom filme cortar carne hollywood premiação oscar representar comércio bajulação futilidade parêntese ligo pra adorar filme cabeça amoer futilidade hollywood
LuanGuilherme91,1,filme merecer oscar história prender filme sono início acontecer filme ator teatro lembrar feliz interpretar birdman passar medo receber crítico negativo atual peça teatro gostar recomer
Ericson M.,3,birdman alejandro g. iñárritu irônicar necessidade cinismo esplêndido crítica ferrenho arte domínio birdman sobressair fantástico seguro direção iñárritu fantástico atuação filme tornar birdman prato cheio espectador sinceridade cínico humildade descarar corajoso expor abordagem metalinguístico meandro compõer cinema dramaturgia contemporâneo – ser integrante indústria solapar próprio arte – filme importante dia hoje parar birdman explorar criticamente papel mero espectador importância indivíduo constituinte sociedade rumo tomar necessidade representar ser importante relevante ... lembrar iñárritu conduzir filme virtuosismo encher olho realmente mágico plano sequência plano longo ligar constantemente dar vida curioso história riggan thomson ser simples aparato atrativo modo plano utilizar iñárritu assumir claramente papel narrativa dar voz subjetividade trama principalmente protagonista acréscimo narrativo dever ímpar alejandro omitir corte de esse plano dar constância tom exaustão inquietude vida thonsom contar jogo câmera aparentar dançar cena circundar personagem maravilhoso fotografia trilho sonoro curioso importante birdman estabelecer trabalho técnica irremediável dir birdman – correr propositalmente risco sofrer correção semântico – colcha retalhos pano amálgama si roteiro – escrever mão – segmento compor espetáculo texto rechear referência atual cenário cinematográfico embasar crítica quadro Blockbusteriano função crítico especializar desempenhar abordar realidade externo dramaturgia filme alojar papel virtual existência sujeitar atar divagação protagonista junto birdman alter ego contar diálogo milimetricamente elaborar personagem tecer durante filme longo traçar panorama vida plateia vida ator imaginar universo inserir papel concomitantemente encarnar desempenha vida birdman imerso crítica tenaz cenário hollywoodiano cinema desfecho projeção caráter ambíguo filme ironizar modo repetitivo complacente hollywood caso encontrar encerrar história final feliz propósito cena belo sutis birdman sacar genial acreditar pensar faltar espectador dispor assistir filme pequeno aparte respeito atuação restar óbvio elogio elenco principal merecer ressalva particular ficar difícil encontrar adjetivo sinônimo suficiente elogia-los competência brilhantismo faltar filme esquecer alegria particular michael keaton bom inspirar atuação carreira tempo cinema perder lento gradativamente identidade força reflexivo sobretudo diversidade criativo birdman apresentar bom filme 2014 espécie vivo consciência crítico metáforo brincar fantasia realidade composição tentar lampejo luz próprio casa a aquele mover engrenagem vida amar arte birdman obrigatório
Matheus França,3,estar birdman inesperado virtude ignorância filme Super-heróis oposto crítico hollywood necessidader filme herói birdman filme humor ácido personagem marcante ator talentoso filme incrível marca retorno michael keaton telonas Edward norton ótimo lembrar de ele ator favorito esbanjar talento verdadeiro palma Michael keaton interpretar amargura melancolia personagem buscar aceitação importar aliás render globo ouro diretor alejandro consagrar birdman modo direção desenfrear frenético seguir personagem câmera Movimento trilha sonoro pegada jazz encantar interessante diretor escalar elenco adequar clima filme filme tratar hollywood filme super heróis eis michael keaton antigo batman acabar ser substituir Edward Norton acabar ser demiter incrível hulk emma Stone interpretar gwen espetacular homem-aranha alejandro dizer terminar roteiro pensar michael keaton olhar dar acertar cheio keaton retornar mostrar talento acumular filme oficialmente estrear dia 29 janeiro pretender revê-lo
Um visitante,2,engraçado cinema proporcionar momento único acompanhar arte fácil acontecer certo coisa certos artista birdman unir momento interessante mostrar michael keaton muito lenha pra queimar conseguir trazer volta diretor alejandro gonzáles drama    conseguir realizar 21 grama babel biutiful conseguir pequeno personagem comediante zach galifianakis conseguir sugestivo fazer contar Edward Norton naomi watts estrela ascensão Emma stone birdman interessante vir atuação atuação existir peça almejar realizar sucesso diariamente atrapalhar ser ator fixo momento stress loucura integrante pedir exceção algum motivo sair eixo causar certo briga chamar atenção momento atuação principalmente belo dinâmico Edward Norton Emma Stone michael keaton zach Galifianakis naomi watts Norton seguir birdman admirável surpresa ano filme vir correr destaque
Marcos A.,3,sensacional elenco maravilhoso diálogo excelente extremamente sarcástico reflexão cinema fazer fazer transformar espectador consumidor ruminante voraz pensante muito filme interessante ator 30 ano vestiar capa preto excelente ator terminar frase filme saúde capacidade ganhar dinheiro ... sensacional
Khemerson M.,3,hoje certos filme costumar criticar próprio indústria sustentar verdade tirar autoparódia bacana esquecível subgênero voltar meia gerar belo obra-prima processo Crepúsculo deuses jogador artista lista infinito entretanto tornar obra rico tematicamente capacidade perceber nuance objeto criticar contentar crítico crítico buscar traçar perfil verossímil impiedoso indústria personagem – executivo produtor cineasta roteirista caso birdman ator filme alejandro Gonzalez iñarritu obsessão riggan thompson michael keaton foco câmera onipresente mestre emanuel lubezki tratar personagem “ orbita ” voltar thompson filha problemático stone coadjuvante insegura watts agente galifianakis parceiro cena instável imprevisível “ galã ” Mike Shinner norton).abrindo filme fabuloso simbólico plano ver protagonista “ flutuar ” seguir sermos levar centrar foco em aquilo realmente importar trajetória riggan razão levar ... ler restante texto clicar link abaixo
Ricardo L.,2,filme bacano história melancólico personagem interpretar michael Keaton sinal bom interpretação fazer cinema render indicação bom ator 2015 estar fortemente cotar ganhar roteiro enquadrar elenco poderoso filme marcante 2015
Leo Thomas D.,3,filme fantástico aular narrativo plano sequência
Marco G.,3,sensacional diretor mexicano extrapolar emoção densidade psicológico descrever conflito ator broadway criticar industria filme americano banalização sociedade internet    mostrar dificuldade humano manter sanidade recolocar cinema americano alto mercado ótimo filme europeu ser fazer nota protagonista diretor corram espetáculo
Israel O.,3,excelente filme criticar bastidor teatro entretenimento passar realidade perceber publico comum relação difícel participante michael keaton naomi watts emma stone Edward norton filme seguir medida certo quase percebi zach galifianakis jeito doido beber case
Mário Sérgio P.Vitor,3,filme interessante último tempo birdman merecer aplauso obter diálogo afiados edição brilhante trilha perturbador atuação impecável michael keaton arrasador papel ex-ator filme blockbuster provar ator sério broadway ponta discussão arte entretenimento    embate cinema-espetáculo prestígio pecer teatro filme nuance dúvida ser-estar viver-representar herói persegue ator crítico teatro artista ator    celebridade desfila ego telona haver momento humor afiadíssimos críticar mundo entretenimento haver momento câmera invadir situação ternura despojamento personagem ator levar sério artista brindar talento filha padecer lembrança pai parecer ausente ex-esposa terna compassivo amante-atriz reclamonar atriz inseguro buscar reconhecimento emaranhar propor diretor enternecemos esperar ruptura total ator mundo fictício almejar encontro    de ele realidade trazer algum estabilidade emocional instante filme representar difícil viver perigosamente instar perseguir
DiegoVeiga,1,conseguir gostar conseguir acompanhar historia deixar prender filme sentido eu
Felipe S.,2,filme convencional entretanto ótimo filme keaton sensacional
João Baron,1,demorei entender verdadeiro mensagem birdman querer passar ritmo frenético intenso produção palavra interessante diretor mexicano alejandro González iñárritu trazer visão diferenciar crítico mundo arte cênico norte-americano confesso parte ficar confuso longo complexidade entender personagem-título igualmente confuso auto-questionador esperançoso retomar famoso carreira filme realmente alertar indústria hollywoodiano broadway obra qualidade ter super-herol colãs cena ação artista mimar público arte apreciar desenvolver surgir filosofia questionamento diálogo mensagem trás produção verdadeiro obra-prima conseguir louro termo técnico fotografiar edição admirável trilha sonoro repetitiva alto filme roteiro apresentar falha Michael keaton riggan thomsom parecer mostrar vida pessoal história de ele personagem interpretar parecido indicação óscar bom ator merecir emma stone participação vi especial indicar óscar Edward norton cumprir tarefa fazer naomi watts pra eu surpresa simpático zach galifianakis personagem cômico beber case zach tirar letra personagem dramático acostumar crítica profissional atuante ramo arte Estados Unidos definir birdman apesar beleza longo acreditar parte espectador soltar velho expressão wtf tornar longo confuso valer destacar duração poder reduzir história homem-pássaro conseguir deixar mensagem planejar abertura valer reflexão gostar
André L.,3,dúvida filme original surpreendente ano    merecer oscar    pequeno bom filme elenco afiar direção fantástico roteiro belíssimo
Diogo R.,3,birdman inesperado virtude ignorância excelente difícil poder parecer considerar plot aparentemente simplório excelente heterodoxo loucura revés começo suficiente tecer crítica ácer segmento sóbrio começo partir fio condutor mundo artístico especificamente tentativa ator único sucesso crescer novamente tardio carreira inúmero tema abordar especial crítica pai filho problema sexual casal crítico principal referir arte cinema teatro nuclear realmente catapulta artista sucesso assistar descubram habilidade encaminhar conjunto render obra indicação merecer oscar bom direção alejandro González iñárritu bom roteiro original merecir indicação michael keaton bom ator emma Stone bom atriz coadjuvante keaton saber interpretar magnífico papel vida similar protagonista indicação merecer excelente atuação represente volta topo prêmio destinar eddie redmayne vencer globo ouro Keaton bom redmayne histórico emma Stone trunfo aparecer ver distante estereótipo fraquezo delicadeza quase entediante gwen stacy interpretar personagem personalidade marcante diferente zach galifianakis finalmente conseguir abandonar alan beber case atuar outro papel regular brilhante merecer destaque enfim sair cômico filme ser cômico contrário render bom risada Edward norton outro sumer qualidade questionar indicar receber estatueta bom ator coadjuvante bastar bom elenco bom roteiro ótimm direção provocar entretenimento durante reflexão assistir birdman indicar 3 estatueta caráter técnico oscar bom fotografia bom dizer indicação questionado(a razão original demasiadamente sombrio concorrente genial edição som pecar repetir especial baterio qualidade todavia mixagem som destacar executar absoluto perfeição tratar se filme rico único crítica dirigir fato monótono principalmente querer atingir razão emoção destacar monótono sinônimo chato atuação piar up contar grand finale requisito básico obra-prima amante cinema obrigatoriamente ver
Gustavo M.,3,excelente observação introspectivo homem ... libertação fantástico nascer clássico parabéns filme detalhe sutis magestic fantasma ópera soamr martelo filme perfeito
Rosangela M.,1,realmente filme ótimo encarar análise psique humano pensar esperar enredo poder ser grandioso ser outro ficar parecer filme diretor deixar margem filme achar caso filme grandioso incompleto pena
Um visitante,1,fincher entrar Campo thriller farsesco trama atuar calcular de escortinamento disfarce cotidiano cínico instituição social andar assistir verhoeven abordar natureza fatalisto casamento elaborar entanto filme sabotar medida trama chegar central impacto mensagem filme pretender passar diminuir reviravolta fraco
Bernardo D,1,"q filme 2014 oportunidade vê-lo 2019 pra começar filme maneiro começar q mundo q marido matar esposo contar hora tar acusar isso(inclusive trailer pq clichê hollywood filme ficar mistério intrigante tar mulher 
  spoiler 

   q gente descobrir filme q q forjar desanimador fato de ela armar entregar pra relevar q realmente frustante ruim 
  spoiler 

   querer q mulher pagar q acabar ficar ... pqp pra escrever palavrão ... alguém ler tô dizer fiquei frustar kk história filme ótima ..."
Wanessa Y.,3,roer ódio querer achar defeito sério vez.não rolar filme via de aquele prender atenção começar haver revolta filme responder propor atingir aguçar emoção falar filme policial função ter.lógico investigativo dr filme drama atiçar sentir emocionais.5 louvor    tratar filme    incrível
Marcos A.,3,bom filme ano direção espetacular david filcher filme ruim atuação devastador rosamund pike ver comprovar show histório cativante várias reviravolta deixar cadeira acontecer filmaço
Lucas C.,3,deus filme sensacional começo pensar mesmo estória chegar surpresa surpresa filme roteiro excelente atuação bom rosamund merecer oscar
Gabriella Corsini Vicente,2,romance instigante mudar opinião diversos adorei ator interpretar super
João Wolf,1,realmente decepcionante filme início sensacional poder ótimo certo errar fã final abrir interstellar aliás excelente filme garota exemplar david fincher realmente desapontar .o diretor reviravolta longo diferente respeito trabalho clube lutar outro filme fincher    twist incrível deixar pensar .. infelizmente garota exemplar pensamento exatamente positivo acho mínimo quase 3 hora esperar destino nick Amy poderíar ter explicativo falar diverso furo roteiro decisão extremamente burra fbi filme .não pedir disney sair feliz sorrir ir viver feliz nexo
Carlos F.,1,filme de aquele deixar dúvida gostar trama fazer narração flashback ajudar elucidar apesar deixar ponta soltar atrapalhar gerar algum confusão fraco impedir filme ser atuação ben affleck marido gostosão ator inseguro pouco recurso atuar freio puxado convencer cena papel gostosão incapaz variar psicológico interpretar raiva ódio medo dúvida mesmo expressão filme longo dever cena explicar necessidade de aquele achar decepção fantástico
Paula Biasi,2,bom jogo gato rato recente filme david fincher garota exemplar contar história desaparecimento amy dunne    rsamuond pike    dia comemoração aniversário casamento nick dunne ben aflleck    começo surgir pergunta ver filme policial buscar evidencia prender principal suspeito estar falar david fincher poder facilmente afirmar tratar mero filme policial filme “ exemplar ” david fincher casal protagonista conseguir levar história competência realmente imaginar ser ben aflleck perfeito papel determinar momento trama mulher adorar público precisar manter aparência mídia ser muito velho canastr maneira papel cair luva aflleck diretor saber explorar viés personagem rsamuond pike ótimo papel elevar status hollywood preciso rosto bonito tela necessário personagem atriz papel rico detalhe nuance fundamental desenrolar trama ator coadjuvante    interessante papel fato diretor cair chiclês escolher mulher frente investigação acrescentar trama irmã gêmea ben aflleck conseguir carregar dramaticidade necessário contexto situação ben aflleck precisar frio calculista desvendar pista deixar esposo oposto irmã sofrer intensidade consequêncio vivir irmão outro aspecto interessante destaque trama crítico meio comunicação retratar caso claro história possuir lado mídia centralizar dose cavalar sensacionalismo reflexo jornalismo atual enfatizar filme evidência aspecto público espectador programa televisivos tomar se culpar caber protagonista desvendar mistério revelar pouco trama reverter jogo sensacionalismo utiliza-lo culpar desaparecimento esposo marido cometer erro profundamente arrepender david fincher prova conseguir espectador verdadeiro jogo gato rato comando rato esconder evidencia pouco conseguir envolver gato público instigar encontra-las diretor conseguir público dose certo suspense garota exemplar filme policial fazer molde padrão filme gênero filme pensar gostar chamar arte
Rodrigo o que?,2,decepcionar realmente filmeo suspense mistério construir ❤ ️digno alfred hitchcock
Farley S.,1,filme excepcional ser ...
Eduardo G,1,poder dar 5 estrela ridículo lembro raiva c/ filme perca trama filme sensacional atuação excelente matar filme terminar ngn prender acontecer simples ódio ódio ódio
Juarez Vilaca,2,surpreendentemente excelente filme drama policial suspense dirigir david fincher ótimo atuação personagem principal ben Affleck nick dunne rosamund pike amyr dunne história convincente enredo bolar envolvente prender expectador 2 hora meia adequado filme realidade verdade expor divulgar versão jornalístico importar valer pena
Erika,1,"trama filme ficar desejar tendência filme atual acabar negócio vencer "" .... deixar sentimento relutar"
Gabi G.,1,péssimo filme começo vc assister pensar .... filme ótimo história chegar decepção completo ... pensamento acabar ridículo acreditar perdi ver porcaria
Pedro L.,3,filme simplesmente apagar historico ruim ben affleck garota exemplar simplesmente perfeito surpreendente filme    atuação bom suficiente pra despertar odio assistir
Camila C,1,péssimo filme suspense fraco atuação ben affleck desejar investigação falho detectar falência país prisão corpo vestígio protagonista início falhar pais reconhecer presença suposto psicopata namorar 2 ano presente busca corpo investigar ex acusar estupro realmente porcar cheio falha desfecho pior enredo contradizr hábito americano investigação principalmente comoção público
Aelson Filho,2,"suspense inteligente enredo elaborar affleck ótimo ator filme papel banano idiota atriz rosamund pike ver Bond girl 007 dia morrer excelente 
  spoiler 
  filme decepcionar completamente"
Emanuel B.,1,filme fraco ter vista falar li vario    comentario filme suspense diferente ja existir simplesmente ver suspense filme filme chato nao prender atençao 1 minuto decepicionar
Raquel Z,1,"verdadeiro carniça forjar desaparecimento suposto homicídio Marido amyr vingança inescrupulo deslecho marido casamento andar amy pessoal completamente imaginável doce manipuladora óbviamente mentiroso matar ex namorado tentativar levar marido prisão Msm corredor morte claramente sede vingança sangue tentativa falida reativar ex encontrar estabelecimento inventar louco história compaixãor manipulação severo impercebir colégio levar ela casa matar fugir chegar casa argumento legítimo defesa estupro marido mulher grávir de ele glorioso mostrar lir feliz esplêndido recomecer família perfeito 
  spoiler"
Luanbrasil,1,lembrar ano seguinte filme mediocre
Eduardo Santos,2,david fincher diretor cultuar filmografia filme premiar respeito curioso caso Benjamin button supervalorizar rede social millenium – homem amar mulher Supercults clube lutar Seven – crime capital fincher diretor irregular gostar filme inegável cara talentoso cineasta trazer dúvida bom filme trama narrar caso misterioso nick ben Affleck comemorar ano casamento amy rosamund pike bom atuação carreira apesar ver filme acontecer amy desaparecer levar crer assassinar evidência apontar marido ser assassino ir contar história bacano filme desenrolar enigmático entrecortar revelar informação pouco maneira milimetricamente calcular levar espectador perguntar instante realmente acontecer revelar minuto ficar petrificar atento ser passo filme basear livro gillian flynn roteirizou filme digníssimo exercício suspense mesclado drama tensão pitado humor espaço levantar reflexão comportamento pessoa julgamento aparêncio muito duvidoso linha Divisão heroi vilão tênue simplesmente filmaço longo quase hora meia cansar intriga positivamente ben affleck papel dúbio complexo elenco excelente roubar cena rosamund pike enfim altamente recomendar
Thalita Uba,2,pra começar roteiro adaptar livro homônimo gillian flynn assumir papel roteirista versão cinematográfico impecável gente ver tanto filme basear livro aperto coração vontade esganar pessoa adaptação finalmente ver trabalho fazer ficar realmente impressionar alier roteiro ótimm direção david flincher baitar diretor receita perfeito sucesso estragar história escrever dirigir atuação – felizmente – dizer ben affleck superar surpreender performance parceiro rosamund pike trama repletar reviravolta cena emocionalmente pesar protagonista restante elenco dar show interpretação garantir vivacidade histório montagem merecer destaque mesclar situação atual flashback passagem frutoer imaginação personagem verdadeiro maestria fotografiar nota produção nota trilha efeito sonoro pra filme perfeito
Luísa P,1,"mt ser ... 
  spoiler 
   gostar final nao-feliz simplesmente criatividade p filme criativo"
Agnaldo S.,1,filme parar água poço filme começar devagar terminar mau
Antonio G.,1,confuso trilha sonoro ótima incompleto
Carlos P.,3,garota exemplar filme surgir hora gostar história rápido cheio surpresa filme assistir trabalhar ficar curioso pra acontecer seguir
Dennys R,2,narrativa começar lento simples ... estranho falar filme realmente gostar verdade cerca hora acontecer plot twist repente perceber assistir bom imaginar nick conseguir inspirar simpatia verdadeiramente agradável amy brilhante alguém desprezível várias ocasião filme diferente outro vi recomer
Aurelís D,1,piore filme ver ridículo    inimaginável ñ    perca gostar ver spoiler pra jogar noite desastre filme
alexandrecunha,2,"filme diretor david fincher dirigir clube lutar Seven tbm gostar    filme garota exemplar gone girl centrandor se nick dunne ben affleck marido tentar desesperadamente encontrar esposo dar sequestrar morta ser acusar imprensa policia tê la assassinar elenco formar várias estrela    ben Affleck Rosamund pike tyler perry neil patrick harris enredo ler momento suspense drama trama cheiar intriga público realmente haver confundir fato evidenciar conduzir ritmo adrenalina assertivo muito volta reviravolta filme manter adivinhar idéia casamento intenção personagem filme gostar suspense valer pena filme espetacular atender propor ano fraco filme bons pra eu bom nota 8,0!recomer"
Barboza Wagner,1,filme ótima base roteiro direçãor david fincher conseguir desenvolver historia linear cheio suspense momento surpreender reviravolta sensacional filme conseguir bom imprevisível atuação    rosamund pike digna aplauso realmente vontade papel ben affleck convencer papel conseguir surpreender trazer diferente longo ator ter fazer atuação carrie coon magistral totalmente convivente emocionante agradável surpresa filme deixar claro pessoa casar durante algum amor acabar conhecer totalmente acreditar bom filme ano duvidar valer apena conferir
isabellaroga,2,excelente sair comum surpreender deixar imaginação viajar
Daniel C.,2,filme surpreendente autor conseguir criar conflito opinião estranhe opinião mudar 10 durante filme 10 de ele o. Lima suspense tbm eh bom fator aconselho indico
Willian M.,2,narração ser dia atual visão marido passado basear diário mulher espectador ter prazer duvidar
cinetenisverde,3,mundo conhecer história esposo desaparecer belo manhã marido virar suspeito clichê batir diretor david fincher rede social esforço construir dúvida espectador escala papel ben acima-de-qualquer-suspeita afleck verdade interessar discutir exatamente oposto dúvida sociedade ansioso tomar rapidamente dedo culpar escolher mídia decidir versão fato atrair se consumidor conteúdo
Gustavo L.,2,hora meia filme vontade ficar assistir desencadear trama de aquele suspenses prender início reviravolto histório deixar apreensivo esperar filme porte inesperar
Gilnei S.,1,hora filme completamente enrolar poder ressumida 15 minuto filme complexo ler livro certo destinar público feminino levar 3 estrela acabar ser filme fugir rotina filme convencional
Thiago B.,3,assistia suspense envolvente inquietante
Neto S.,3,amy dunne rosamund pike desaparecer dia aniversário casamento deixar marido nick ben affleck apuro começar agir descontroladamente abusar mentira tornar suspeito polícia irmã gêmea Margo carrie coon nick tentar provar inocência procurar descobrir acontecer amy excelente garota exemplar dever indicar oscar bom filme concerteza historia filme prender começo otimo atuaçoes ben Affleck rosamund pike garota exemplar bom filme 2014 nota 10
Nelson Jr,1,"elenco filme contemplativo histór triste roteiro melancólico falar velhice ..    qualidade fotografia maravilhoso    diálogo bom existir personificação maradonar Hitler sátira .. trilha sonoro muito musica clássico .. filme mostrar enxergar velhice nostálgico lirico sonho .. , mas encanto existir surpresa"
Ricardo L.,1,filme Paolo Sorrentino ganhar óscar bom filme estrangeiro 2013 beleza filme elenco poderoso velhinho cane keitel atuação bom
Marco G.,2,cinematografia Paolo Sorrentino conseguir conseguir pouco cena grandiosidade elenco espetacular Alpes suiço musicar è outro fortíssimo filme bom cinema italiano atual
Lúcio T.,3,"3 coisa vida nascer crescer morre pedir nascer tampouco escolher nome saber dia ir morrer incógnita verdadeiro mistério acontecer outro coisa ser vivenciar nascer escolha ..... escolha far refletir chegar idade tamanho sucesso dom tamanho dedicação trabalho trar felicidade custo simples fato viver realização deixar aproveitar potencial ..... ..... viver vergonha feliz cantar beleza eterno aprendiz ... vida dever bom ser impedir repita bonito bonito bonito ! ..... "" e vida música alto baixo verdadeiro sinfonia platéia enorme observar passo movimento composição longo ano maestro conduzir obra-prima arte mão diretor Paolo Sorrentino escrever roteiro belo espetáculo drama comédia inteligente atuação cena diálogo música magistralmente dirigir sorrentino arte apreciar calmo paixão sorrentino encantar emocionar refletir história mesclar chorar rir fotografia filme valeriar 10 incrivelmente fascinante deslumbrante paisagem alpes suíço filmagem bengalar inicial ídolo cravar em ele Luca bigazzi responsável categoria transformar imagem poesia trilha sonoro david lang encantar ouvir funcionar lenha locomotivo manter rota perfeccionismo atuação michael caine eternizar alfred trilogia Batman diretor christopher nolan 2005 2008 2012 harvey keitel cães aluguel 1992 belíssimo Rachel Weisz múmiar 1999 Jane fonda barbarello 1968 Paul dano suspeito 2013 comentário np magnífico atriz madalino diano gheneo arrancar suspiro masculino ..... trama amigo longo data fério espécie spa poder gostoso bonito verdadeiro narrativa deveras lento precioso detalhe som presenciar filme vir marcar jovem tornar distante idoso futuro passado representar presente reprodução conversa pessoa observar viver viver!pode alguém gostar película ficar pranto desfecho musical melodia haver agrade haver gosto ..."
Bruno Campos,3,obra-prima Paolo sorrentino soar espécie extensão beleza oscar filme estrangeiro brilhante diretor abusar extraordinário capacidade artístico compor incrivelmente fotografia elenco conteúdo discursividade suavemente fragmentar ironia fino constante estilo magistral aular cinema
Stanislaus  Kat,1,mostrar cotidiano velho amigo maestro aposentar diretor cinema resort luxo Alpes suiço filme tratar tema recorrente conflito passado futuro vida morte juventude envelhecimento fidelidade traição haver momento surreal muito nudez cena sexo belo imagem alpes bom atuação roteiro drama recepcionar criticar especializar ganhar diverso prêmio
Nelson J,1,bom ator spa milionário suiça michael maestro aposentar harvey tentar dirigir filme ser faixa 80 ano amigo 60 dificuldade velhice valorização juventude diálogo afiar interessante
Andiroba da Amazônia,2,totalmente filmar lir hotel luxuoso magnífico Alpes suíço filme trazer discussão humorado rechear close cena estranho psicodélico nu artístico excelente ângulo aproximação fotografia discutir legado pessoa passagem curto vida filme possuir elenco compor ator septuagenário jovem qualidade consagrar jovem perguntar instante bom maneira conduzir existência presenciar velho espelho próprio decisão óbvio desilusão dilema perpassar história hóspedes resumir tradicional viver emoção buscar resultado conclusão pautar rotina diário altruísta importar diretor vencer oscar bom filme estrangeiro beleza 2013 economizar cena lindo paisagem montanha muito neve melhor lindo mulher traje sumáriar direção elenco profissional valer pena assistir
Dagoberto M.,1,deprimente processo envelhecimento motivação viver puder
Kleber L.,1,filme chato pé cabeça    rico especial q spa suíço blá-blá-blá
Paulo Vinicius K.,2,excelente filme ótima história    cena deslumbrante envolvente atuação ator
Felipe Lorran,3,master piece absolutamente cinema atuação memorável diego maradonar roteiro encontrar fase vido
Mauricio Kfoury,3,magistral bom filme atualidade ator cenário fotografia musico espetacular obra imperdível permitir reflexão passado amadurecimento velhice muito realidade maneira sutil Belissimo
Andreia São Thiago,3,pessoa alegar usar certo substância natural sintético sentir sensação prazer comum humano dir poder sentir prazer entrar sala cinema assistimos longo juventude simplesmente entregar estímulo fotografiar música diálogo ritmo emocionante filme proporcionar reflexão filme profundo passar futuro juventude velhice conclusão deprimente muito beleza cena personagem discutir desvalorização cinema televisão películo assistir tv clássico tela
Carlos Jesivan A,3,belíssimo    filme    trajetoria humano jornada interior puro essencia humano real desnudo trilha sonoro absolutamente belissimo encaixar cena musico destaqie just ... david Lang absolutamente imperdivel obra arte
Um visitante,1,assustador original ... it follows impressionar atmosfera tenso reforçar movimento câmera magistral fotografia opaco colocar imediatamente cenário desolador maldição sexual retratadar filme verdade alegorio paranoia americano Sexo careta encar tema quase haver adulto foco núcleo jovem perseguir maldição relação jovem estabelecer si disfuncional referir pais(no caso adulto desdém carregar mágoa sugerir certo abandono emocional enxergar filme thriller psicológico toque drama de aquele melancólico atuação surpreender sentir terror insegurança jay criar conexão direto personagem público embarcar psique de este personagem aterrorizar desconhecer ato praticamente perfeito anti-clímax clássico pena cena maldição persegar jovem fazer jus clima antecipação longo criar jump scar óbvio trilha sonoro eletrônica sisudo contribuir criar clima humor involuntário problema filme esforça fugir comum acabar mostrar situação simplesmente bizarro original propor it folows thriller contar ótimo atuação direção corajoso desperdiça potencial temático premissa situação ser assustadoro ser embaraçoso nota 7.0/10
Lucas S.,2,fato publico negativar filme explicar clichês filme terror vir susto previsível protagonista berrar ridículo expressão convincente remeter se terror psicológico genialidade filme ficar implícito querer voce curter filme terror susto assista
Kai E,1,ideia mostrar filme filme ter sair confesso dar olhado crítico adorocinema fiquei super animar gênero terror andar perna ultimamente assistir expectativa assistir fiquei totalmente chocar esperar ir negar filme ruim pra nota 10 adorocimema esperar ser filmaço ficar gostar monstro demônio infectar roteiro filme ruim dizer ideia título genial verdade ser dizer ruim pele poder caprichado ajudar filme ter ser bom ter lembrar filme importante 2015 suspense satisfatoriamente regular esperar sequencia esperar ser bom acreditar filme ano bom filme renascir inferno 2015 possessão ano
Jean B,1,site tendencioso ridículo filme lixo 5 estrela c :)
Diego S.,1,filme terrível assistir expectativa avaliação ver decepcionar filme frustante suspense acabar história contatar filme parar deixar desejar terror pior filme ver cinema ano
Valéria A.,3,bom filme prender atenção histório abusar sangue susto diferente terror dominar cinema abusar morte deixar várias possibilidade abrir pensar recomer
Fernanda Silveira,1,mau filme ano literalmente mau absolutamente passe medo
Thiago B.,3,fiquei saber premissa filme apresentar fiquei extremamente ansioso assisti-lo elenco único pessoa conhecer maika monroe    the guest elenco cumprir papel história cativante decorrer desagradar filme assistir procurar    terror diferente perturbação causar entidade filme falar concordar explicar filme intenção centrar extremamente intenso sentir verdadeiro terror perseguir sobrenatural principalmente vir aparência pessoa amar personagem principal jay levar á loucura acontecer filme fato aterrorizante sentimento provocar agonia transparecidar personagem intenso interessante poder destacar referência á filme terror década 80 trilha sonoro fantástico contar ótimo iluminação ótimm atmosfera criar pensar gostar filme esper conseguir superar expectativa lembrar filme conseguir entender filme mostrar gostar filme it follows clássico bom filme assisti último ano
Um visitante,1,originalmente publicar link abaixo nascer nairóbi quênia 1941 dawkim biólogo publicar livro – influenciar pensamento filosófico contemporâneo trabalho “ gene egoísta ” dawkim defender programados sobreviver custo gene robô obedecer fielmente programação gene prosperar ambiente extremamente competitivo viver egoísmo implacável palavra dawkim sugerir ideal generosidade bondade devar ensinar poderíar viver sociedade acreditar humano conseguir garantir sobrevivência pensar si pensamento ocorrer assistir recente trabalho diretor david Robert Mitchell terror “ ” sensação Cannes colecionar diverso elogio crítico norte-americana colega empolgar chegar afirmar “ impossível descrever intensidade assombração filme causar ” “ filme persegui-lo semana ” empolgação reflitir carência filme terror apeler clichês propriamente obra arte assustadora inesquecível – semelhante acontecer haver algum australiano the babadook – inegável estilo execução obra frescor gênero ter doença matar pouco único livrar de ela ser passar problema pessoa fazer morrer colocar assunto filme ter aids único curar ser ter sexual pessoa estranho fazer “ gene egoísta ” dawkim início texto poder imaginar pensar independente resposta ser pensata princípio moral embutido início cena intrigante jovem correr salto assustar rua apesar aparentar noite calmo tranqüilo fugir praia isolar garota desculpa celular despeder pai aparecer brutalmente morta tela apresentar personagem principal belo filme enfatizar beleza diálogo jay maika Monroe irmã kelly Lili sepe amigo Paul keir Gilchrist yara olivia Luccardi aliar entrar vizinho greg daniel zovatto).após sair namorar noite agradável jay rapaz sexo carro – apesar idéia romântico diretor conseguir criar atmosfer singelo clima mudar drasticamente rapaz seqüestra jay amarrar cadeira abandonar irei contar terror comedir construir seqüência cena ensinar “ professor ” robert Mckee série evento conter mudança valor começo agradável assustador criar alteração significativo vida personagem execução roteirista diretor perfeito jay sair prazer alegria terminar dor aterrorizar mudança garota normal saudável seqüência carregar maldição voltar mover filme rumo confrontação problema ato provar colocar ideia prático orçamento modesto suficiente elenco rosto conhecer espectador ficar esperar tornar trama previsível assisti fiquei entreter história trilha sonoro haver passar totalmente despercebir rever filme reparar encaixa filme remetir clássico terror ano 80 uso sintetizador outro aspecto ocorrer ter chegar conclusão respeito haver “ mistura ” época durante filme vítima utilizar celular carro moderno entretanto ver história jay televisão antigo carro personagem yar ter espécie leitor “ e-books ” ficar dica tentar decifrar ... entretanto elogio esforço diretor ficar concentrar contar história criar universo claustrofóbico maldição atingir direto indiretamente pessoa mãe desconfiar estar acontecer deixar desenvolvimento personagem apesar tratar filme sobrevivência personagem reativo situação tornar personalidade personagem revelar realmente ação provável espectador simpatizar ash morte demônio jay protagonista ser vítima atitude personagem arco dramático começar terminar mesmo atraente principal filme ... principal problema resolução ato roteiro conseguir sustentar clímax escolha mínimo duvidoso considerar 20 minuto final filme importante fácil alguém gostar filme começar lento tedioso ter desfecho espetacular – “ nevoeiro ” 2007 – começar premissa consiga sustentar acontecer the Babadook opinião erro acerto merecer ver filme terror estilo importante sobrar ser trabalho estrear diretor atingir notoriedade mundo refletir elogio receber canne trabalho construir atmosfera susto medir certo tema interessante abordar pena cair produção resolução poder tornar candidato clássico gênero futuro ajudar iluminar próximo produção consiger chegar ...
Daniel Novaes,1,esperar    filme tenso
João Vitor P.,3,filme cur ideia único original fugir completamente clichê sexo tema deixar filme inteligentemente sublime
Luz do Amanhã,3,filme simples envolver assistir filme imprevisível causa apreensão belo filme bom digamos original haver criatividade mundo
Geovanne R,3,filme terror suspense totalmente diferente de esse atualidade possessão demoníaca exorcismo brinquedo assassino fenômeno paranormal ver filme exatamente tornar único simples deixar realmente assustador cena    real perigo protagonista tirar fôlego calmo tenso trilha sonoro remetir clássico filme suspense antigamente irritante pouco belo filme suspense realmente assustador tenso grandioso perfeição passar medo protagonista pra assustar diversos cena aula suspense pra filme lindo loir seio burro mostrar filme inteligente assustador
ClaraFreesky,1,terror comum psicológico filme recurso simples efeito terror sustentar ambientação trilho sonoro atuação personagem elemento contribuem clima tensão constante deixar espectador esperar surpreendar surpreender filme apresentar enredo inúmero crítica sociedade moderno juventude atual muito aliás adorocinema ótimo trabalho identificar de esse pérola vide crítico ac entender dizer entanto dever admitir assisti filme esperar sentir medo encontrar filme algum terror hoje dia prefiro recorrer jogo eletrônico gênero decepcionam).o longo foca tensão crítico contemporâneo acabar deixar enredo terror escanteio início esperar algum resolução explicação acontecimento ritmo filme esperar acabe nenhum conclusão concreto aberto tensão si razoável aparição ver jay dar aperto coração principalmente cara grandão camiseta branco particularmente ficar preocupado jay pensar salvario problema resolver filme chegar prender totalmente imergir trama enfim esperar filme susto achar ser ideal reflexivo abstrato minimalista encontrar infelizmente procurar dou altos criatividade premissar fiquei pensar assistir ler crítico ac filme classificar gênero principal gênero suficiente classifica-lo terror psicológico simplesmente eu exatamente filme ser gênero complexo imaginar mundo cinema classificação regra conseguir desvendar completo camada
Davii R.,3,longo metáfora inteligente doença sexualmente transmissível único maneira desfazer maldição ser ato sexual entidade jamais correr andar intuito matar vítima assumir variar forma trilha sonoro perfazer cenário sensacional fotografia belíssimo deico fiome divertido original reverente filme seminal gênero “ ” caviar horror cinema 2015
Thamara S.,1,"sinceramente filme merecer meia estrela praticamente ... 
  spoiler 
  cena de ele morrer acabar simplesmente falar acontecer morrer ... achar filme extremamente horrível conteúdo terror cena nudez demônio aparecer noção ..."
Vitor P,3,filme original revolucionário gênero ideia dst sobrenatural dar certo trazer protagonista maika monroe atriz óbvio futuro promissor tela
Júnior S.,1,assustador original ... it follows impressionar atmosfera tenso reforçar movimento câmera magistral fotografia opaco colocar imediatamente cenário desolador maldição sexual retratadar filme verdade alegorio paranoia americano Sexo careta encar tema quase haver adulto foco núcleo jovem perseguir maldição relação jovem estabelecer si disfuncional referir pais(no caso adulto desdém carregar mágoa sugerir certo abandono emocional enxergar filme thriller psicológico toque drama de aquele melancólico atuação surpreender sentir terror insegurança jay criar conexão direto personagem público embarcar psique de este personagem aterrorizar desconhecer ato praticamente perfeito anti-clímax clássico pena cena maldição persegar jovem fazer jus clima antecipação longo criar jump scar óbvio trilha sonoro eletrônica sisudo contribuir criar clima humor involuntário problema filme esforça fugir comum acabar mostrar situação simplesmente bizarro original propor it folows thriller contar ótimo atuação direção corajoso desperdiça potencial temático premissa situação ser assustadoro ser embaraçoso nota 7.0/10
Mauricio L.,3,porno terror grito sangue jorrar careta principalmente atitude idiota vítima perfeito
Alessandra S.,1,viciar filme mau filme assisti ... alguém filme ruim ... sair cinema arrasar joguar dinheiro lixo gostar discutir gostar lixo ... falar sério
Hugo Fonseca,1,piore filme assisti vida deus horrível adorar cinema 5 estrela assistar perca perdi quase 2 hrs ver
Débora M.,1,filme ridículo terror história tosco
Um visitante,1,"palpiteiro Bruno carmelo dar nota grande filmezinho 55 estrela filme maravilhoso história cinema lembrar bom filmezinho medíocre empatar ... palhaço Bruno carmelo/""jurmentar vadio dar nota máximo tanto filme medíocre detonar filme excelente esper nota lógico paspalho lunático de esse comentarista cinema chinelo moleque bagagem culturo cinematográfico custar barato contratar cheio sonho cineasta frustrar cagar boca prazer elogiar lixo detonar presta escrever refletir próprio vida loser pensar provocar leitor filme entendir buscar base opinião palpiteiro tipinho almofadinha vadio ex-alunos desligar escola cinema desempenho medíocre impulsividade juvenil palpitar buscar atenção querer vida fracassar gostar esculachar embriagar filme causar polêmica Bruno Carmelo imbecil ter sonho talento tornar realidade fracassar remeter palpiteiro profissão entender bater porta pedir emprego comentarista bruno carmelo criança mimar frustrar trabalho pífio imaginar capaz ser depar dia espelho triste realidade loser péssimo sobrar fazer vida surpreendar nota aloprar nota de ele cair extremo retardado irracional inculto incapaz análise digna metade opinião pronto trailer decidir moedinha ir polemizar esculhachar dizer bom filme tempo"
Vitor Araujo,2,seguir agonia doença passar adiante medo ritmo diferente jovem fantasma criativo sexo legal
Anderson  G.,2,it follows filme terror psicólogo apoiar ideia pós terror roteiro simples funcional diversos analogia metáforo poder tirar coisa simples aliar direção incrível atuação cumprir função ser mediano filme falar demônio seguir hospedeiro passar demônio frente bastar transar alguém hiv dst sexo casual tratar subtexto apesar roteiro profundidade mundo possibilidade abrir caber telespectador criar regra interpretação entendimento acerto direção uso câmera ângulo vigia perturbador minuto câmera porta perseguidorr especular possibilidade demorar entender ameaçar filme de ela apresentar fato protagonista sentir outro trabalhar quebra expetativa terror construir tensão susto si esticar tensão criar regra narrativo quebro criar agonia visual simples rocha monumental filme terror diretor david Robert Perfeição atuação cumprir papel tenhamos genial protagonista maika monroe carismático conseguir lembrar trama obra 2015 básico 8/10
Wander P.,1,historia assustar prender atenção dou nota eu coisa ficar explicação
Jackson A L,1,exagero classificação filme filme mediano previsível tanto gênero comentário positivo clichê ver totalmente contrário demasia dizer filme explicar origem suposto maldição tampouco terminar previsível início pra sacar casal gostar ambientação filme dê pra afirmar época situar protagonista atuação mediano grandioso
Isis Lourenço,1,tratar terror bobo terror psicologico haver violencia consciencia devo pessoa Mal?é filme questionamento suspense
Guilherme M.,2,bom clima suspense assistir sozinho aterrorizante náo achar mereçar nota grande dar site bom filme terror ultimos tempo assistir novo!nota 8/10
Marcos A.,2,filme terror excelente efeito digital trilha sonoro devastador calcar história atuação valer pena assistir
Fábio R.,1,roteiro original trama conduzir diretor conseguir passar público apreensão viver personagem
Neto S.,1,jovem jay Maika monroe levar vida tranquilo escola paquera passeio lago transar garoto passar noite explicar carregar corpo força maligna transmissível pessoa sexo viver dilema carregar sina passar ela adiante jovem começar perseguir figura estranho tentar matá-la vista ninguém achei fraco terror suspense razoavel filme nao assustar trilha sonoro belo fotografia atuaçoes bom nota 4.5/10
Sidney  M.,1,minuto inicial bom clima tenso sombrio de aí frente funcionar infelizmente
Felipe F.,2,cinema horror ultimamente criatividade originalidade produção sobrar fato vírus demoníaco sexualmente transmissível ideia magnífico claro paralelo dst´s cair filme plot desenvolvimento de ele bom graças roteiro fazer direção conduzir impressionir assustar praticamente nenhum clichê gênero olhar ter ver tema adolescente tela ator adolescente terrorzinho adolescente falar Juventude ator atuar convincente nenhum personagem burro típico filme geraçãir ator valer ressaltar trilha sonoro ótima principalmente momento tensão fotografia belo baita filme terror criativo original claro assustador
Anderson A,1,gostar opinião coisa discutir digo idéia si filme perder visão detalhe outro sentir hã aceitar filme arrastar interpretação mediano esclarecer decepção regular causar idéia indico pau juvenal
Kiki B.,1,filme ter potencial achei história interessante li resenha citando-o must terror nao achar tuuudo ja ver disponivel baixar assistir
Carlos Henrique S.,1,difícil entender alvoroço fazer volta filme apesar diferente muoto filme ver hoje dia escaço tensão criticar volta sexo paranóico jovem americanos.lançar 2015 passar diverso festival cinema receber crítico ver aquém interesse prestígio existir coisa considerar uso câmera trazer sensação perseguição inquietante atmosfera criar volta sexo realmente doentio infernal ver direitor narrativa lento fôlego sustentar sinal fraco atuação dividir protagonista interpretar maika monroe qie pasa sentimento insegurança medo voltar identidade demoníaca persegar apesar considerar sub gênero terror inovador lento inspiração perder convicção construir
Vilmar O.,1,bacano filme terror horror levar trama elenco juvenil dar conta recar
Bruno Maschi,2,it follows suspense terror idéia criativo virús manifesta sexo ser dst espiríto idéia funcionar prender telespectador início bom filme terror interessante assistir elenco combinar desenvolver longo filme pouco defeito bom terror agradável interessante
Gustavo A.,1,idéia roteiro original filme lento tornando-o cansativo chato
Um visitante,1,título velho chato perder imóvel ficar perambular ...
Adriano Côrtes Santos,2,claro sonia Braga jornalista viúvo morador apartamento durante vida recusar se vender ele construtora espaço personagem amor recife mescla-se tragetório vida apartamento tornar repleto significação antagônico haver desconforto de ele devido pressão construtor resistência aconchego histórico kleber Mendonça Filho alicerçar aquarius extraordinário diretor roteirista vejar som redor sonia Braga Brilha interpretação dígno maravilhoso lembra-me alguém longo repleto simbologia merecedor louvores ader trilha sonoro encaixar perfeitamente roteiro redimer
Odacyr M,1,"assistir filme percebi haver gostar de ele parcial humano ser mulher pobre negro estar lutar sair casa expulsar construtora governo prol progresso ter gostar horror filme mulher ter 5 apartamento li comportamento de ela birro classe médio criança mimar resistência filme cena bom cena sexo discussão família aniversário tia lúcia etc. história lento som redor prender cinema estar assistir casa pulariar várias parte 90 minuto ser suficiente contar história enfim achar jamais serei cult com si enxergar maravilha francês ver  
  spoiler 
  cena família burgueso ver álbum foto empregado mostrar foto filho de ela morrer engolir seco ..."
Jorge Rodrigo S.,3,brilhante independente polêmica filme tratar se obra atual contundente vigoroso cinema brasileiro    alto qualidade técnico direção atuação sônia Braga soberba
André L.,3,polêmica protesto diretor elenco justo filme excepcional filme ano concorrer oscar várias categoria filme estrangeiro toa vencer quase festival participar atuação sônia Braga magistral componente técnico alto simplesmente imperdível super indico
Um visitante,3,filme produzir história construídas sonia Braga mostrar envelhecer continuar lindo talentosa filme humano tocante
Welington S.,2,reagir sessão aquarius saí cinema anestesiar pensar filme complexo comportar julgamento gostar gostar medida cena assentar memória imagem fala trilha detalhe coisa tornar claro claro sinal nome personagem sônia Braga sessentona crítico música decidir brigar conglomerar construção civil impedir prédio ser demoler fiapo trama jovem talentoso diretor kleber Mendonça falar memória diferença social perda resistência preconceito ética preservação ... trabalho rico precisar revisto várias análise acurar fiel haver momento delicadeza perder fôlego filme cabelo claro brilhante impossível conter lágrima Aquarius filme autoral seguir fórmula prender convenção cinematográfico entretenimento fazer incomodar espectador pensar refletir questionar espere impacto cidade deus catarse central Brasil aquarius pegar
Arno C.,2,aviso mal-humorar reacionário plantão filme excelente bom dizer eu fã cinema nacional Sônia Brilha rookie 1990 clint eastwood haver ver representar carisma dar vida Júlia dancin day Marcina Saramandaia cínthiar Levy espelho mágico leni Lamaison Marta Mulher-aranha beijo mulher aranho entregar claro ir esquecer personagem dono flor Gabriela aprecio livro Jorge amar adaptação cena cemitério namoro carro garoto programa emblemático cena quase sexo explicito ver liberal filme francês agravante escolher representar Brasil oscar 2017 achar dever manter grande 18 ano mal-humorado reacionário plantão assisti-lo em esse tempo bicudo filme lição resistência saber gostar de aquele entregar jogo
Edinho F.,1,filme fraco arrastar fio realista apegar se narrativa patrocinar ideologia diretor isenção
Yuri S,3,filme brasileiro excepcional roteiro preciso envolvente filme lembrar bom atuação sônia Braga tempo tocar profundamente alma humano melancólico pungente deixar necessidade refletirr empatia valorização memória mercedor estrela
Junior d.,1,lixo desperdício elenco dinheiro filme chato bobo bom rever episodio Chaves centésima
Gabriella Tomasi,3,... junto competente fotografia ângulo enquadramento movimento símbolo cena “ desnecessário ” poder parecer espectador significado função específico trás tornar narrativa riquíssimo detalhe execução complexo contexto interessante câmara desgrudar sonia Braga manter tela cena recorrente travellings zoom in-zoom out etc câmara persegar atriz ser revelar reação ser contar história próprio olho próprio impressão diretor tomar cuidado necessário atingir finalidade óbvio filme abordar questão político crítico sociedade maneira eficaz tratar memória possuir nível interpretação belíssimo trabalho artístico aplicar realidade pessoo identificar apartamento clara físico decadente aparência filho crescer lembrança encontrar acervo precioso objeto livro música pedaço de ela pedaço histório vida apegar objeto signo representativo época viagem antigo amor amizade vida aquarius representar memória preservar vivo principalmente saudade volto
Marina T.,3,filme extraordinário ser ângulo olhar locação fotografia roteiro trilha sonoro atuação irrepreensível ficar história cinema brasileiro haver ocorrer som redor diretor crítica negativo leitor adorar cinema pessoa virar filme desandar falar sandice basear exclusivamente questão político levantar elenco cannes lamentável
maric,3,embalo dor nacional chorar    aquarius aplaudir pé haver cinema Luiz largo Machado rj    lir importante sobreviver louvor campanha fascisto boicote bloco Unidos noção promover equipe manifestar golpe cannes governo golpista censura 18 ano imposta rápido cena sexo tubarão ironizar Sônia Braga cagaço identificação marro arrancar direito marrar infestação pestilento
Cláudia S.,2,filme ideia relativamente simples disputa ocupação solo privilegiar recife praia viagem poderoso incorporadora responsável construção prédios alto padrão beira-mar outro clara habitante solitário edifício aquarius único moradora querer vender apartamento construtora histório guerra abrir claro tentar manter estilo vida proteger principal lembrança ligar a aquele ambiente jovem engenheiro recém-chegar Estados unidos precisar provar capacidade tocar projeto narrativa tomar evidentemente partido claro mostrar dia-a-dia natural espontâneo cotidiano perturbar intervenção construtor agressivo difícil ficar claro sobretudo interpretação magnífico sonia Braga claro heroína absoluto pessoa comum ver volta injustiço praticar poderoso embalar trilha sonoro excepcional bom interpretação kleber Mendonça conseguir extrair ator valer minuto
Rose S,1,filme parar chato lixo ein ser pagar dinheiro imposto ingresso caro paguei interpretação sonia roussef    Braga caricatura de ela mesmo novela dramalhão rede bobo boboca sentimental quiser gastar dinheiro assistir velório azar arrepender recomendar lixo hora gostar comédia graça hassum
Sidney B.,3,filme espetacular roteiro fechadinho preencher 2h30 filme ótima trilha sonoro excelente atuação Sônia Braga recife capital cinema brasileiro
Marcio M.,3,filme espetacular    atuação impagável primor trabalho gostar cinema    deixar mimimi perca
Oliveira Edilson,3,"excelente obra kleber Mendonça vida claro medida ser desvendar crescer filme cheio sutileza simplicidade revelar roteiro digno concorrer estatueto oscar prêmio cinema sônia Braga fantástico claro destaque irandhir ser cinema tv convencer personagem nota poder deixar 10,0 sugiro pessoa assitar filme desprovido preconceito defesas facção político patrulhamento ideológico parabéns kleber equipe aquarius"
EdBergo,1,péssimo seguir mau faustão    perca dinheiro graça perca
Célia C.,1,lixo filme terrível recomendo pra ninguém jogar dinheiro simplismente medíocre cinema nacional deixar desejar
Paulo Roberto O.,3,apesar polêmica bom produção nacional ano ter bom chance concorrer premiação oscar vide crítica especialista infelizmente questão politico escolher governo atual perder cinema nacional tristir
Juliane B.,3,filme excepcional claro identificar atual acontecimento democrático Brasil leitura filme ser achar tá certo narrativa filme liberdade individual imobiliário cidade tema suma importância cidadão independente política ter afinal tratar se direito individual coletivo ocupação território citadino filme cumprir papel trabalhar tema atuação trilha sonoro história maravilhoso deixar assistir filme questão crítico recomendar disputa petralha x coxinho burrice mente fechar ser característica certo específico ps filme recomendar pessoa gênero filme preferer ser besteirol justificar crítica classificar aquarius parar
Evan&#039;s T.,3,contar hora estrear filme acreditar cinema nacional identidade explorar pensar criar nao ganhar dinheiro filme comercial inteligência explorar qualquer tema dramar comédia acreditar acontecer rapidamente
Bruno Campos,2,brilhante diretor obra-prima som redor mostrar novamente posicionar câmera descentralizante ratificar assinatura entanto conseguir chegar outro filme quase atuação marcar certo artificialidade q esquecer q ator básico cinema exceção salva-vida jornalista papel valer conferir trabalho diferenciar diretor
Seu O.,1,lixo lixo lixo lixo lixo desculpe lixo querer ofender lixo assistar sentido graça novela 11 Globo
Marcelo C.,3,"fiquei assustar ver médio 2,7 aquarius assistir filme entendi coxinha deram estrela assistir longo destilar ódio domesticar esquerda gente filme criticar agradeço reaça derrubar médio aquarius provar mensagem importâncio saber pensar obra primo recomendadíssimo"
Fernando G.,1,cara humorado rabugentar personagem retrato enfadonho filme dever ver trailer entregar vazia
Leonardo d.,1,lixo lixo lixo lixo lixo lixo lixo lixo lixo lixo lixo lixo lixo lixo lixo lixo lixo lixo lixo lixo lixo lixo lixo lixo lixo lixo lixo lixo lixo lixo lixo lixo lixo lixo lixo lixo lixo lixo lixo lixo lixo lixo lixo lixo lixo lixo lixo lixo lixo lixo lixo lixo lixo lixo lixo lixo lixo lixo lixo lixo lixo lixo lixo lixo lixo lixo lixo lixo
Renato P.,1,lixo fazer dinheiro usar propaganda político .... ir perder .. mau adorocinema 5 estrela q vergonha
Eduardo F.,1,ruim piores ver vida recomer ninguém sônia Braga péssima
Airton Reis Jr.,1,polêmico aquarius justificar barulho fazer adesão elenco governo ex-presidente dilma culminar manifestação cannes explicar aula dar filme constrói patrimonialismo brasileiro nostalgiar corrupção corrupção justificar origem recurso Manutenção vida hedonista protagonista claro sônia Braga conseguir manter sozinho prédio inteiro 63 ano idade acumulação vontade dialogar respeito aquarius desserviço político revitalização urbano depender roteiro prédio deteriorar centro cidade brasileiro continuar preservar memória aff
Maurcio P.,1,estereótipo bonzinho malvado filme infantil velhinha boazinha imóvel vender malvado capitalista rico começar maldade velhinha forçá-la vender lucro completar bobagem aparecer deus salvar velhinha dar lição moral socialista capitalista malvar caber bom horário político tela cinema
Francisca Jaiane T.,3,filme lir trilha sonoro maneira contar história claro ... poético saí eufórico cinema tapa luva pelico medida ritmo filme agradar sonia Braga diva lindo sensacional carrão excelente atuação amei
Cristian P.,1,filme ruim crítico gostar igual birdmar percar dinheiro sonia Braga    péssimo
Pedro B.,3,incrível capacidade pessoa confundir protesto ator crítico filme dever criticar ator filme vida pessoal filme perfeito verdadeiro arte recomendar assistar filme porcar ver filme confunder opinião político crítico filme
jrcampos,1,atuação    Sonia Braga excepcional comovente ritmo lerdão dia joje
Iracema J,2,quase obra primo filme forte reflexivo impactante atmosférico ter problema ritmo acontecer filme som redor filme atingir terço projeção    adquirir magnetismo ímpar principalmente interpretação surpreendentemente lírico magistral Sônia Braga história escritor recifense contar começo ano 80 dia atual ir voltar diretor kleber Mendonça conseguir técnica cinematográfico projetar história ser cúmplice clara estar de ela apoteótico chute denúncia forte poderoso economicamente pressuposto comprar acima lei reflexivo memorável
Letícia P.,1,gente crítico ousar filme ser razoável .. elenco péssimo novela 6 história fraco
gianpaulo,1,tema tomar corpo último minuto resto filme tratar se vida Sonia Braga continuar excelente tema central filme merecer aplauso dar sala exibição espontaneamente
Adriano Côrtes Santos,2,"impactante poder explorar perspectiva indígeno "" assassino lua flor magistralmente dirigir martin scorseser épico histórico retratar assassinato membro nação osage ano 1920 motivar cobicer terra rico petróleo     riqueza profundidade narrativo    direção precisar revelar crueldade cumplicidade envolver crime apesar impacto    perspectiva indígeno poder ser explorar atuação especialmente lily gladstone destacar ser considerar força filme suma obra oferecer reflexão poderoso ganância injustiço lutar dignidade"
Dennys R,2,reclamar 3 hora meia querer ter 4 scorseser deixar coisa filme longo problema justificar caso assassino lua flor trabalho técnico impecável dúvida ter forte presença oscar obra scorseser dicaprio niro impossível certo lily gladstone confesso conhecer achar ótima
Leonardo Dalla Porta,1,assassino lua flor chegar sucesso crítico conquista telespectador de esse tentar defender indefensável pra parecer inteligente discordo quase crítico especialista avaliar filme notar 5.por óbvio crítico basear expectativa criar torno filme afinal entregar experiencia esperar disclaimer martin scorseser diretor preferir filme de ele favorito Leonardo dicaprio ator preferer ver narrativa lento arrastar quase parar mesmo assinatura irlandês gostar filme assistir 5 parcela Streaming cinema esperar chegar streaming tar história modo contar desgastante criativo gênero ação suspense drama oceano montagem filme achei terrível cena ser pra plano sequência corte visível tornar filme completamente dinâmico parar estático narrativa completamente desestimulante pro cinéfilo direção fotografia cansar tanto takes caminhar redor personagem pessoo trilha sonoro pobre filme inteiro música sequer utilizar som linha pra criar tensão edição som pobre vantagem assistir cinema tambem puder filme pensar financiar serviço streaming achei direção filme ruim ter potencial pra tratar cineasta vivo achar filme terrível fraco categoria técnico filme carregar Robert niro candidato oscar estupendo!juro entendi clamor atuação Gladstone expressividade filme atuação dicaprio bom forçar pra vender filme chegar bom aposto filme várias indicação oscar técnica fraco simplesmente indústria cinema funcionar filme comum scorseser pra eu mau quase potencial desperdiçar expectativa criar
Nelson J,1,filme longo longo longo arrassstar enfim dar 2 hora reduzir 90 minuto ficar narrativa fluido resumir 3 minuto estória velho ideia criticar branco fbi lei niro ser extraordinário carregar filme lilly inexpressivo ausente narrativa dicaprio tentar realismo personagem caricato palma eu aguentar tr es hora meia arreper saer cena teatral humoristico orquestra doerr
Pablo,2,filme história rico andamento controlar positivo belo cereja bolo
Dudu S.,3,assassino lua flor excelente filme Martin scorseser mostrar motivo bom diretor atualidade ” scorseser considerar bom diretor atualidade apesar alguém opinião forte haver pessoa gostar de ele crítico contundente filme Super-heróis afirmar longo gênero cinema odiar homem causar opinião ridículo sentido independentemente concordar discordar opinião negar importância cinema amante arte assistir filme ter cinema construção mise-en-scène haver ninguém mundo entenda assunto scorseser novamente demonstrar maestro cinema saber contar história transformá-la obra audiovisual excelência filme assassinos lua flor reafirmar capacidade mostrar contribuir história assassinos lua flores?assassinos lua flor filme diretor Martin scorseser inspirar best-seller homônimo escritor david grann basear história real ano 1920 região norte-americana oklahoma misterioso assassinato acontecer tribo indígeno osage terra rico petróleo caso investigar fbi agência ter acabar criar época assassinato dado circunstância misterioso década 1920 assolar membro tribo osage acabar desencadear investigação envolver poderoso j. edgar hoover considerar diretor fbi durante investigação descobrir esquema pecuarista william Hale Robert niro convencer sobrinho ernest burkhart Leonardo di caprio casar Mollie kile lily gladstone melhorar condição reivindicação precioso terra roteiro escrever eric Roth Martin scorseser história basear evento real intrigante início filme apresentar mundo regra começo oferecer visão cultura osage mostrar costume vida afetar descoberta petróleo região mostrar dinâmico — deter valorizar longo apresentar diversos personagem interessante egoísta movido próprio interesse poder trama jogo interesse evidenciar piores traço natureza humano ganância filme mostrar ganância levar consequência personagem ernest particularmente cativante desejar enriquecer preocupar família ávido dinheiro buscar aumentar fortuna seguir tio william hale criar contradição intrigante determinar ter escolher família tio situação habilmente explorar permitir público compreender escolha protagonista william hale personagem complexo publicamente ver homem generoso ajudar osage secretamente elaborar esquema enriquecer dualidade interessante habitante desconf de ele imagem público diferir verdadeiro natureza acrescentar profundidade personagem dimensão público privado pessoa próximo conhecer ganância desejo acumular riqueza Mollie personagem motivar ganância sofrer consequência esquema william hale narrativa explorar reação consequêncio detalhar mostrar mollie ler situação repercussão acarretar pessoa redor filme passar 1920 oklahoma cenografia excelente criar precisão estético época local construir proporcionar sensação autêntico passado contribuem acreditar ambientação histórico detalhe carro época desempenhar papel fundamental ambientação ser modelo antigo capota abertas vidro plano roda desgastar diferentes carro contemporâneo veículo possuir teto vidro lateral contar capota figurino personagem alto qualidade jacqueline west figurinista conseguir retratar espetacular rico detalhe vestimenta comunidade nativo Mollie membro tribo osage destacar filme utilizar roupa tradicional osage enrolar cobertor vestimenta proporcionar toque autêntico direção fotografia ótimo iluminação proporcionar volume profundidade campo várias cena perfeito sintonia narrativa exigir enquadramento excepcional fotografia acertar precisamente aplicá-los cena diálogo utilizar primeiro plano momento emocionante sentimental personagem capturar primeiros plano primeiríssimo plano enquadramento servir expressar emocional personagem sofrimento chorar personagem haver uso plano magistral conseguir impacto enquadramento fechar mostrar chão chorar desferir golpe chão plano geral longo usar contextualizar localização personagem mostrar cenário reforçar ambientação passado haver plano detalhe focalizar objeto relevante história detalhe livro osage fornecer informação importante câmera movimentar diversos momento incorporar tipo movimento travellings movimentação coerente narrativa adicionar dinâmico envolvente cena trilha sonoro excelente desempenhar papel fundamental construção ambientação sonoro intensificar diversos cena amplificar ver tela música inserir momento apropriar demonstrar excelente timing utilização ator entregam performance excepcional destacando-se especialmente Leonardo dicaprio Robert niro lily Gladstone leonardo dicaprio entregar ótimo atuação trazer personagem vido maneira magistral explorar emoção contradição interno escolhar família tio Robert niro ator scorseser gostar trabalhar colaborar 10 filme niro oferecer performance brilhante capturar maestria lado personagem aspecto ganancioso fachada pessoa bondoso preocupar osage lily Gladstone surpresa atuação alto conseguir retratar impressionante personagem ler doença expressar sentimento assassinato comunidade incluir pessoa próximo atuar talento renomar dicaprio Niro lily Gladstone conseguir brilhar direção filme excepcional Martin scorseser contar história magistral incorporar estética incrível aplicar estilo linguagem elemento conhecer filmografia encaixam perfeitamente longa-metragem scorseser entrega filme excepcional lembrar considerar bom diretor mundo senão melhor atualidade ‘ assassino lua flor ’ excelente filme merecer conferer história envolvente obra martin scorseser muito pessoa apreciar filme haver gostar devido duração 3 hora 26 minuto considerar ele longo
Paulo S.,3,tornar clássico aspecto    dinâmico narrativa atuação maravilhoso
Catia Baldez,3,amar trabalho scorseser costumar entregar ter dúvida assista assassino lua flor atuação impecável roteiro excelente novidade obra de ele filme entregar romance suspense máfia    juntamente misto sentimento angústia    raiva enfim valer centavo investir assista tirar conclusão quase vida ruim vivo experiência
Eric Ferraz,3,assassino lua flor obra primo diretor martin scorseser sensacional atuação elenco Robert niro monstruoso Leonardo di caprio arrasador Lilly Gladstone atris revelação incrível história trágico padrão qualidade martin scorseser pra eu 3h30 filme passar rápido amei nota 10
E. F.A.,2,filmaço visceral atuação dicaprio pra variar sal corte abrupto fazer pra enxugar ficar longo ótimo hora acontecer hora passar cansativo surpreender ✌ 
Lucas Lima,1,fico raiva personagem Robert niro pessoa nota grande filme filme scorseser bom companheiro irlânde aviador filme scorseser quase 3 hrs duração problema vc ver hora passar filme longo duração diretor atributo deixar prender filme ser longo infelizmente atributo assassino lua flor 2 hrs filme vc ficar entreter curioso acontecer filme ficar cansativo chegar certo telespectador entender tar rolar diverso assassinato investigação Justiça ser fazer cinema acontecer filme arrastar eu extensão deixar imerso contrário deixar entediar cansado crítico falar bom atuação carreira Leonardo dicaprio sinceramente achei exagero lobo wall street aviador claro regresso Leonardo dicaprio brilhante formidável assassino lua flor cansar conseguir brilho dicaprio risos).ar atuação lily Gladstone Mollie crítico ir digna oscar entendo profundamente falar anteriomente dicaprio gosto filme de ele visão bom atuação impressioneir atuação de ele eu roubar cena Robert niro dizer enter atuação eu atuação vc sentir forte sentimento bom atuação atuação niro filme conseguir sentir repugnância nojo cara falar nome deus dar vontade perder réu primário riso cara conseguir mostrar fato personagem pessoo desprezível importar dinheiro pra matar atrapalhar filme mau causa atuação algum filme vc prender demorer risos).na opinião filme bom scorsese jamais ser lembrar bom companheiro irlânde ser mau filme lendário Martin scorsese
Juliana S,1,perdi 3 hora assistir filme pessoa deixeir escolher odiei intediante ficar último cadeira dar pra notar mundo intediado sair sala mulher frente comentar parceiro ficar abaixo expectativa    concordei pensamento mau filme ver Leonardo di caprio
Ricardo L.,2,martin scorseser dirigir elenco contar nome pesar Leonardo dicaprio Robert niro excelente atuação ótimo indicação ver roteiro duro quase 4 hora pecar ser necessário redução mínimo hora scorseser vibe gigante rsrs
mauro alvim,1,saber assistir filme tres hora meio duração poder reduzir hora história contar branco judiar índio durante colonização oeste norte-americano vejam dizer propaganda aue capaz filme ganhar oscar
Kamila A.,3,ver “ gangue york ” “ assassino lua flor ” diretor martin scorseser abordar aspecto formação sociedade cultura norte-americana sair imigrante irlandês entrar população nativo Estados Unidos representar integrante tribo osage fazer fortuna descoberto petróleo terra atraír possibilidade crescimento econômico terra lei homem branco desembarca em esse localidade passar cortejar infiltrar cultura osage casar mulher indígena formar família mestiça apropriar valor raíz bem terra custe custar preço necessário martin scorseser retratair história trama envolver tema citar apropriação cultural ganância uso desmeder discriminação impunidade crueldade criminalidade personagem moral caráter duvidoso presença lei representar fbi técnica inovadoro investigação época duvidar papel justiça honrar defender cidadão “ assassino lua flor ” filme durar crítica social política principalmente silenciamento osage assassinar série sufocar cultura valor dignidade humano ficar lição “ mão construír américa ” alusão “ gangue york ” banhar sangue cobiçar perversidade
Rodrigo Gomes,1,roteiro marcar violência desapropriação cultural ganância dinheiro apesar realizar    história feio triste mau real
Adriano Silva,2,"assassino lua flor killers of the flower moon 2023""assassino lua flor produção apple studio lançar apple tv+ selo apple original film paramount pictur longa-metragem dirigir produzir Martin Scorsese co-escrever roteiro eric roth roteirista clássico forrest Gump 1994 Leonardo dicaprio estrela principal produtor filme longo inteiramente basear livro killers of the flower moon the Osage Murders and the birth of the fbi jornalista americano david grann lançar 2017 mostrar assassinato dar circunstância misterioso década 1920 oklahoma assolar membro tribo indígena osage petróleo descobrir terra chefe político corrupto tentar roubar riqueza membro tribal acabar desencadear investigação envolver poderoso j. edgar hoover considerar diretor fbi.recentemente reassistir bom companheiro 1990 considero bom obra-prima filmografia mestre scorseser afirmar toa muito pessoa crítico cinema considerar scorsese diretor cinema mundo viver novamente reiterar afirmação mestre scorseser viver cinema respirar cinema verdadeiro apaixonar cinema pesquisador cinema verdadeiro gênio arte longo carreira brindar inúmero história inúmero obras-prima lista grande bom filme tempo "" assassino lua flor trabalho scorseser aguardar produção peso importante relevante história cinema trabalho trazer representatividade diretor estudar cinema filosofia trás obra peculiaridade contar história scorseser diretor meticuloso buscar perfeição obra contar representar história cinema alto 81 ano martin scorseser empregar filosofia cinema estudar história trabalhar história aprofundar história trabalho pesquisa pessoa fazer história contar scorseser revelar ler livro david Grann imediatamente decidir precisar filme tema levar trabalho pesquisa tribo indígena osage passar hora chief standing bear líder nativo tentar convencer osage ajudar produção importante fato scorseser respeitar costume tradição povo osage ser idealizar produção mostrar respeito cultura tribo "" assassino lua flor produção voz osage trazer representação histórico fidedigna acontecimento época soar verdadeiro denúncia opressão assassinato povo osage sofrer invasão EUA terra fato famigerar ouro negro petróleo longo trazer tema extremamente importante precisar conhecimento afinal contas estar falar ganancia opressão violência ambição humano americano morar eua conhecer fundo história passado americano causar atravessar fato americano carregar mancha histório mancho violência crueldade sangue pouco conhecer conhecer história americano contar filme scorseser preciso destacar assassino lua flor quase normalmente conhecer cinema norte americano dizer tema soar denúncia próprio americano americano mostrar visão estereotipar determinar fato histório longo mostrar visão histórico abordar crueldade ganância homem branco índio base produção cinematográfico longo história interessante roteiro scorseser eric roth certo mudança abordagem tema principal livro david grann livro abordagem investiga assassinato povo osage claro investigação trás crime dar origem surgimento bureau of investigation hoje conhecer departamento federal investigação EUA fbi scorseser revelar seguir exatamente tema querer aprofundar romance americano mulher osage ser scorseser querer filme ser ver abordagem homem branco indígena "" assassino lua flor trazer história interessantíssimo scorseser contar história deixar melhor afirmor diretor conseguir prender 3h 26min história fiel voraz inteligente adaptar saber mesclar drama ação abordar denúncia policial scorseser ser scorseser mestre surpreender narrativa tenso ascensão queda vide maravilhoso lobo wall street 2013 scorseser trazer discurso denúncia si soar certo complexidade temático difícil abordar contar história representar traição crueldade ganância americano impunidade povo osage "" assassino lua flor início avassalador diálogo contundente ernest burkhart dicaprio tio william Hale niro chegar casa pedir tio de aí filme transcorrer ritmo acertar contar emergir ambiente osage ver ernest charme conquistador passar dirigir Mollie burkhart lily Gladstone ver ernest mostrar carisma tentar conquistar atenção Mollie passar fantoche tio verdadeiro pau mandar Mollie início poço mistério fechar conter canto expressar sentimento trauma pouco ser conquistar ernest william manda-chuva poderoso amigo osage passar plano golpe tribo junto sobrinho ernest elenco Leonardo dicaprio constrói personagem impecável impressionante dicaprio estudar personagem doa completamente personagem esquecer personagem dicaprio traçar linha personagem vida almejar dinheiro almejar interesse age fantoche estúpir ser muleta plano tio tomar riqueza povo osage fico embasbacado atuação dicaprio constrói entrega personagem ter assistir inúmero filme de ele surpreer dicaprio gênio arte atuar poder comprovar transformação personagem carisma galanteador enriquecer custo inicialmente desconstrução quedo passagem interpretação milimetricamente condescendente personagem interpretação remetir personagem obra-prima lobo wall street icônico jordanr belfort lily gladstone principal personagem carreira lily incorporar excelência Mollie herdeira terra petróleo tribo despertar interesse homem redor homem branco interessante acompanhar construção desenvolvimento lily criar personagem destaquei anteriormente inicialmente misterioso fechar embaixo vestimenta completamente trancar aproximação masculino ernest conseguir quebrar bloqueio cena lily íamos comprovar atriz saber personificar personagem tom exato ir conversar expressar sair personalidade fechar desconstruir passar sofrer causa diabete causar injeção tomar atuação crescer enfermo mostrar aguerrida elegantérrimo atuação lily gladstone certo momento pé igualdade dicaprio niro Robert niro absurdo bom ator geração atividade impressionante niro junto scorseser entregar trabalho altíssimo longo história casamento brindar inúmero obras-prima página fabuloso incrível parceria histório cinema scorseser exatamente personagem entregar niro personagem centror atenção histório passar desenrola de ele desconstrói de ele exatamente perfil personagem niro niro constrói personagem destetável carreira portar amigo pessoa confiança mostrar empenhado causa povo osage verdade passar asqueroso mesquinho repugnante frio totalmente calculista william hale extremamente preconceituoso agiar unicamente prol ambição riquezo nativo usar pessoa marionete ator calibre niro causar repulsa criar ódio mortal personagem atuação estupidamente perfazer gênio chamar robert niro completar elenco jer plemons viver personagem tom white agente fbi crime passar investigar william hale jesse entrar filme deixar importante contexto histório principalmente encalço william confronto ernest jer plemons encaixa perfeitamente em esse personagem timming compor interpretação curioso originalmente papel tom white haver ser oferecer dicaprio ator optar interpretar ernest burkhart ai scorseser escalar jesse plemons papel tom white brendanr fraser aparecer parte final longo interpretar hamilton advogado william hale Brendan destaque aparição conseguir impor discurso qualidade técnico elogiar direção scorseser simplesmente chover molhar scorseser dirigi filme aular alto direção scorseser exatamente Captação movimento ângulo câmera captar reação expressão ator cena trilha sonoro compor ex-colega universitário scorseser Robbie robertson longo marca décimo último colaboração scorseser Robbie robertson morrer lançamento filme filme dedicar robertson dever afirmar trilha sonoro assassinos lua flor magnânimo homogêneo compenetrada primordial cena contribuía tensão principalmente longo julgamento).a fotografiar rodrigo prieto marca dobradinho 2023 atuar barbie fotografia principal ocorrer condado osage Washington oklahoma trazer fidelidade histório filme rodar exatamente acontecimento real rodrigo trabalho destaque filme ajustar ditar ritmo histór unicamente enquadramento cenar direção arter outro show completamente fiel época filme destacar notavelmente questão técnico longo scorseser referência ano reconhecer festival premiação "" assassino lua flor Orçamento US$ 200 milhão supostamente quantia gastar filmagem oklahoma filme arrecadar US$ 156 milhão mundo longo ganhar prêmio bom filme national Board of review eleger 10 bom filme 2023 American film institute indicar globo ouro incluir bom filme drama longa-metragem aceitar excelente crítica modo rotten tomatoes filme deter índice aprovação 93 base 435 resenha classificação médio 8,5/10 metacritic atribuir filme pontuação médio ponderar 89 100 base 63 crítico "" assassino lua flor duração 3h 26min ser principal motivo desistir assistir filme entendo filme consideravelmente longo marca scorsese surpreender 3h 26min distribuir decorrer história histório contar amarrar cena prender curiosidade vontade ambição doentia incontrolável filme começar pesar scorseser tratar trazer ânimo fôlego história justamente chegar fbi investigação de aí filme voltar crescer volta ficar interessante ernest prender interrogar sequência cena tribunal interrogatório fantástico achar especificamente parte final julgamento poder ser explorar achar ficar dever pouquinho diálogo Mollie ernest tornar cena completamente emblemático assassinos lua flor obra fantástico imponente avassalador extremamente importante contexto histórico americano obra meticuloso mostrar ambição ganâncio traição crueldade principalmente impunidade ouro negro ver inovador próspero importante junto mazela humano scorseser encerrar obra catártico poético evidenciar testemunho personagem histório scorseser cena ler relato molly cobb levar crer depoimento caso real senhora senhor final![01/01/2024"
Anderson  G.,2,"assassino lua flor bom filme scorseser bom ano diretor conseguir reinventar metodologia direçãor roteiro 80 ano provar novamente talento filme hora meia passar rapidamente resultado montagem ritmo instigante apresentar vilão cara clima suspense conseguir permear obra contar trilha sonoro magnífico mistura faroeste noir ditar ritmo cena fotografia envolvente enquadramento liberdade poético simbólico metafísico belíssimo entanto atuação chamar atenção apesar elenco rechear estrela niro bom interpretar grande vilão último ano – spoiler destaque desconhecer lily gladstone realizar atuação corporal impressionante scorseser extrair potencial ator filme apesar excelente design produção edição filme incomodar momento hora meia muito cena ficar corte importante ressaltar referir edição montagem ótima "" assassino lua flor figurar bom filme carreira scorseser suficiente considerar bom ano conquistar oscar nota 8,5/10"
Carlos P.,2,história contundente filme scorceser dê pra considerar filme elemento história merecer contar cinema assistir negativo relacionar duração duração si achar dever discutir atualmente significar absolutamente achar história longo precisar adrenalina enfático manter interesse conseguir história ótimo scorcese gênio durante filme ter criar expectativa esperar bom filme ano ver assistir dublar perder emoção achei obviamente passar ruim história contar divino scorcese
Daniel C.,1,horrível péssimo .... 3h desperdiçar ruim ... força único salvar elenco ótimo ator atuação brilhante ... significar filme ser
DUDU SILVA,1,atuação Leonardo di caprio robert niro filme scorceser historia contar povo indigeno curto
Diogo Codiceira,2,filme fato longo roteiro permitir excelente desenvolvimento satisfatório filme feliz sugerir olhar anti-western aproximarr causar indígeno outro aspecto sair foco civilizado colonizador enxergar cobidir ambição branco outro positivo belíssimo atuação lily Gladstone cena personagem deteriorar renascimento excelente filme
NerdCall,2,trio presente filme merecer salva palma Leonardo dicaprio entregar atuação brilhante considerar ápice carreira lily Gladstone surgir revelação ano 80 ano idade Robert niro exibir qualidade maestria único caracterizar martin scorseser posiciona-se grande cineasta contemporâneo tempo filme verdadeiro obra arte destacando-se harmonia ritmo fotografiar direçãor atuação design produção edição trilho sonoro impecável suma filme personificar essência verdadeiro cinema
MAGRAOBL,3,01/03/2024 download torrent]mal filmaço martin scorseser Robert niro dispensar comentário entretanto Leonardo dicaprio há fazer excelente filme mestre brilhante atuação filme fotografia incrível apesar conhecer livro gostar roteiro ...
Leonardo A,1,adorar filme ser fazer 30 40 ano fazer coro Marlon brar dia resgate politicamente correto oportunismo fato século homem continuar cometer barbaridade dinheiro sociedade orgulhar capitalismo selvagem individualismo filme valer reflexão
Ravi Oliveira,2,"assassino lua flor martin scorseser filme cativante mistura perfeitamente suspense ação drama narrativa envolvente aliar reviravolta surpreendente manter espectador prender início personagem complexo desenvolvir permitir conexão genuíno motivação desafio ambientação futurístico trazer estética visual deslumbrante repletar detalhe enriquecer experiência cinematográfico trilha sonoro envolvente complementar cena criar atmosfera perfeito trama intrigante desenrolar destacar se atuação impressionante elenco performance convincente vida personagem memorável cena ação coreografar maestria garantir momento intensidade emoção roteiro construir explora tema profundo moralidade redenção peso escolha adicionar camada significado trama direção habilidoso filme guia público reviravolta emocionante culminar desfecho surpreendente satisfatório "" assassino lua flor destacar obra entretenimento superficial provocar reflexão natureza humano preço decisão tomar nome propósito filme deixar impressão duradouro assiste merecer apreciar originalidade qualidade cinematográfico"
Mauricio Louz,1,bomm estilo Scocese maestria parar saber história levar determinar modo valer pena bom diretor
Pedro Leite,1,muito seca filme pai gostar saímos hora pessoa saír frente ter casal beijo cadeira frente pessoal telemóvel filme prestar
Ruy Marcus Medina de Oliveira,3,dicaprio oscar niro oscar scorseser oscar lily oscar academia ser parâmetro filme ... obra primo visão sensível diretor lendário mim 3h passar piscar olho
Br QF,1,apesar realmente lento filme ocorrer personagem ficar prender    história passo passo contar ótimo atuação principalmente di caprio valer pena gostar recomer
New Cani,1,ótimo atuação ator salvar mistura drama suspense totalmente previsível mensagem clichês batidas nenhum acréscimo novidade péssimo muito perda durante correr
pedro santos,2,assassino lua flor baitar filme Martin scorseser mandar entregar história começar simples ficar pesar envolvente leonardo dicaprio tá impecável atuação cheio camada Robert niro arrebentar trazer personagem frio manipulador rouba cena lily Gladstone entregar performance forte impactante conseguir tirar olho de ela tecnicamente filme show fotografia lindíssimo design produção transportar direto pra época fazer capricho scorseser entregar resumir filmaço pra mundo topar encarar quase 4 hora sair experiência incrível cheio atuação peso história poderoso direção impecável ter paciência pesar scorseser diretor mostrar gênio conduzir história jeito prender começar tranquilo jogar redemoinho emoção ir combinar filme longo pra caramba quase 4 hora muito dar pra cortar 45 minuto fácil perder essência ritmo atrapalhir pesar pra tá acostumar filme tamanho
Gil Gomes,3,pessoa gostar verdade branco saque saquear raça gostar filme explicar nota crítico negativo filme
Fabio William O.,2,realmente incrível ganância corromper sociedade levar atrocidade acontecer índio histório ensinar busca desenfrear riqueza consequêncio devastador fraco marginalizados;é importante lembrar de esse evento lutar mundo justo humano vida pessoo ser valorizar
Daniel Pinto,3,particularmente gostar filme ator Leonardo    di capri recomendar assistir filme
Alexandre Magno de Oliveira,3,excelente prender público performance protagonisto fantástico valorizar cultura tribo indígena americano
A7 CLOCK,3,
Jilvana Da Cruz Evangelista,3,história antepassar comparando-se realidade época filme elaborar
Rodrigo Stelio,2,assassino lua flor obra-prima envolvente mistura mistério história atuação impecável
Dodo Roriz,2,filme espetacular belíssimo atuação di caprio filme prender início simplismente espetacular
Um visitante,1,set-up design produção atuação direção impecável encontrar desapontar filme tanto elogio história ouvir premissa descobrir enredo inteiro decepcionante projeto incomum ambicioso monte marca peculiar del toro filme surpreendentemente mainstream super mastigar fazer agradar pessoa certo ganhar prêmio apreciar belo visual história amor bestialidade incomodar nota 5.5 10
Filipe N.,1,cinema cheio expectativa acabar decepcionar filme mto correto provavelmente levar oscar várias categoria sensação faltar algum história conseguir prender transmitir emoção suficiente ficar vontade acabar história amor convencer faltar emenda bom rápido forçar estranho história interessante poder bom explorar deixar mta abrir enfim incrível pareça achei filme chatinho solto
jrcampos,3,conto far século xx excelente atuação protagonista coadjuvante fiquei “ grudar ” filme história mítico
Nelson J,1,qualidade cena som ótimos música Babalu trama lamentável estória tola marinho formar casal humano possuir pênis proteger corpo sair porta corpo abrir útil levar bolar região ridículo    paixão sexo criatura mulher trabalhar faxineira laboratório resolver trama cheio estereótipo racismo desejo homossexual desprezor faxineiro enfim embrulho ruim
Thiago Ciopek,1,fotografia ambientação incrível trilha sonoro filme prender atenção achar superestimar
Ric Brandes,3,13 merecida indicação oscar 2018 água marcar história cinema mundial trabalho genial diretor guillermor del toro fazer carinho agradar cheio fã merecer palma elogios!a belo obra trazer elenco misturar romance político ecologio sociedade histório magnífico período guerra frio zelador elisa brilhantemente interpretar sally hawkim trabalhar governo difícil afeiçoar vida dilemas elisa momento lembrar amelie poulain jean-pierrer Jeunet versão mudar picante realista elisa acabar dividir cena companheiro faxina laboratório secreto drama dilema acabar deparar criatura fantástico mudar zelador conseguir comunicar monstro sul americano criar forte laço poder mudar mundo voltar falar criatura mágico guillermor del toro tornar se mestre criar personagem especial incrível maquiagem interpretação doug Jones atar monstro labirinto fauno surfista pratear quarteto fantástico característica homem-anfíbio catir provocar reação público ir chorar riso trazer ele ação junto protagonista elisa criatura ter lutar ser humano intencionados sedento importar matar destruir vencer corrida espacial conquistar mundo ano 60 monstro verdade mocinho amor maldade filme trabalhar aspecto qualidade grande roteiro fotografiar trilha sonoro direito divertido melodia Carmen Miranda elenco super afinar direçãor tema época belo homenagem cinema pintura música realmente fantástico assistir água sentir-se ação momento romance suspense cena cômico obra merecer respeito digna elogio receber público crítico grato surpresa cinema mundial água simplesmente imperdível!por ricbrande
Anna Carolina S.,1,filme inteligentinho contemporâneo cheio esteriótipo clichê diálogo fraco emoção totalmente previsível via hora acabar ... extremamente arrastar várias situação desnecessário pra agradar galera pra frentex explorar tema mulher masturbar hétero branco machista xenofóbico racista cruel solitário incompreendir tentativa desesperar resgatar algum emoção acontecer várias cena pesar invés comover conseguir tornar constrangedoro .... lamentável perceber rumo indústria cinematográfico tomar filme mediocr tentar achar clássico shakespereanos atualidade querer dinheiro voltar
tio J.,1,bom estilo mcdonalds publicidade hollywoodiano aceitar gostar elogiar porcaria filme piores assisti vida lembrar cine trash bandeirante ano 90 dever pedir dinheiro voltar saída cinema
Lúcia T.,1,monótono previsível contar minuto pra acabar filme decepcionante cara quarta-feira cinza nublar bom ator muito violência buscar entrar cinema lamentável
C R.,1,amor homem sapo banheiro encher agua ate teto pano frecha porta merecer respeito brincadeira filme fraco cheio fantasia fazer avaliar “ cool ” net esquerdista ham fraco d+ valer assistir har
Marcello O.,1,filme referência parecer novela Manoel Carlos ficar clichê excesso arte falar solidão xenofobio preconceito racismo intolerância diferença homofobio machismo amor impossível homenagem cinema acabar explorar totalmente nenhum de esse assunto ficar parecer jogo achar coisa imagem repletar objeto Wally olhar camada cenário tons azul petróleo sexo cena violência toque diretor diferenciar filme romance fato querer vincular heterossexual branco racista xenofóbico machista filme exagero referência iniciar poder gozar esplendor
Nayara  D.,1,superestimar cheio expectativa acabar frustrar filme chato meio hora desejeir acabasse dever ‘ ’ plot twist ’’ entregar cara casal protagonista carisma entediante romance química acontecer rápido convencer – cena musical extremamente incoerente vilão motivo mau – cena de ele sentido vizinho personagem existir apoiar protagonista romance nexo – cena gato reação de ele deixar transtornada zelda cientista eu único personagem bom filme inteiro infelizmente explorar merec enfim previsível chato
Alan David,2,construir tecnicamente bonito dirigido conseguir passar mensagem apesar casal constróisr bom personagem durante trama exceção octav spencer finalizar direito valer pena criticar completo link abaixo http:// parsageeks.blogspot.com.br 2018/02 cinema-447-forma-da-agua html
Franlopes,1,gente assistar único presta fotografia trilho sonoro resto droga entender motivo tanto indicação oscar forçar noção ... perda total
Laio A.,1,filme bizarro explorar dever explorar poder interessante 2 hora valer pena
Renato D.,1,filme bosta filme pq concorrer tanto oscar pé cabeça
Jizreel L.,1,filme    fraco    criatura fazer achar história bizarro pra filme
Gerson R.,3,guilhermo del toro pouco cineasta atual capaz trazer história tom fabulesco mesclado tema situação refletir cruelmente realidade diretor obra marcante labirinto fauno colinar escarlate obra digno muito atenção trazer água misto fantasia romance drama envolver auto-aceitação preconceito racial étnico social primeiro instante longo conseguir notar mesclar tons suave impactante del toro mostrar hábito matinal protagonista – caso ato masturbar banheira – funcionar representar desejo comum humano tratar reprovação – em isso apresentar elisa viver Sally hawkins mulher perder falar devido acidente infâncer trabalhar limpeza laboratório pesquisa cientifico governo norte-americano ano 60 acabar conhecer estranho criatura Jones passar sentir atrair – interesse examinar cruelmente perigoso investigador richard shannon colocar risco elisa vida “ homem-anfíbio ” contar ajudar amigo gile jenkim amigo trabalho zelda spencer elisa começar tramar plano libertar criatura ficar água dentre situação poder soar “ absurdo ” – humano relacionar espécie – diretor autor ideia original roteiro junto vanessa taylor apresentar história refletir diretamente inúmero tipo descriminação sociedade exalar – repare personagem problema elisa discriminado falar zelda excelente octaver spencer Vitima racismo – aguentar machismo conferer casa marido folgar serviço – gile bom richard Jenkins precisar “ esquivar ” preconceito orientação sexual arrogante pasmem preconceituoso richard – atuação formidável michael shannon – acabar ser sujeito vitima injusto sociedade acabar impondo – afinal reger aceito general hoyt searcy hesitar afirmar necessário “ decente ” trabalhar governo – ocorrer outro grau personagem michael stuhlbarg espião russo disfarçar cientista suportar atrocidade criatura capturar ir princípio científico – dar personagem perfis multifacetar deixar eles ser previsível comportamento atitude crível caso alicerce central filme funcionar – “ alicerce ” chamar se sally hawkim – papei simples filme godzillar paddington atriz difícil missão comunicar expressar falar – ator – ir linguagem sinal hawkim demonstrar olhar expressão facial corpo repressão sofrer desejo querer libertar mundo opressor – olhar ingênuo carregar vontade reagir homem terrível redor eficaz demonstrar fascínio homem-anfíbio contrário humanos descrimina deixar entender capaz falar – afinal deixar interessantíssimo falar tornar pessoa conseguir comunicar criatura – viver super maquiado doug Jones ser criar último ano hollywood principalmente fato opção diretor exigir efeito prático invés recorrer atraente cgi – lembrar personagem labirinto fauno claro visual extremamente elaborar design produção fotografia filme tirar proveito direto exprimir tom triste personagem passar – apartamento elisa Giles acima cinema corredor escuro parede sujo mesclar sala cheio pintura automaticamente expressar desejo mudar sair mundo – concepção extremamente fria laboratório governo refletir tom verde escuro remetir insalubridade mesmo tanque criatura ver presa – passar ideia água necessário melhorar “ impureza ” – evidentemente representação amor – aproveitamento trabalho efeito sonoro especialmente grunhido aquático ser aplicar momento suspense – envolto ótimo delicado trilha-sonora alexander desplat detalhe mostrar riqueza criativo diretor – conseguir maneira bonito simpático apelação emocionante transmitir sentimento banalizar – ser principal motivo discriminação étnico racial social deparar – mostrar amor existir atuar – essencial água mantermos vivo fato pouco fantasia soar real filme
Maristela G.,3,ímpeto bater palma acabar filme filme lir atuação direção edição impecável lindo homenagem cinema
Lia Barros,1,filme améliar poulain hugo cabret monstro s.a . belo fera clipe vitas cantor russo esperar tanto indicação oscar sonho filme arrebate lista Schindler
Mário Sérgio P.Vitor,3,obra-prima conto far esperto sedutor filme contrapor poesia cruezar falar dor inadequação aterrador alcance desrespeito diferença usar guerra frio moldura vibrante diferente história amor enredar novelo encantamento crençar acontecimento desencadear medo ser mesclar nuance amor remetir outro filme diretor estuper labirinto fauno tratar esperança encontrar fantasia mundo guerrar caso espanha arrasar franquismo água elenco arrasador fotografia evocar década 1950 uso hipnótico música romântico imperdível
Luiz Antônio N.,1,elisa zelador mudar trabalhar laboratório homem anfíbio ser manter cativeiro elisa apaixonar criatura elaborar plano ajudá-lo escapar ajuda vizinho.um filme premiar comentar ano quase certo concorrente bom filme oscar principalmente quantidade crítico positivo opinião achei filme falar verdade histório manjar estilo Edward mão tesoura
Um visitante,3,"água lir delicar filme narrrativamente visualmente filme apesar éstoria bizarro olhos tratar normalidade delicadeza espectador acabar envolver estranho estoria mulher apaixonar criatura marinhaainr valer falar filme trás lindo falas(frases como:""quando olhar eu perceber quão vazio incompleto ve lindo trilha sonoro acompanhar excelente atuções!emfim filme ficar olho oscar"
Adriano Silva,3,"13 indicação oscar!a água the shape of Waterescrito dirigir produzir guillermo del toro água chegar favorito oscar 2018 longo causar repercussão ansiosíssimo pra conferir obra badalado del toro acabar sair cinema arrepiar frio barriga completamente impactar emocionar água bom trabalho del toro bom filme ano estar começo ano afirmor total filme lir impactante emocionante tocante verdadeiro leve suave gostoso qualidade possível filme prender rótulo fluir acordo imaginação fábular conto peça teatral fantasia poesio passagem imaginação buscar colocar filme impressionante del toro conduzir longo traçar histório maneira escrever roteiro original encaixa verídico história norte-americano corrida espacial EUA união soviético ano 60 filme definir completamente guillermor del toro qualidade característica ingrediente observar longo anterior labirinto fauno roteiro completamente coeso amarrar encaixado poder observar cotidiano elisa Sally hawkins trabalho casa descobrir criatura presa laboratório exato filme crescer ganha magia conduzir universo sublime avassalador lindo tocante história amor alto escalão história cinema água sublime angustiante lindo tenebroso mágico espantoso filme conseguir arrancar profundo sentimento alegrio tristeza prendi filme doeir filme teletransportei filme poder vivenciar história eliso magia vivi sala cinema acompanhar filme completamente esplêndido completamente diferente passar trajetória eliso descoberta verdadeiro amor conseguir observar criatura trazê-la mundo real comparação próprio elisa considerar diferente acontecimento passar vida dia nascer completamente mágico verdadeiro del toro colocar criatura filme pra cérebro parar choque emoção mostrar história fictício poder facilmente trazê-la mundo real completamente sublime genioso poder facilmente classificar criatura deus monstro fantasioso figurar inexistente imaginação eliso filme margem pra imaginação magio del toro genialidade facilmente classificar elisa não-humano facilmente encaixar ela mulher-peixe deixar levar imaginação colocar interpretação completamente fantástico!!!não toa longo obter 13 indicação academia funcionar perfeito genialidade riquezo detalhes trilha sonoro Alexandre Desplat completamente genial maravilhoso fantástico casamento perfeito trilha sonoro rico detalhe ajustar encaixadar imergia completamente história passar dimensão magio telo belíssimo indicação oscar Alexandre desplat fotografia gracioso delicado tom esverdear ficar completamente estuper direção arte filme pra ganhar aplauso pé trabalho incrível perfeição detalhes absurda poder observar cenário encaixar pra época montar trabalhar funcionar perfeitamente ambientação incrível del toro câmera capitação detalhe esplêndido foco ajustar tomar cena grandioso permitir observar rosto expressão facial elisa magistral merecedor prêmio melhor diretor).sally hawkim genial brilhantemente perfazer atuação forte destemido entrega maravilhoso trabalho estuper personagem mudar passar filme inteiro palavra expressão muito genialidade cativo emocionar olhar sensacional Sally hawkins magia del toro entrar forte disputa prêmio bom atriz ano favorito torcer fervorosamente pra apesar favoritismo frances mcdormand excelente destaque longo michael shannon maravilhosamente personagem forte impetuoso agressivo intrigante machista preconceituoso sádico tachado vilão elisa trabalho sensacional michael shannon richard jenkins indicar oscar entregar ótimo trabalho funcionar amigo elisa ajudar forma comprar ideia fuga criatura carismático engraçado cena richard jenkins completar personagem Sally hawkins muito grandeza octaviar spencer amiga trabalho confidente elisa gostar trabalho entregar octavio colocar cena momento engraçar dramático achar normal justifiqueer indicação oscar gostar personagem michael stuhlbarg achar contribuir pra trama destacar trabalho doug Jones simplesmente incrível amigo parceiro década del toro vida inúmero monstro trabalho guillermor del toro verdadeiro obra arte cinematográfico belíssimo obra-prima pérolo obra poético entregar surpreendentemente magnífico cena abrir interpretar ela quiser incrível fortíssimo candidato bom filme ano preferer "" brilha del toro chegar hora 03/02/2018"
Eduardo Santos,2,guillermor del toro de aquele pouco diretor cinema mundial assistir projeto dar talento contar história personalidade imprime marca filme perder cinemão hollywoodiano del toro brindar ode surreal fantástico desajustar excluir socialmente tom conto far sombrio cruel marca registrar cineasta encontrar maneira onírico dir enredo tratar maneira superficialmente falar mulher mudar apaixonar criatura marinho humanoide ser estudar cientista claro simplificar história detalhe enredo trazer interessante surpresa técnico filme realmente encher olho milimetricamente calcular soar descontextualizar frame movimento câmera detalhe ... complexo emaranhado visual captar nuance belo história contar texto típico estilo del toro elenco simplesmente sensacional Sally hawkins atuação lindo sensível michael shannon richard Jenkins michael stuhlbarg octaver spencer excepcional filme envolvente começo ato perder fôlego devido excesso soamr artificial filme prezar fantasia belo filme tratar naturalidade considerar padrão lir filme acabar deixar leve impressão superestimação
Gilmar J.,1,mistura homem peixe hell Boy volwerine filme mornar faltar explicação pra eu
Maurício M.,1,esperar bom propaganda prometer filme trazer pensar filme levar enganar se filme pesar cena absolutamente desnecessário cena interessante lindo tornar se bruto devidamente lapidado impressão diretor jogar frustração pessoal antipatia pessoal tela escolhar vilão heróis poder sucesso família ter outro diretor filme-família recomendar
Rogério P.,1,escrever crítico mínimo 100 caracter chato chato chato chato chato chato metáfora bonito amor belo fera tbm ... chato
Kamila A.,2,água filme dirigir co-escrito guillermor del toro obra típico filmografia diretor fábular contorno fantástico passar Estados Unidos ano 60 envolver zeladora mudar chamar elisa Sally Hawkins indicar oscar 2018 bom atriz vizinho – narrador história – gile richard Jenkins companheira trabalho zelda octav spencer cientista chamar dr. Robert hoffstetler Michael stuhlbarg chefe segurança chamar richard strickland michael shannon homem anfíbio doug Jones tratar ver monstro poder enxergar paralelo personagem fato de eles ser pessoa extremamente solitário viver inserir mundo particular motivo outro acabar poder contar especialmente elisa desenvolver conexão especial homem anfíbio filme enfocar justamente nascer elisa homem anfíbio contorno lindo história amor objetivo justamente relembrar amor definir significado enxergar exterior motivo certo explicar ocorrer ser amor explicação gente sentir algum faísca acender justamente passar elisa enxergar homem anfíbio monstro potencialmente perigoso interação diário estabelecer passar perceber dizer monstro muito sensibilidade inteligência peculiar conseguir sentir sinal passar inserir mundo de ela situação água retratar parecer muito estapafúrdia desenvolver roteiro escrever guillermor del toro vanessa taylor nenhum questionar ver tela filme tornar caricatural – especialmente maneira constrói vilão interpretar michael shannon cujo passo previsível discurso proferir vencer globo ouro 2018 bom diretor trabalho filme água diretor mexicano guillermor del toro explicar fascínio universo fantástico monstro permeiar filmografia “ infância fiel monstro salvo absolver acreditar monstro santo padroeiro imperfeição permitir encarnar possibilidade falhar ” frase guillermor del toro descrever universo narrativo água filme trazer pessoa falível cometer erro acima tentar acreditar correto coração de eles filme bonito sensível primor técnico igual carregar muito emoção toa favorito oscar 2018
Vitor Araujo,1,visual romance monstro verde estiloso guerra fria laboratório adulto divertido atuação legal ovo
Carlos P.,2,"pensar possibilidade 5 estrela pra filme acertar atuação genial roteiro impecável trilha sonoro lindo 
  spoiler 
  alegre belo esperançoso 
  filme amor aceitação músico Esperança relacionamento"
Rafael L.,1,filme legal fantasia envolver espionagem guerra fria amor impossível valer trilha atuação protagonista filme
Vinícius M.,1,"água the shape of water fodástico diretor guilhermo del toro labirinto fauno hellboy círculo fogo etc entregar romance classudo!!a história passar auge guerra frio instalação secreto americano muso elisa ótima Sally hawkins encontrar criatura fantástico filme nome interpretar doug jones).sally sentir empatia criatura acabar desenvolver relacionamento mantra pedir criatura maltratar instalação chefe seguranço richard strickland michael shannon Sally amigo gile richard jenkins zelda octav spencer far salvá-la plot filme enganer filme romance fotografiar ótima michael shannon ator vilão escroto ninguém deem oscar rapaz mestre guilhermo del toro entregar criatura crível começo entregar situação forçar contar incomodou conta romance se .... spoiler precisar assistir forte desapego normal favorito oscar longo ganhar principal prêmio academio formato estético arrebatar estatueta bom filme eu filme notar 7,0 difícil assistir ir preparar cine"
Marco Paulo T.,1,mau filme tempo totalmente propósito amparo salvo atuação protagonista resto sofrível mau la la land perca
Ricardo L.,3,obra primo bom filme 2018 bom filme indicar 13 óscar record ano destaque bom filme direção guilhermo del toro super favorito levar estatueto atriz Sally    hawkim deslumbrante sensual sublime merecedorar indicar ganhar ser absurdo maichol shannon incrível destaque filme infelizmente indicar entender né .. bom richard jenkins 1º indicação óscar merecer elenco contar maravilhoso octavio spencer indicar michael stuhlbarg absurdo indicar ano ter papei memorável dagua chamer nome roteiro desenvolver tirar câmera 1 ° qualidade trilha sonoro lindo passar sutileza filme apaixonante dagua construir início sensibilizar grande sentimento amor
Rodrigo Gomes,2,lir roteiro ser filme fábula enriquecido apresentação época impróprio cativo pureza beleza parecer simples ... construção complexo detalhar fazer pequeno possuir sentido contexto histór sonho diferentes excluir
Alexandre C.,1,achei roteiro interessante emoção ação achar filme
Juarez Vilaca,1,água filme previsível drama ficção roteiro fazer criar suspense situação crítico desenrolar feliz haver lógica pequeno aparentar situação real efeito especial cenário maquiagem figurino razoável interessante
Guilherme M.,2,"cara filme expectativa altamente negativo filme surpreender positivamente merecer oscar caber discussão falar filme ruim completamente sentido tirar musical gosto pessoal agrar musical pra eu entendiante filme prender durante momento destaque atuação Sally hawkins michael shannon nota 8,5/10"
Um visitante,1,alto elenco definitivamente    sincronizar trilha sonoro escolher fotografia edição alto qualidade achar superestimar dezenas matéria achar história altamente fantástico conto contar acreditar levar diversos prêmio paralelo merecer bom filme opinião
Adriano Côrtes Santos,2,dirigir Sean Baker retrato visceral poético vida limite sonho americano trama acompanhar moonee garota ano viver jovem mãe motel barato disneyr apesar dificuldade Moonee amigo encontrar magia rotina bobby gerente motel interpretar magistralmente Willem dafoe indicar oscar servir figura paterno compassivo filme destacar atuação natural especialmente estreante brooklynn prince estético vibrante contrasta duro realidade social abordar apelar didatismo obra criticar desigualdade abandono social impacto capitalismo mostrar força infâncer caos projeto flórir obra emocionante visualmente marcante essencial buscar cinema humano reflexivo obra raro sensibilidade combinar narrativa envolvente atuação excepcional estética visual impactante oferecer crítico social poderoso perder tom humano único razão alcançar nota grande ritmo contemplativo agradar público filme indispensável amante cinema
Bruno Campos,2,bom surpreendente história mães solteira filho pré-adolescente viver hotel baixar renda entorno disney orlar excelente atuação mães especial protagonista viver brio vinaite diretor Sean Baker tangerine conseguir articular ternura pieguice tensão dramático ácido crítico social alienar disneyland alto filme transmissão antimaniqueísmo abordar condição largar criança desamor precariedade financeiro obnubilar tentativo cuidado infante
Nelson J,1,filme estória menina amigo amigo viver mãe ex-presidiária praticar pequeno golpe Prostitui vender perfume filme mostrar criança problema adulto participação gerente hotel proteger menina acabar encobrir mãe filme mostrar orlar situação semelhante Brasil total descaso omissão autoridade criança fogo casa pedir esmola perambular rua acontecer foger polícia    caminhar disney entrar Magic kingdom horror orlar lei ..
Luiz Antônio N.,1,acompanhar cotidiano halley br vinaite conseguir alimentar filha Moonee brooklynn Prince refrigerante comida industrializar barato brincadeira    moonee amigo scooty christopher river jancey valerio cotto poder observar viver criança entrar categoria mundo perfeito disney alternar travessura caminhada pedido esmolar comprar sorvete.um filme ganhar prêmio cotar oscar fiquei quase filme inteiro preocupar algum ruim acontecer menina filme jeito deixar prender atenção assistir pra sincero decepcionar pouco
Kamila A.,2,cinema abordar história passado infância normalmente relatar conto perda inocência fase vido caso “ projeto flórida “ filme dirigir co-escrito Sean Baker colocar criança criança brincar divert estripulia traquinagem apesar dificuldade vida moonne Brooklynn Prince de esse criança ter idade pra 6 ano moonne frequentar escola passar dia amiguinho mesmo idade brincar prédio paisagem local abandonar cidade morar ficar localizar proximidade parque disney mãe Halley br vinaite histórico prisão desempregar consequência crise econômico EUA viver ano recente viver bico pequeno golpe manter morar hotel Beira estrada mínimo sustento Sean Baker optar filme série pequeno colagem abordagem realisto rotina moonne mãe focar vivência infâncer dificuldade viver dia tentar sobreviver resiliência tentar impor limite regra necessário vida sociedade “ projeto flórida ” ser impactante criança moonne independente viver passar merecer perder inocência contrário merecer bom vida oferecer
Isis Lourenço,1,filme longo cansativo contrário praticamente passado vista menina drama contar inocente simples mundo estar desabar amor importar desigualdade social mostrar filme escancarar coroada esculacho dar brasileiro real sentir envergonhar ter ir filme manter prender esperar pior chegar acabar cena fantasioso
Adriano Silva,3,outro paraíso!projeto flórida the florer projectprojeto flórida filme americano independente dirigir produzir roteirizado Sean Baker tangerine estranho amizade juntamente Chris Bergoch produção roteiro longo contar história moonee brooklynn Prince Garotinha 6 ano viver junto mãe motel subúrbio Flórida ficar arredores disney filme verdadeiro história vida começar moonee viver pobre cercar criança viver solta levar vida simples singelo criança viver arredore parque disney simbolizar verdadeiro sonho pra criança simplicidade conhecimento dificuldade submeter passar dia dia longo coeso propor veracidade encarar fato expor começo singelo olho pequeno criança habitar brincadeira confusão causar vizinho Moonee líder bagunça garotinha meigo aprontar juntamente amigo fato curioso pequeno moonee criar nenhum educação imposta mãe contrário ver garotinha educar vizinho mostrar verdadeiro espelho mãe diretor Sean Baker trabalho magistral ditar começo longo suave observar cotidano criança familiar passar filme ficar sério demostrar verdadeiro história vida presente principalmente vida Moonee mãe Halley br vinaite filme totalmente independente orçamento Sean Baker brilhar comando poder observar grade trabalho fotografia trilha sonoro ótimo ambientação trabalho câmera muito passar veracidade cena filmagem simples acompanhar passo moonee simplesmente brincar diverti pequenino Brooklynn prince verdadeiro arte criança cenar atuação garotinha simples meiga inocente verdadeiro singele levar vida natural perceber perigo rodear muito perigo imposto próprio mãe Brooklynn Prince dar show cena aparecer interpretação levar delicado parecer brincar cotidiano atuar demonstrar maturidade gente deparar cena exigir dramaticidade saber contar recado direitinho impactar emocionar cena verdadeiro cortar coração brio vinaite desconhecir surpreendentemente filme papel forte verdadeiro impactante adentrar duro realidade humano infelizmente estar acostumado dia atual hoje dia muito mães halley muito filha Moonee mulher jovem mãe despreparar conseguir emprego decente conseguir manter manter próprio filha causar vida medíocre pra pra filha ser encarar meio abusivo trabalho poder chamar né certo atingir diretamente filha educar dignidade amor filha demonstrar vigor flui originalidade causar empatia forte química mãe filha Willem dafoer grato surpresa pra eu filme esperar estar nenhum demérito dafoe viver bobby gerente motel pessoa simples levar cotidiano voltar trabalho desempenhar vigor cuidar morador problema veterano Willem dafoe brilho elenco desconhecer desenvolver excelente trabalho excelente atuação indicar oscar).qual método academia utilizar pra julgar filme atuação produção acho longo dever ser lembrar quesito infelizmente ficar indicação coadjuvante claramente Brooklynn prince merecer atenção academio fato criança mérito vir cena agraciar prêmio criticsr ’ choice awards levar troféu bom atriz jovem emocionar emocionar belo verdadeiro discurso ter futuro brilhante).projeto flórida provar simplicidade genialidader bastar acreditar trabalhar orçamento baixar estrutura criar obras-prima 01/02/2018
Carlos P.,2,história infâncio mostrar filme criança família carentes principal recurso brincar imaginação proximidade localização filme ocorrer Magic kingdom disney gerar contraste brilhante pra história ótimo filme história lindo atuação achar esperar ótimo
Josimar M.,2,direção excelente filme proporcionar muito emoção realidade família específico turismo cidade florer verdadeiro duro histório vida
Ricardo L.,2,filme indicar bom ator coadjuvante Willen dafoer filme interessante juntamente pequenino Brooklynn Prince energia necessitar atriz iniciante brio vinaite descoberto rede social super papel difícil desarrigado educar psicologicamente seguir amar filha apesar jeito projeto florer elegante extremamente realista valer salientar ultimo ato visivelmente acelerar dificultar desfecho abrangente
Alan David,1,história interessante gosto abrir várias questão interessante deixar ar tirar protagonista criança ser duro destaque william dafoe ler critica completo link abaixo http:// parsageeks.blogspot.com br/2018/03/ cinema-456-projeto-florer html
Mário Sérgio P.Vitor,1,ser conservador desagradam eu filme buscar linguagem neorrealismo italiano aliás    preciso rever filme italiano época atuação naturalista tom documental cena jogadas fato ter lógico consecutivo eu projeto flórida    incensar surpresa 2017 capturar indomável sonhador 2012 história    conquistar início criança filme armadilha bom protagonista projeto flórida apesar elenco afinar de ela filme angar simpatia filme prometer realidade de aquele viver margem infelizmente carregar criança acenar poesia flagelo redenção    buscar sôfregar narrativa corte abrupto    quase sobrar torcer menina cheio energia    irregular
Nelson Jr,2,filme transmitir muito reflexão amador     bom ator destaque pequeno     Brooklyn prince Monne excelente atriz mostrar contraste riquezo sociedade americano pobreza morar irresponsabilidade mãe vida filho .. mostrar infância viver livre pleno antigamente .. hj existir .. analizar atitude retirar criança viver feliz alegre tratar convívio mãe mãe ser responsável atitude bom solução .. mostrar relação humano    natural ... filme simples humanidade realmente filme interessante abrir leque discussão debate
Ravi Oliveira,2,"sinopse Moonee agitar garotinho amizade redondezas parque disney viver mãe hospedagem beiro estrada contar proteção gerente bobby batalha diário sobrevivência crítica:""projeto florir retrato sensível impactante desigualdade social muito ficar oculto fachar felicidade caracterizar destino turístico orlar dirigir Sean Baker filme destacar maneira autêntico abordar vida Moonee garotinha 6 ano mãe halley enfrentar desafio cotidiano ambiente dever sinônimo alegrio diversão escolhar explorar infância Moonee cenário pobreza oferecer perspectiva único necessário visitante cidade buscar magia parque temático filme revelar realidade cruo comovente cor vibrante esconder tristeza profundo atuação Brooklynn prince surpreendente trazer vida personagem espectador conseguir deixar envolver história moonee mãe altos narrativa halley interpretar brio vinaite mãe jovem destemido apesar dificuldade financeiro tentar proporcionar momento felicidade filha dinâmico mãe filha complexo trazer tona questão maternidade lutar sobrevivência decisão difícil precisar tomar gerente bobby viver Willem dafoe destacar figura caos presença trazer camada empatia filme mostrar ambiente desafiador haver espaço bondade humano solidariedade filme criticar estrutura social perpetuar desigualdade celebrir pequeno interação diferenço vida pessoa visualmente projeto florir obra arte paleta cor vibrante direção captura beleza dureza vido hospedagem Beira estrada filme conseguir transmitir sensação realismo quase documental Baker bergoch narrar história envolvente manter espectador imerso realidade vida moonee entanto importante notar narrativa apesar poderoso desafiadora espectador ritmo contemplativo certos momento parecer lento resolução continuidade lutar personagem deixar espectador sentir insatisfeito projeto florer filmagem necessário mundo disparidade social crescer obra encorajir reflexão significar viver desigualdade realidade cotidiano destino reconhecer mundo histório moonee experiência individual chamar consciência coletivo Lembrando-nos vida complexo multifacetado superfície"
Um visitante,3,crítico site definir projeto flórir cinema afeto buscar aceitação pertencimento malícia inerente mundo adulto x inocência infantil papel circunstância desempenhar ... tema complexo destrinchar base simples extremamente carismático filme conseguir genuíno momento apelar dramaturgia desnudar elenco simplesmente brilhante performance natural desprovido afetação filme documentário personagem pessoa real nome elenco evidentemente Willem dafoe poder bom filme Brooklynn Prince dúvida bom revelação Mirim década the florer project oferecer abrangente retrato população abandonar próprio sorte perspectivo oportunidade mínimo prosperar passo levantar questão relevantes América moderno pequeno filme '' mini obra-prima '' excelente
jrcampos,1,excepcional atuação criança filme mostrar drama atual vida real florer mundo maravilhoso fantasia dysneyworld
Mary M,1,filme simpático bom atuação direção impecável elemento bom bom sentir acontecimento chegar parar acontecer muito conta entretenimento acrescentar experiência cinematográfico
Robert Barboza,2,mostrar realidade pessoa pobre filme cativante produção trazer diferença social criança contar história criança pobre mãe sério problema criminal vizinho famoso parque diversão mundo chocar morar diversão criança chance de ela curti-lo algum dia pequeno
Plastica,1,pessimo perda mensagem óbvio clichês horrivel literal subjetivo
Billy Joy,2,cenário projeto flórida manifestar aspecto evidente ser tomar cor berrante outdoors chamativo invés espetacularização de esse ambiente haver sentimento grandiosidade decadente espécie adoração materialidade de aquilo aprazível turista acompanhar supressão aspecto remetar familiar Sean Baker ressaltar ótimo uso lente angular plano personagem quase ser engolir cenário chamativo deformar janela imagem notável plano baker parecer pintura enquadramento representar aprisionamento personagem universo andar lentamente arredores castelo mágico mise-en-scène concretizar modo eficiente baker conseguir unir construção visual sensível direção atuação comportamento criança caracterizar espelho adulto redor tornar totalmente artificial trabalho direção magistral transitar aspecto inocente ator mirins verbalização comportamento alheio narrativa filme progrider estrutura remete episódico muito cena funcionar modo isolar transição fazer ação possuir conexão causal acontecimento anterior seguinte prejudicar ritmo haver reforço sentimento desamparo situação personagem irregularidade cena trama revelar modo sutil poder prever seguir filme vida personagem marginalizar desprendir raiz evidenciar objetivo ser sobreviver contraponto narrativa progridir lógico tradicional cena possuir aspecto diferir restante filme Baker sair estético próprio indie cinematográfico americano encena sequência peça publicitário disney modo filmar escolha possuir risco evidente poder soar recurso genérico elaborar sensível acabar funcionar torno contraste restante obra filme transmitir atmosfera parecer espremer personagem cenário grandiosidade decadente onipresença tom cafonice suburbano estadunidense revelar totalmente entregar entorpecimento atração turístico periférico mercadológico sentido decupagem sequência representar libertação abertamente fantasioso de esse criança conta título filme acabar ambiguidade ressaltar ideia materialidade inebriante arredores haver projeto flórir de este personagem concreto aço receber alcunha haver sonho senão imediato sorvete dia calda extra aluguel
Renata B.,3,filme turbilhão sentimento junto fotografia incrível atuação magnifico criança parabéns obra simplesmente impecável infelizmente filme abordar realidade acabar quase totalmente identifiquei história passar de esse momento trouxer consequência ruins mim hoje enxergar admitar filme impacto esperar esperar pessoa mundo ter oportunidade aprender filme principalmente passar poder identificar procurar ajudar honra maravilhoso obra conseguir assistir novamente mostrar realidade alguém precisar milhão dólar studio hollywood ator famoso bastar transmitir enxergar obra primo
Filipe Ramos,1,filme arrastar agradar inválido filme completo
Gabriel dos Anjos,2,filme contar mostrar maestria visão criança ambiente pobre orlar florer destaque atuação Brooklyn price moone protagonista fotografia filme lindo mostrar enquadramento criativo diálogo bom cena emocionante enfim prato cheio filme sensível fantástico
Guilherme Jeveaux,3,filme ----------- filme interessante abordar vida viver arredores parque disney filme abordar situação pessoa viver realmente triste personagem ser tecnicamente ficticio fiquei triste monnie mãe achar merec eles concedir fico trsite imaginar realemnte acontecer
Alessandro M.,1,piore filme ja ver vida filme história sentido expor criança sexualidade palavra calão
Holger Madsen,1,gostar filme ok filmar celular “ moda ” incomodar tambem fato filme encaixar categoria “ filme acontecer ” romo 2019 longo mexicano vencedor oscar filme acompanhar histório vida trama elaborara sensacional acho flórida project conseguir ttansformar luta mãe filha histório contar cinema filme passar prender entrar looping rotina vida personagem principal entregar atuação convincente mãe brio vinaite momento filha Brooklynn prince segurar interesse longo moroso
Fernando G.,1,filme pequeno atriz filme si arrastar história cabo decepcionar sair cinema imaginar roteiro poder seguir várias direção interessante
Itamar R.,2,simples bonito gracioso pueril    criança divertar mãe procura pequeno ano aliás pequeno protagonista vontade gravação filme lir aproveitar cena fotografiar casa suspiro criança    parabéns filme Willian daffoe protetor de este vulnerável
Marcelo B.,2,obra cinema infância    real existir castelo cinderelo ..
andre r.,1,bosta bosta bosta bosta bosta bosta bosta bosta bosta bosta issoum bosta bosta bosta bosta bosta
Luís Fernando Lima,2,filme apesar triste extrair conduta rs dizer excelente sentido realmente fraco filme ter dar certo grand finale fracasso valer pena assistir
Fsccneto,1,péssimo filme protagonista mãe francamente débil mental mulher revoltar si mesmo mundo filha 6 ano copia mãe pra razão roteirista haver escrever roteiro razão diretor haver dirigir filme ótimo ator Willem dafoe participar porcaria
Mário Vitorino G.,1,filme consideror cinema arte verdade dirigir actor real jovem diriger filme esquecer
Nelson J,1,filme belíssimo fotografia ambientação ano 50 60 protagonista tocar piano dirigir companhia músico dança apaixonar aluna devido interferência governo música regime stalin decidir paris acompanhar filme tratar amor dificuldade época depressivo
Ricardo L.,1,filme contar história amor amante guerra fria desamor ter sutileza belo fotografia ser merecedorar indicação Óscar enquadramento fazer direção seguro eficaz filme curto hora meia acerto haver ver roteiro simplório ter necessidade extensão valer ressaltar momento lentidão fato levar telespectador certo sono guerra fria filme público artístico
Anderson  G.,2,guerra frio lúdico filme polonês pawel lir técnica apuradíssima roteiro contundente bom atuação longo encontrar bom filme ano guerra frio contar historia amor polonese pós guerra mundial encontro situação oposto paixão proibir descaso romance separação gir período quase 20 ano alinhar ótimm técnica pawelr ingrediente perfeito pra bom filme esmero fotográfico utilizar preto branco pleno noção cinematográfico ver filme ano 40 utilização    filmagem películo contribuir pra beleza rustico lúdico enredo firme pauta ótimo montagem edição filme pesar ser repetitivo sentir peso por perder interesse decorrer obra pecado pra eu utilização recurso roteiro externo ramificar enredo desenvolver maneira mediano personagem duplo ator filme diretor fotografiar diretor compositor excelente trabalho junto compor filme diferente ousar delicar cruel deleite cinematográfico    8.5/10
Tarcísio Braga,2,"filme indicar categoria oscar 2019 bom diretor bom fotografia bom filme estrangeiro filme polonês mostrar Polônia comunista durar casal tentar amor superar desafio cena inusitar melancólico direção seguro traz específico filmagem roteiro excelente trazer fluidez telespectador roteiro deixar abrir filme mostrar fotografia remetir tristeza solidão cena pedir fotografia especificar nota adoro cinema 4,0/10 lista pessoal 8,5/10"
Nelson Jr,1,destaque filme direção arte primoroso fotografia cena dança canto fazer roteiro disperso       confuso forçar continuidade ..     fraco filme     belo talentosa     Joanna kulig destaque tomas kot .. filme qualidade .. tela quadrar pb remetir pós 2º guerra guerra frio .. representar faltar emoção romance empolgar ..    faltar amor guerra frio
Bruno Campos,2,história músico utopia cantor q camponês celebridader durante tensão pós-guerra polônio stalinista conduzer carreira paixão aprisionamento político clássico trágico belo encontro obsessivo histéricar romeu julieta freudiano filmar diretor pawel pawlikowski vencedor prêmio cannes
Carlos Henrique S.,2,amor impossível mostrar inúmero cinema harmônica suave tom realidade triste durar tempo guerra primeiramente destacar visual adotar diretor pawelr pawlikowski cineasta polonês decidir filmar filme formato 4:3    totalmente preto branco claramente resultado extremamente realista difícil perceber rodar pleno século xxi.os ator complexo difícil entender subir questionamento relacionamento certo tratar personalidade distinto ter lidar alter ego uso música encaixar contrasta época conflito político roteiro escrever principalmente mostrar romance diferente clichê enlatar questão real burocrático impedir relacionamento    peso filme outro inconsistente confuso tirar situação comprar guerra frio filme artístico música retrato realista duro relacionamento complicar
Mário Sérgio P.Vitor,1,comentar aguardar guerra fria desapontou-me apesar belíssimo fotografia magnético atriz canção sublimes entendo diretor ter querido representar período título encontro desencontro Casal mulher manipuladora homem obcecar dar sensação profundo irritação ficar mim idéia romance panfletário vazio desenrolar doloroso transformação período emblemático filme aborrecer
Cláudia S.,1,simplesmente impossível sentir empatia casal ir vindas ambiente histórico ser usar moldura luxo próprio fragilidade emocional suficiente comover espectador fazer ele torcer casal filme tentar custo estético substituir conteúdo rolar
Alan David,2,guerra frio obra simples interessante aonde trabalhar amor companheirismo paixão    perdurar casal durante ano ano importar seguir separar trás forte ligação arte ager época político complicadas ficar crítico completo blog parsageeks credenciar 42ª mostrar cinema link seguir http://www.parsageeks.com.br/2018/10/cinema-528-guerra-fria.html
Dagoberto M.,2,simplesmente ótimo imperdível fotografia sensacional banho cinema deses clichês romântico norte americano ...
Fabricio Menezes,2,gostar filme verdadeiro obra arte fotografiar direção realmente merecerar indicação oscar dupla protagonista tb cena cair queixo lindo início achei cansativo cena musical único achar ruim longo contrário pessoa ver comentar achar casal muito química
c4rlc4st,1,compreensível indicação diretor oscar cara compor cena belíssimo estética apurar criar imagem personagem sofrer    ambiente realmente frio música trabalhar elemento contrastante frigidezr atmosfer filme outro elemento romance personagem culpa ator ótimo roteiro desenvolver faltar substância energio desenrolar história ritmo vagaroso curto duração longo ser
Cid V,1,zular kulig descobrir wiktor kot selecionar talento formar artista vincular folclore montanha polônia ano 40 tornar se amante de ela sucesso chamar atenção autoridade polonês inserir forte conteúdo ideológico exaltação nacionalismo líder comunista poder projeção internacional https://magiadoreal.blogspot.com/2020/02/filme-do-dia-guerra-fria-2018-pawel.html
Diego d.,1,filme tecnicamente fugir padrão atual trabalho som poder se impecável quesito
jrcampos,3,obra primo mostrar efeito guerra ver psicologia pessoa ganhar 3 prêmio Europa
Mary M,1,de aquele filme passar bater fotografia direção espetacular filme possuir bom atuação roteiro extremamente pobre envolvimento conseguir apegar absolutamente nenhum personagem olhar filme conseguir lembrar quase cena ter marcar achei original pena filme ter potencial ruim conforme nota mediano bom ruim assistir novamente parar ação romance frio cubo gelo recomendar ... vi muito pessoa gostar gostar estilo paradão silencioso funcione
Isabel,2,"drama idílico q    guerra haver obstáculo p amor filme pretensão profundidade guerrar limitar    deixá_la pano Fundo Casal protagonista combinação estético físico performance harmonio direção fotografia sombrio estilizar beleza cinematográfico 
  spoiler"
Carlos C.,2,filme interessante produzir ótimo decorrer história hollywoodiano excessivo filmagem preto branco ganhar
Daniel C,2,guerra frio acima médio gostar música filme época arrepender valer pena assistir duvidar prof daniel camargo Brasília df
Gui5120,1,filme fazer fotografia lindo movimento câmera inteligente estória interessante gosto filme roteiro arrastar curto duração filme hora ator papel amor química personagem gostar direção pawel pawlikovski gostar indicação oscar 2019 poder Bradley cooper barry jenkim damien chazelle
Pablo,2,filme impressionante achar perder energia wiktor sair polônio filme parar apresentar intimidade folclórico polonês época filme continuar ser interessante impossível contar história apresentar acontecimento detalhadamente mostrar certo parte ano ano força    raciocinar fato acontecer acompanhar história filmagem marvilhoso tornar impossível atrair acontecer saída wiktor polônio filme perder suporte ajudar início tornar ele interessante difícil filme necessitar raciocínio entender história compreensão achá-lo interessante
Delberto Lyrio,2,filme contar vida amoroso polonese viver amor durante guerra frio encontro desencontro ficar junto música regional polonês dançar fortemente presente filme independentemente regime político cultura etc. amor viver intensidade mundo contexto político pano Fundo obra interessante muro Berlim haver ser construir época filme passar construção ocorrer 1961 pouco lembramo filme preto branco geralmente mostrar natureza ser alto fotografia haver explicação guerra fria ser derrotar filme roma oscar bom filme estrangeiro 2019 ): oportunidade filme espanhol dar atacar trump
JOÃO S.,3,bom filme ano opinião show direção pawel palinowski merecer indicação oscar    bom diretor romance drama construir personagem complexo mostrar contexto histórico época
Gisela Nogueira,1,gostar filme realmente fotografia direção arte forte roteiro entender tanto crítica falho
Luiz Antônio N.,1,1973 uruguai José Mujica Antonio la torrer Mauricio rosencof Chino darín eleuterio fernández huidobro Alfonso tort militante tupamaro luta ditadura militar prender ação distinto encarcerado junto companheiro poder sequer falar outro longo ano trio buscar meio sobreviver tortura encarceramento ficassem completamente alheio sociedade idear dia ser soltos.acho dever filme basear fato real preocupar exatamente fator político poder influenciar pensamento conhecer algum história eu tratar fico feliz conhecer algum história ter noção ter acontecer filme achei interessante independente fator político histór si ⭐ ⭐ ⭐
Bruno Campos,3,emocionante história real José Mujica 2 companheiro militâncio ditadura uruguaio prender torturar 1 década condição sobrevivência físico emocional posto detalhe especialmente episódio psicótico alucinação delírios protagonista q tornar presidente país sessãor q assisti plateia aplaudir gritar bravo segurança conferir briga imperdível
Nelson Jr,2,filme impactante    relato histórico terrível passar país américo latino dirigir excelente roteiro trilha sonoro lindíssimo recriação música the sound of Silence ficar magnífico alto filme     direção arte fazer elenco    magistral destaque chino darin       filme tocante falar superação trauma .. principalmente entregar entregar loucura simples fato vivo vitória .. filme significado imenso conta representar
Otavio W.,2,hoje dia assistir filme época ditadura geralmente intenso forte fugir regra importar ser sanguinário exagerar mostrar sofrimento causar mente corpo refém ditadura começar filme mostrar filme vir prisioneiro prender grande justificativa importante parecer mostrar agressividade ditadura estar matar sofrer quisessem mostrar castigar prisioneiro filme acelerar mostrar várias mudança local sofrimento impactante mostrar cruel sofrer fisicamente decorrer filme várias prisão castigos mostrar filme pular espaço tempo considerável ano passar impressão estranho sofrimento momentâneo prisioneiro pessoa querer mexer completamente psicológico 3 decorrer filme apesar parecer ligação prisão 3 parecer íntimo prisioneiro há invenção comunicar várias situação bizarro engraçar mostrar ditadura louco desorganizar momento dor sofrimento haver sentimento haver militar precisar ajudar mostrar aparência existir ser passagem ráper filme certo mostrar acelerar ano passar rápido próprio história relaxar militar deixar situação encaminhar leve mostrar destino mostrar aluta político alvo algum conseguir alcançar objetivo lutar melhor precisar apelar arma morte filme retratar ditadura mostrar sofrimento prisioneiro várias forma diverso cenário ato descrever dor 3 pessoa sentir ano prisão espaço poder exagerar interessante conhecer ditadura capaz pessoas.#cinetecaxinguê filme movie cinema itaucinema freicaneca shopping shoppingfreicaneca primepass lanochede12años umanoitede12anos noite 12anos ditadura prisioneiro prisão sofrimento dor drama morte exército refém sentimento uruguai
Nabokova,2,história real protagonista    hollywood transformar épico    diretor latino claramente decidir realismo    afinal épico épico herói    história real    nenhum protagonista líder movimento social rebelde prisioneiro haver tentativa romantizar 12 ano solitário traduzir lição filme mostrar solidão interminável atriz mãe mujico ganhar algum prêmio filme merecer presente cena emocionantes trilha sonoro denso    dar toque profundidade precisar acho instrumento dever ser utilizar pra tirar tédio levar novamente pra emoção    história forte merecer dou 5 estrela cansativo momento proposital pra passar pro espectador sensação passar solitária preferível transmitir produzir algum angústia    canseirar espectador espectador ficar cansado filme independente assunto ótimo filme
Cauê P.,3,imprescindível em este dia atual filme histórico emocionante digno aplauso pé pequeno fragmento acontecer novamente acontecer américo latino
Paulo J.,3,noite 12 anosimperdível valor democrático esgarçam apodrecer fibra combatente prova pequeno uruguai naufraga sanguinário ditadura militar grade tortura maltratar ser rebelde resistar bravamente flagelo tempo sobrevivem servir pátria recuperar democracia dentre mujica vir presidente repúblico lição exemplar rebeldio coragem pertinácia faceta heroísmo imprescindível reconquista Manutenção Liberdade
Laila Q.,3,filme maravilhoso roteiro impecável direção minucioso detalhe fiquei emocionado trilha sonoro angústia 12 ano isolamento
Joel M.,3,perspectiva bom filme ano achar difícil superar história prender político delinear exagero poeticamente filmar ator excelente fotografia primoroso trilha sonoro encaixe perfeito verdadeiro obra primo deixar esquecer agrura tempo autoritarismo américar sul ferir marcar marca geração
Antônio A.,2,“ pobre ” # pepemujicaem mundo imbecilizar falácia fácil mundo capitalismo discurso livremercar facilmente desmascarar invariável apropriação fazer monopólio privado estrutura ...
Renata O,2,baitar filme baitar trilha sonoro arrepiar pude conter reflexão durante filme mto forte pra colocar viver ditadura
Carlos M.,2,filme mostrar perverso ditadura tristir hoje dia país venezuela cubo coréia norte vir regime exceção
Leandra Moura C,3,filme bacano terminei assistir valorizar pessoa lutar democracia coisa simples vida olhar natureza sentir brisa rosto valer pena assistir
Roberto G,3,filme excepcional precisar coragem enfrentar dia atual trilha sonoro fantástico
Matheus W.,3,filme excelente mostrar aprisionamento indivíduo durante ditadura militar uruguai ser de esse indivíduo peper mujico
Rodrigo o que?,1,sério receber nota grande site ? ? ? ? ? ? mulher-maravilha desperdiça personagem histório chifrin personagem graça contrário coringo trazer filme trazer p*era nenhuma!mal filme super-herói contamina cinema
Myn,1,olhar gosto igual bunda enter pessoa 5 estrela filme ir Sinceros agradar juro lado positivo esperar positivo efeito visual cenário efeito sonoros vestuário negativo história chato emoção personagem vilão encaixar gosto ator história trama ficar chato faltar emoção ceno batalha fantastico ver barra rolagem pra ir demorar acabar filme
PEDRO LUIS DE F.,1,olhar dia ficar decepcionado hoje ver nota adorar cinema s empolgar assistir filme enorme decepção roteiro furar naturalidade quase forçar pouco cena bom ação vilão querer filho desistir filho mm voar salvar mundo aparecer armadura passar casa trocar roupa filme tv filme infelizmente
John Constantyne,1,filme ruim ser escrever criança 10 ano dirigir interpretação horrível situação forçar inverossímel extremo ser filme exclusivamente criança pequeno ruim mau hipocrisia crítico pagar pagar sinal elogiar filme
Fabio Y.,1,"obra-prima mano qto vcs receber pra falar piore filme herói último tempo cinema fã d ww sair chocar roteiro categoria filme herói culpa pedra desejo ... mau história qdo sonho verdadeiro vergonha vcs induzir leitor esperar filme pra vender credibilidade vcs descarar ter vergonha 4,0 pra lixo vcs classificarer obra-prima pá cal restar credibilidade nojo"
Enilson S.,1,escrevar filme preciso falar err filme dc estrela ator maravilhoso filme arrastar diano perigo real ferir recuperar vilão sentir medo de ela poder ligamr pra existência de ela passar filme inteiro saber recuperar voltar filme posterior preguiça achar perigo ficar setenta ano pessoa ficar surpresa ação poder ser resolver simples fato aparecer longo ano noticio jornal ano passar pessoa tentar descobrir justiceira cgi fazer gastar filme poxar dona dc filme esperar
Dulci B,1,sinceramente ñ adorar cinema conseguir colocar nota 5 pra filme filme perfeito simplesmente massacrar filme demorar tranco personagem carisma nenhum cena ação quase decepção total ñ gastar grana pra cinema pq humilde opinião filme totalmente dispensável
Giuliano Batista Scariot G.,1,legítimo filme sessão decepcionar enredo cena furar rombo enorme roteiro etc. início idear filme pastelão superman 3 ficar sério artificial roteiro coisa acontecer pé cabeça filme horar egito outro dia manhã explicação roubar caça força armadas naturalidade abastecer piloto acostumar pilotar avião guerra mundial .... deus filme infantil sessão decepção esperar roteiro personagem pena :-(
Giovanni Vegas,1,gostar filme expectativa alto sinto filme horrível roteiro desenvolver rechear clichês frase efeito erro continuidader cena efeito especial momento péssimo cena ação completamente inferior clímax filme clichê desenvolvimento vilões convencer proposta cheguei acreditar ver decepção
Jean Lucas,1,filme lento interpretacão raso salvar filme gal trama começar mostrar diana jovem filme iniciar trama ano 80 ver chuva clichês realmente sessão período destoar filme cena ação pouco fraco
Victor R.,1,filme decepcionante cinema roteiro fraco cena ação chegar ridícula mau filme super herói super heroíno ver esss filme hype
Cleibsom Carlos,1,explanar intelectualmente mulher-maravilha 1984 analisar razão extrínseco cinema negócio ruim ruim merecer muito palavra explanação ser esnobe dizer filme produto imbecilização sociedade achar complexo ... raso previsível diálogo infantil digno filme xuxa conseguir analisar profundidade crítico adulto conseguir aplaudir levar sério ruborizar filme intelectualmente destinar criança 10 ano porcaria de esse conseguir ocupar espaço mídia crítica positivo estratégia marketing suceder explique sucesso público deixar enganar bovinamente produto ruim falso cínico mentiroso mistério eu filme ruim fazer ganhar dinheiro existir haver problema nenhum em isso ser analisar de este parâmetro relegar esquecimento merec mudar razão rebaixamento crítico pequeno ideia ...
Jackson A L,1,legal ambientação ano atuação gal Gadot história chatinho filme ... dar sono
Novo Danilo,1,fico chocado chamado obra-prima site dever sério fato 31 pessoa gostar porcaria
Jhonatan Santos,1,roteiro fraco filme lento história chato poder explorar mulher leopardo vilã luta diano poder durar
César Ávila,1,li criticar adorar cinema assistir filme super animado filme horroroso assistia filme fizesse querer sair sala roteiro fraco apelativo noção    scifi sessão
Fabio H.,1,filme incrivelmente ruim pior super herói fazer ... trama fraco novidade impressionar ... pessoa gostar novela reciclar mesmo história economizar realismo violência gostar ... conhecer quadrinho diano ... atuação filme b pra adolescente começar piora entrega vontade gastar dinheiro ... 冷
Rodrigo Visedo,1,verdadeiro porcaria roteiro doerr vilão completamente raso história pé cabeça direção fraco q conseguir contornar péssimo roteiro único q salvar Gal gadot ambientação ano 80 filme extremamente infantil raso chato grandíssimo decepção
Nick Izzat Fochier,1,história horrivel ngm morrer filme chato totalmente clichê previsível gostar
Nelson J,3,excelente roteiro vilão trivial próprio fraqueza humano dinâmico envolvente gadot show assisti prazer alegrio ww bom personagem filme dc lamento fraqueza emocional de ela deixar humano dependente pine
Mateus Carvalho,1,deus filme cansativo metade filme querer sair correr sala cinema cara pousa helicóptero filho ta mato kkkkkkk saber    ok teoria teorio mm ta voar aparecer roupa dourar kkkkkk servir muito cena inexplicável lembro mm ficar tentar laçar cara conseguir pau desejar repente conseguir laçar tornozelo de ele kkkkkkk vilão fraco querer luta intenso ficar labial clichê filme criança mensagem chato filme passar paciência filme ruim
MichaellMachado,1,decepcionante esperar quererer abordar demasiadamente humano mulher-maravilha filme começar ação 2hr filme momento lutar início .. convenhar querer filme ação filme lutar herói vilão diálogo longo cansativo prefiro filme continuação vilão anti crist0 tá doido
Um visitante,2,gostar sequência prender início ser filme longo esperar passado mensagem fortemente vilōes desenvolver apesar história bárbara clichê amei personagem ceno lutar bom atuação efeito visual bom gostar momento cena vôo perdoar facilmente legal previsível servir reforçar mensagem filme gostar mulher maravilho 1984 super recomer
Roger S.,1,mau filme super herói ver filme ruim cheguei cochilar filme perdi
Flavio Castelan,1,deus     baitar porcar filme totalmente noção    assisti mue aplicativo my family cinema imaginar decepção cinemo droga    mulher lindo gal Gadot ridiculo
Diego Favaretto,1,filme ruim encher linguiça vilao horrível comédia romântico filme heroína!cheio piada tosco filme sessão
Anderson D.,1,bom filme tempo caso nenhum outro ter ser fazer descrever filme perder escuridão roteiro fraco forçar cheio ponta soltar erro enredo filme lento haver ação haver efeito especial mínimo duvidoso coreografia ruim movimento antinatural colocar prova físico cena mm saltar gravidade deixar existir único creio valer ressaltar esforço imenso Pedro Pascal profundidade personagem demasiadamente pobre talento gal Gadot entregar preparação contar direção pavoroso entregar personagem mulher maravilho kristen Wiig ser famoso comédias conseguir entregar atuação dramático certo profundidade personagem roteiro clichê betty feio verdadeiro desperdício dinheiro cinema filme colocar fileiro sessão juntamente lagoa azul pra eu melhor mm84
Jackson C,1,filme extremamente cansativo efeito trilha sonoro considerável roteiro fraco chegar filme 2h 30min dever ser resumir chato mensagem  
Felipe F.,1,mulher-maravilha 1984 retrocesso dc sequência ótimo filme extremamente graça inspirar roteiro dúvida crucial desenvolvimento criatividader edição enxugar filme muito cena desnecessário cena inicial filme completamente irrelevante visto mostrar apresentar filme atuação ajudar gal Gadot nascer interpretar amazonar momento roteiro exigir certo emoção personagem conseguir entregar ficar dever cena Kristen Wigg funcionar mulher-leopardo contar roteiro personagem ser completamente inútil história desenvolvimento desfecho arco afrontar principal vilã heroíno quadrinho pedro pascal divertido Chris pine funcionar claro consiga engolir volta mulher-maravilha 1984 contar bom cena ação trilha sonoro bacano peca roteiro desenvolver personagem cair clichês tom seguir fraco
Otavio W.,1,filme começar querer mostrar lição moral evoluir fraco empolgação fato exagerar aproveitar vilão história drama lição vida arrastar trazer interessante
Ryan,3,interessante desejar seguir nítido sabor filme diferente depender expectativa assister confuso roteiro cativa valer experiência filme emocional fantasia inesperar
Matheus N,3,filme incrível explosão sentimento gostar indico pra vcs assistir
Pedro Henrique L.,3,filme maravilhoso cheio vida Esperança muito referência direto mundo fantástico quadrinho
Jonathan l.,1,filme chato dormir assista objetivo filme familiar novidade cliche inevitável despedida encontrar centena filme
Gerson R.,3,filme simples ingênuo capaz influência – jeito outro tempo Esperança companheirismo parecer distante assistir longo igual mulher-maravilha 1984 causar estranheza esperar – fato lidar personagem ter super poder fardo típico revista quadrinho ressoam ser humano comum dilema problema pessoal – jamais soar estereotipar – apesar abordagem inédito inovador cuidado diretora patty jenkins continuação sucesso 2017 colocar filme destaque perante gênero tornar bom trabalho universo dc warner levarr conta longo super-herói acabar refletir indiretamente perda humanidade último devido pandemia – justamente abordar questão primário importantíssimas egoísmo coletividade humano propositalmente abrir longo flashback mostrar jovem diano Lilly Aspell participar torneio resistência temisciro patty jenkins ditar protagonista enfrentar vida – fardo arcar vontade desejo cercar – simples poder parecer abordar gracioso diretora roteiro co-escrito geoff johns dave callaham tornar destino personagem central empolgante verdadeiro – importar retratar tela perderíar lógico acompanhar filme dispensar apresentação heroíno mulher-maravilha 1984 começar situar diano Gal Gadot vida décado 80 – viver recluso conseguir ato heroico disfarçadamente evitar expor público trabalhar museu Washington conhecer historiadora barbara minerva kristen Wiig investigar misterioso pedra místico lenda conceder desejo tocar – artefato procurar duvidoso magnata petróleo quase “ coaching motivacional ” Maxwell lord Pedro pascall planejar muito coisa objeto – fazer diana mergulhar trama sentimento antigo precisar postos xeque consiga evitar mundo tornar caos completo – principalmente retorno amor piloto Steve trevor Chris pine).sem preocupar desenvolver personagem dar atenção desafio dilema diano petty jenkins conduzir trama maneira cuidadoso dar espaço mostrar drama pessoal mesclar questão social – passar década oitento longo absurdamente atual ler vontade desejo consumo população – trazer vilania projeto – apresentar diferenciar filme gênero jamais colocar vilão pretensão megalomaníaco más – pouco defeito filme anterior vilão esconder revelar luta apressar crer culpa jenkins haver pressão estúdio ficar mulher-maravilha 1984 desenvolver calmo detalhe – diferencia ritmo obra – assemelhar desenvolvimento richard Donner dar superman – filme 1978 – ser sobrar entenderr personalidade barbaro minerva – atuação simpático expressivo ótimo kristen Wiig passar perfeitamente mudança personalidade personagem – pessoa tímido reprimir alguém questionar desprezar humilhar colega trabalho sobressair bom mau motivo – lembrar composição michelle pfeiffer mulher-gato Batman – retorno – ser escala filme empoderamento feminino luta machismo inserir – barbara assediar bêbado rua – admiração diano interessante principalmente começar assumir poder transformar mulher-leopardo – Gal Gadot consolida escolha perfeito mulher-maravilha – notório evolução atriz aparição Batman vs superman saber expressiva jeito capaz realmente emocionar espectador atriz colocar desafio personagem flor pele – aliás roteiro inteligente estabelecer postura elegante intelectual diano mostrar sutilmente adaptar vida temisciro experiente conforme demostrar utilizar invisibilidade clássico avião jato quadrinhos – estabelecer central longo precisar abrir mão vontade desejo pessoal defender planeta – retorno star trevor poder soar mero heroína desenvolvimento adulto diálogo crivel bonito – ajudar Chris pine compor atuação leve útil estabelecer belo história amor – fazer filme excelente romance – conseguir sobressair clichês veracidade química casal conseguir roubar cena Pedro pascoal transformar max lord vilão multifacetar motivação real – pouco filme super-herói conseguir – composição ator ousar afinal equilibrar humor poder tornar personagem caricato – pascoal ler genial gene hackman lex luthor filme superman – impressionar fato identificarr ser luta diário “ alguém vida ” tentar forma falso empresa ... real – filho Allister lucian perez acabar ser chave trama – motivação lord encarnar atenção meticulosidade atuação pascoal tornar personagem achar – curioso divertido cômico parecer premissa de ele – “ vida melhor ” conceder desejo – acabar ser parar pensar assustador – certo crítica inescrupuloso picareta tentar vender esquema “ pirâmide ” coaches pregar “ receita mágico ” motivar pessoa patty jenkins mostrar sútil impactante – colocar várias pessoa desejar coisa obra expor perigoso humano egoísmo impossível imaginar mundo transformar caos completo demostrar pessoa desejar coisa benefício – repare diretora inteligente situar personagem – trio central especificamente diano barbara lord – lidar jeito desejo – trar consequência principalmente abrir mão de eles prejudicar – estender resto mundo ser egípcio ganancioso terra antepassar prejudicar diretamente população pessoo sofrer xenofobia presidente desejar nuclear nação alguém medar perder poder adquirir pessoa medo renegar amor – demonstração forte impressionar leveza mostrar – principalmente certo belíssimo monologo jogar evidência temático condução trama mulher-maravilha 1984 primor visual – relegar momento inesquecível gênero – aliar direção fotografia magistralmente colorido opor visual escuro obra dc Cinemas Matthew Jensen Jenkins compor momento beirar perfeição visual – citar abertura temisciro mulher-maravilha utilizar laço raio céu aprender certo efeito digital ficar perfeito cena bonito longo diana star atravessar chuva fogo artificio 4 julho – falar cor digno elogio direção arte conseguir captar característico reconstituição époco – estender figurino pentear característico década oitento – cuidado compor cena estender ação – quantidade filme 2017 entregar momento coreografar enquadrados – ser aparição personagem 1984 shopping center perseguição caminhão estrada egípcio luta casa branco – demostrar controle perfeito misce-en-scene diretora – deslizar confronto guerreira amazonar mulher-leopardo visual escuro cortes dever apoiar brilhante trilha-sonora hans zimmer – ditar tom filme início – sentido jamais soar óbvia apelativo – fazer trabalho compositor bom último ano – inteligente elevar tema personagem criar 2016 batman vs superman inserir composição – mesclar elemento rupert gregson Williams criar tema amor diano star 2017 – trabalho cuidadoso zimmer utilizar belo tema “ beautiful lie ” novamente – tema longo zack Snyder merecer filme bom executar mulher-maravilha 1984 bom trabalho fazer amor respeito – essência personagem imponente – felizmente chegar cinemas ano – trazer gostinho Esperança distante último – filme dúvida longo necessário – ingênuo parecer servir perfeitamente evidenciar precisar evoluir dia chegue vida Sociedade preconceito egoísmo haver ruim – dizer antiope robin Wright “ nascer mentira ” – em esse tempo pandemia importante verdade pessoa garantir – desejo provavelmente ter consequência ruins cena pós crédito emocionar fã finalizar longo perfeito encantador aparição personagem importante interpretar atriz especial maravilhoso
willnygma,3,maravilhoso filme verdadeiro necessário fato filminho ação super herói foco ñ mostrar heroína sopapos vilão caricato passar belíssimo mensagem mostrar drama q enfrentar insegurança dúvida anseio desejo sociedade egoísta filme acertar cheio q superfíciir q fato entretenimento qualidade
Cristiano Macedo,1,decepcionar consigo entender alguém dar nota alto pra filme mau filme dc hj sombra dúvido
Gio Palha,3,filme roteiro maravilhoso fala profundo excelente efeito visual atriz brilhar mensagem bonito emocionar
MWGames tm,1,filme ruim excelente morno olhar detalhe ver erro continuidade repetir mesmo erro filme grandeza filme assistir família esquecível chegar impactante empolgar torce heroína passar história risível efêmero impacto hora específico poder explorar tela volta travor inocência mundo diano filme passar direto em isso enfim filme ok chance desperdiçar
DUDU SILVA,2,mulher-maravilha 1984 filme mediano divertir engraçado vilão fraco vilão filme filme fan service legal cena pos credito fan service puro
Alvaro Triano,3,verdadeiro estudo personagem profundo sombrio filme levemente basear historia quadrinho batman piar mortal essência cruo realista inconsequente grande vilão tempo coringo herói anti-herói coringa filme alguém sério transtorno mental determinar tornar psicopata agente caos invés cair tanque ácido cair justamente sociedade doente filme diretor todd phillips beber case cães guerrar verdadeiro homenagem filme martin scorseser rei comédia táxi driver protagonista travi Bickle cópia perfeito Arthur fleck Joaquin phoenix parecir principalmente cena dançar arma indagação protagonista olhar tela longo antissistema parecido clube lutar laranja mecânico espetacularização violência longo phillips passar década 70 goth city totalmente afogar problema desemprego recurso social saúde cenário família Wayne presente figura patriarca thoma wayne representar construção rico fascistar momento roteiro scott silver phillips tentar levar humor negro empatia protagonista certos momento sentir pena ficar triste personagem literalmente maltratar humilhado pisar sociedade enganer coringo mau beleza fotografiar diretor Lawrence sher estético enquadramento luz contraste trilha filme bonito fazer estar ver história príncipe crime condiz exposição violento ato filme pesar perturbador divisor água cinema hqs polêmico bom ano filmaço atuação oscar joaquin phoenix ator método entregar fisicalidade trejeito várias nuance risado ver cinema cara coringo obra único imperdível
Filipe N.,3,mto foda tratar filme super herói drama psicológico tirar fôlego filme adulto mto conduzer roteiro interpretação impecável esperar batman ser continuação    sigar linha mesmo pegada
judsbiz,3,obra-prima cinema ano 2019 filme dar oscar joaquin phoenix absurdo interpretação
Nelson J,3,filme denso incomum trajetória Arthur fleck tornar-se coringo interpretação sólido psicológica Joaquin phoenix trama amarrar coringa multifacetado rico cinema filme instigar violência opressão social caótico contundente obra primo
Vitor A.,3,dizer todd phillips diretor comédio beber case ir conseguir realizar filme impressionante 2019.coringa homenagem cinema décado 70 principalmente obra martin scorseser táxi driver rei comédia filme excelente     filme seguir estrutura narrativo chamar estudo personagem ser câmera acompanhar Arthur trajetória mostrar tela essencial transformação arthur coringa alto filme joaquin phoenix espetacular coringo insano perigoso inocente egoísta imprevisível    comparação heath ledger diferente impecáveis).tecnicamente filme show trilha sonoro perturbador encaixa perfeitamente direção artístico atuação joaquin interessantir reparar trilha sonoro fotografia transformar junto personagem enaltecer criminoso soar polêmico mídia condenar filme prato cheio exemplo em esse caso real motivo profundo    ideia trazir filme jogo filme tratar tema perigoso explicito definitivamente criança     coringo dúvida obra gerar discussão durante ser atuação digno oscar joaquin phoenix ser enredo complexo recomendo     ressalva 1 levar criança filme pesar gostar.2 mentalmente coringo temática “ doença mental ” levar sério gatilho.3 gostar filme ritmo lento rambo cinema
Fernanda S.,3,gente  chocar perplexo conseguir raciocinar ... misto drama drama terror comédia ... miséria humano doença mental ... interpretação Joaquin poesia link pequeno bruce wayne arrepiar físico Joaquin phoenix chegar nauseo emagreceu 23 quilo filme crueza cena morte visceral ... obra primo oscar joaquin todd phillips diretor sair cinema dançar coringo
Henrique A,3,deixar amar filme coringo filme favorito 2019/2020 palavra certo pra descrever filme avassalador
Max N,3,bom filme ano superar expectativa opinião Joaquim fenix entregar bom coringo tempo .... claro esquecer brilhante atuação heath ledger dúvida tornar marco cinema
Antonio M,3,difícil conseguir descrever ... filme fabuloso pesar assustadoramente realista obra arte Joaquin phoenix extraordinário
Italo J,3,bom filme q assisti atoa q favorito oscar ator jeito q entregar personagem simplesmente espetacular
Um visitante,2,"joker filme origem famoso vilão quadrinhos cinema(neste caso cutucar onça Sociedade varar curto ficar praticamente impossível gostar ser ruim quilômetro Joaquin phoenix carregar longo maestria ver telo atuação brilhante resto do(ótimo elenco parecer amador inteligentíssimo roteiro scott silver entregar tornar origem vilão plausível nuance original enredo bater penso coringa filme quadrinho gostar de ele justamente fato fita utilizar premissa arrebatador destrincho característica obscuro insanidade mental(daqueles sociedade insistir ouvir ser surpreender resultado destrutivo omissão contexto popular aplaudir ousadia warner apoiar projeto carta branco todd phillips turma achar afirmar bom retrato personagem registrar fita opinião heath ledger cavaleiror treva jamais ser '' desfazer '' impossível deixar levar composição linhar phoenix ator poder limitar mero transformação físico explorar caricato loucuro Arthur fleckr atuação tanto nuance sutileza pensar alguém bom levar oscar bom ator ano bom elenco haver reconhecer disposição Robert niro veterano ator cansado piloto automático trabalho recente finalmente esforça desenvolver personagem consistente óbvio filme perfeito aliás poder tanto natural fator risco coisa perder claro Todd Phillips fã filme urbano martin scorseser principalmente taxi driver emula torto direito parecer paródico mostrar completamente desnecessário dar força natural material trabalhar pontual excesso visual narrativo referêncio obro rima visual gratuito etc ... incomodar realizador tentar sacrificar originalidade forço filme regurgitar fascínio trabalho alheiar problema reverencial diminuar capacidade filme sustentar se reviravolta trama sentir desenvolvir maneira certo entrega peso narrativo propunh funcionar ultimamente artifício roteiro(que continuar escalar rumo loucuro arthur erro pontual incomodar perfeitamente relevar conclusão excelente entrega necessário finalizar arrebatador arco fleck clímax arrasador si fazer filme inteiro valer apena portar coringa(joker,2019 ler forte retrato insistente mazela social comum praticamente civilização astuto oportuno showcase talento excepcional ator obra mudar jogo estilo adaptação histório quadrinho cinema notar 8.5 10"
Fabrício A,3,"ver questionar coringa tratar anti-herói fato comumente reconhecidamente vilão narrativo todd haver margem tipo leitura sum aporio dar roteiro enorme reflexão permiti hermenêutico obra analogiar pensamento bertold brecht "" haver muito maneira matar pessoa cravar punhal tirar pão tratar doença condenar miséria fazer trabalhar arrebentar impelir suicídio enviar guerra etc. proiber "" - bertolt brecht técnico acreditar independente universo hq ' s ultimamente ser abordar uso exacerbar efeito gráfico especial universo marvel filme criar divisor seriedade texto cult"
Danilo R,3,deus céu filme incrível    montagem câmerar desenvolvimento roteiro ator incrivel único achei descontente idade Batman coringo entretanto bom filme adaptação quadrinho achar melhor vingador
José J,3,impossível descrever palavra oque sentir filme único ir assistir
Jefferson D,3,obra arte fugir clichês próprio coloração jogar personagem problema real mostrar quão mente insanidade filme adulto inteligente construir cansar extremamente surpreendente haver palavra descrever atuação Joaquin phoenix filme digno entrar pra história
Raphael T.,3,dúvida bom filme ano dirigir maestral Todd Phillips entregar filmaço    ter coringo causar tristeza riso dor estranheza surpresa juntas    filme arco definir constrói coringa louco sanguinário processo natural pontual    falar Joaquim phoenix digno oscar filme     aparência linguagem corporal expressão entender perfeitamente raíz insanidade palhaço psicótico pertunar coringa inconsequente assassino      fotografia filme ajudar destacar insanidade personagem ápices loucura     acreditar único defeito filme entregar coringo irresponsável liga pegar causar caos    coringa marcar calculista estrategista descaracterizar coringo conhecer diminui tamanho filme    resumir sensacional
Denis C,3,bom filme espetacular assistar legendar melhor dubladoe ideia filme incentivar assassino noção diferente filme
guilherspires,3,filme incrível Todd philips impecável diretor joaquim phoenix filme fantástico
Jonathan A,3,filme forte realista de aquele firula herói mostrar brilhante indiferença dificuldade mundo transformar destino pessoa Joaquim phoenix atuação incrível filme crescer conseguir vilão mocinho perceber coringa esperar filme colorir cheio efeito ser filme pra filme forte dúvida inteligência mostrar atitude psicótico contexto prepare-se impressionar excelente filme
Felipe F.,3,coringo tremer filme Joaquim phoenix atuação magnífico lapidar personagem brilhantemente longo filme traço marcantes difícil bom aclamar heath ledger patamar acima verdade direção todd Phillips deixar desejar nenhum roteiro forte elaborar construir crescente enorme trilha sonoro fantástico conseguir melancólico forte tenso momento adrenalina coringo filmaço f maiúsculo obra-prima gênero cinema milênio experiência cinematográfico perturbador marcante excelente
Marcus Cezar Meyer Sukevicius,1,piore filme assisti moral estória estúpido sujeito politicamente correto chamar vítima sociedade liberar matar virar herói cidade valor corrompir
Gerson R.,3,“ conhecer próprio escuridão bom método lidar treva pessoa ” – dizer Carl jung inspirar filosofia Nietzche via humano espécie “ sombra ” indivíduo esconder obscuro frieza crueldade preconceito enraizar – empatia lamentavelmente notar pessoa grave dificuldade colocar – simples tentativa entender problema tarefa árdua – soar exagerar inegável fator afetar relação humano – mente “ fechar ” suficiente escancarar mal preconceito racismo intolerância altruísmo responsável caos mundo viver – viver convenhar falar caos chegar personagem último década    impressionar deixar evidente perversidade homem – coringo sombra dúvida vilão história quadrinhos complexo imoral – leitura inverso superman poder pessoa – parafrasear dialogo Kill Bill vol 2 – coringo – chamar arthur fleck resposta sociedade costumar ignorar – pessoa levar padrão vida comum sair casa dia trabalhar passar perrengue emprego cuidar mãe doente gostar programa humor tv escapismo – inúmero pessoa mundo acometer deficiência mental – colocar série transtorno comportamental – risada patológico conseguir evitar – doença realmente existir invenção longo tornar “ estranho ” visão sociedade cerca – pensar julga-lo condição mídia personagem receber abordagem – coringo heathledger incrivelmente assustador imprevisível jack nicholson parecer evolução insano ator haver fazer iluminar cesar romero série tv ano 60 “ palhaço bandido ” eficiente proposta humorístico seriar – outro 2016 prefiro comentar claro – enfim nenhum ter atingir resultado reflexivo assustador desconcertantemente engraçar – digar engraçado rir ouvir bizarro risada Joaquim phoenix provavelmente algum começar sentir irritado – envergonhar – longo todd Phillips – diretor experiência humor beber case surpreender trabalho extremamente sério perturbador – revelar verdadeiro faceta coringo filme obra levar espectador sentimento confuso ambíguo – intenção direto ser explicação único phillips expor personagem modo espectador consiga julga-lo – afinal narrado ver fleck unir trabalho excelente diretor roteiro parceria scott silver atuação espetacular phoenix desenvolvimento personagem autentico vilão gotham city alguém digno pena certos momento – difícil imaginar personagem poder chegar deixar emocionar – filme Warner dc conseguir trama passar década 80 sujo violento goth city – basear história quadrinhos especificar batman – apresentar Arthur fleck Joaquim phoenix trabalhar palhaço agência comediante costumar serviço divulgação loj animação criança hospital morar mãe conroy encontrar adoecido fleck almejar virar humorista comédio stand-up sonhar participar famoso programa tv humor apresentar Murray franklin niro entretanto enfrentar problema psiquiátrico encarar cidade preconceituoso amigável levar cometer crime metrô dia assassinar empresário indústria wayne ridicularizar violentar causa risada patológico – gerar morador cidade sentimento ato fleck gesto combater opressão elite financeiro Gotham população pobre medida decepção descobertas passado tona arthur começar nutrir sentimento ódio revoltar sociedade notar basicamente criticar social filme refletir arthur – ser omissão arrogâncio rico representar thoma Wayne brettcullen desrespeito pessoa deficiente mental negligêncio sociedade trata-los ouvi-los – momento fleckr consultar psiquiatra propositalmente fornecir – retirada – servir perfeitamente – anotação diário forte triste ninguém escutar entender – “ escutar perguntar ter algum pensamento negativo pensamento negativo ” – frase doutora traduzir perfeitamente coisa phillps transmitir descaso problema fleck notório maneira passado mãe acometir demonstrar negligência trazer importância papel thoma Wayne história – inversão víamos de ele versão batman Wayne homem rígido moralismo duvidoso – hesitar chamar manifestante palhaço acreditar classe social dominante solução classe pobre – brasileiro difícil imaginar figura João dório proferir absurdo – tornar personagem caricato – todd Phillips inteligente ilustrar pensamento deturpar elite cena magnata rico assistir sessão “ tempo moderno ” charlie chaplin – filme criticar tremenda exploração trabalhador – riso plateia representar deboche insensibilidade encontrar classe – fato mãe Arthur esperar wayne ser prefeito goth – mostrar população humilde confiar promessa politico – inspiração coringo oprimido gotham mostrar perverso sociedade querer resolver certo questão uso força – rosto palhaço tornar se emblema hipocrisia governante rico – falar pequeno pequeno participação bruce Wayne pereira-olson criança surgir espécie inversão “ estatística violência ” prevalecer coringo desenvolvimento personalidade arthur – obviamente concepção acertar roteiro direção mérito ficar conta Joaquim phoenix – corpo extremamente magro aparência quase doente demostrar olhar obscuro ameaçador difícil sair mente – risada claro – afinal ator rir situação engraçado difícil parecer convincente imaginar rir situação totalmente contrario lidar situação refletir maneira tentar envolver vizinho apartamento papel atriz zaziebeetz – frustração carreira comediante visivelmente falso mãe parecer omitir problema passar – certo ilusão falso promessa ilustrar olhar perder phoenix praticamente impossível sentir tocar situação – dúvida composição merecer alarde elogio prêmio receber – imersão papel pouco poder história cinema – crer exagero crer salientar querer defender comportamento psicopata violento personagem – dizer todd Phillips disposto ditar conclusão público – espectador constater quiser próprio bagagem emocional intelectual – coringa oferecer exemplificar suposto motivo levar pessoa cometer crime – levar humano cruel – simples omisso “ bandido bandido matar ” gostar proferir mundo fazer impedir coringa existam mau sociedade cometer atrocidade haver curioso colega trabalho Arthur arma dizer defender rua haver ser atacar jovem ladrão dia – personagem phoenix recusar principio – indagar ser “ criança ” – companheiro de ele resolver problema violência urbano simplesmente matar pessoa invés solucionar gerar comportamento errar de ele alia acho justo warner bro desenvolver projeto conscientização prevenção bullying depressãor suicídio problema mental levar pessoa cometer crime – especificamente estar Unidos evitar triste caso atirador escola indagação filme senso justiça ficar explicita personagem Robert niro tonar – murray aparentar alguém ruim – preocupar situação rua gothar passar – Liga movimento camada pobre dominante – ser “ isentão ” “ cidadão ” preferir ficar calar algum atrocidade – hesitar exibir opinião viver – grato surpresa verr niro papel último ano empresário de ele colocar “ furar ” interessante presença lembre outro longo personagem ter traço semelhante arthur fleck – falar taxi driver rei comédia – estrelar niro dirigir mestre Martin scorseser lembrar de este trabalho ano setenta ano oitenta trazer aspecto técnico coringo – direção arte riquíssimo detalhe cenar reconstituição époco – veículo objeto cena tvs vídeo cassete fleck – longo iniciar warner époco homenagem situar período determinar personagem cinema assistir filme “ face zorro ” 1981 – ficar evidente cuidado compor personalidade arthur – espelho frase motivacional impor mãe sala apartamento apertar escuro – falar visual fotografia Lawrence Sher rico jamais aproveitar filtro natural ser mesclagem colorir forte indicar tom felicidade emitir luz sol aparecer força roupa coringo ambiente sujo iluminado banheiro público sala hospital – asilo arkhar parecer ... triste diga ter muito cena ação existir efeito maquiagem bons exemplificar certos momento violência quase totalmente explicito – desapontarir tarantino – evidentemente funcionar ilustrar estética sério realista filme personagem titulo – uso acertar várias música época antigo especialmente claro uso “ send in the clowns ” frank Sinatra – trilha-sonora hildorguonadottir precisar evoluir progressivamente uso discreto violino envolver ritmo caótico tambor – lembrar composição hans zimmer trilogia christopher nolan filme super-herói convencional coringo drama sério perturbador psicologicamente provavelmente mudar percepção personagem-titulo – nome Arthur fleckr atuação visceral joaquim phoenix vilão quadrinhos símbolo injustiça social preconceito origem violência urbano reflexo descaso dificuldade desconhecer enfrentar dia sociedade gostar dedo julgar entender – coringo sombra – fingir existir – muito tentativa piada ir compreender convenhar traduzir produção mainstream hollywood mínimo surpreendente audacioso
Eliane R,3,muito pessoa gostar filme ñ gostar mensagem fato trajetória tipico monstro criar sofrimento colocar frente aplauso desistir angustiante perturbador pegar sentir certo empatia alguém ruim mantiver foco construção personagem ... com si maneira bom ter pertubardor
heline m,3,filme denso espetacular atuação Joaquim phoenix palavras ... personagem desequilibrar caricato ficar chocado sentir compaixão ri cuidado pra torcer fato viver pra enlouquecer filme crítico sociedade criar levar reflexão mesmo merecer oscar
Anderson C.,3,duvidar bom filme 2019 bom riqueza detalhe enredo fotografia filme trilha sonoro qualidade cuidado demonstrar humanidade personagem imagem vilão    filme retratar totalmente claro origem coringo tornar coringo    juntar universo batman maneira muuuito sútil arrebatador supresa mundo cinematográfico    destaque atuação Joaquin phoenix cena sensibilidader enfim valer super pena assistir ressaltar pegar crítico social demonstrar favoritismo elite existir
Isabel,2,assisti filme auto reflexivor muito compaixão pequeno obra primo    q pôs Joaquin phoenix coração
Pedro I,3,filme incrível surreal bolha curva filme    filme
E S,3,atuação monstruoso Joachin trilha sonoro luz direção roteiro etc etc etc fabuloso filme estranho estranho prender emaranhar sentimento diverso bom filme tempo diferente realista impactante    assistir perder histórico
Alexandre S,3,darkness and just amazing work of Joaquin phoenix two hours of hard work of Joaquin Without tireness he deserve the oscar the best actor
Ulisses D,3,assistir semana filme    obra arte atuação magistral Joaquim phoenix
Camaleão I,3,interstellar filme ter impactar merecer gabaritar prêmio possível filmaço obra pra deixar pensativo dia
Matheus F,3,palavra descrever filme recomendação ler comentário assistir filme coringo largar fazer ir assistir garantir arrepender
Daniel Corrêa d,3,criticar coringaas história quadrinho filme Batman acabar revelar personagem protagonista figurar criminoso maluco voraz entitula “ coringo ” palhaço crime ter várias história origem diferentes filme solo vilão trazer essência clássico cinema artístico visão panorâmico desapegar realista problema social ano 70-80 doença psiquiátrico bestial cruel reação comunidader filme obra arte apesar orçamento diretor todd Phillips saber composição musical paleta cor impressionismo performance ator principal tom gracioso 2 hora projeção resultado filme redondo cerca profundeza atitude sentimento arthur personagem começar mirrar triste “ prender ” próprio existência trágico desumana triste descobrir próprio psicopatia explicar praxe filme artístico aclamar academio existência cena específico mostrar máxime atuação protagonista atitude simples simbólico belíssima cena inicial coringo de esse tentar achar sorrir arthur esticar canto boca fracassar achar riso verdadeiro resultado lágrima deprimente demonstrar sofrimento personagem ser especificamente abordar cena subsequente pobre desnutrir viciar cigarro tentar carreira stand up arthur trabalhar fazer bico palhaço lugar praticamente falir faceta demonstrar potência político filme momento tecer crítica má distribuição rendo dificuldade inserção mercado trabalho pessoa deficiênciar foco nítido deficiência psíquico condição neurológico arthur rir desesperadamente situação sentimento representar alegria risada incontrolável protagonista causar grande problema filme receber irresponsável covarde arma colega trabalho situação inesperar Metrô Gotham desencadeiar série evento destruir resto sanidade protagonista abrir identidade coringo passo de esse ato revelar verdadeiro psicopatia trás pobre magricela homem sociedade cruel desumanidade atos vida justificar atitude arthur insistir pôr cheque criticar mau sentido palavra filme psicopatia protagonista existir encruar âmago coisa acometir libertador psicopatia pessoa zombar possuir meio revidar matar alguém ídolo ter “ pai ” “ mentor ” sonho cruel homicídio violência ser solução sentir graça coringo astuto crime fiquer dó personagem ato injustificável indefensável mostrar sociedade doente ato ilícito imperfeito “ justiceiro ” contrapor injusto traiçoeiro distribuição renda gestão público Joaquin phoenix entregar bom interpretação cinema coringa filme múltiplo interpretação reação haver chorer filme haver ria filme haver demonstrar reação começar haver amer haver odeie obra arte visceral violento trágico rodear crítica social aberto coincidência presente demonstrer sociedade ano 70-80 potencial causar discussão durante permitir individualizar tirar próprio experiência nota 5/5
Luiz Antônio N.,1,comediante faler arthur fleck encontrar violento bandido rua gothar city desconsiderar sociedade fleck começar ficar louco transformar criminoso coringo coringo totalmente diferente conhecer Joaquin phoenix dar show atuação gostar filme mostrar versão coringo valer pena ⭐ ⭐ ⭐ 
Sidney  M.,1,momento forte leve público rir começo incomodou parar prender atenção desfecho explosivo
Rodrigo Gomes,2,brilhante realizar incrivelmente obscuridade filme franquia batman sórdido levar início tempo história quase origem goth city violentar sitiar personagem representar ímpar perfeito caracterização marcante manter traço simplório apresentar criação incorporar longo trajetória ai entender Joaquin phoenix favorito oscar excelente roteiro dirigir melhor
Diego S.,1,filme entediante dizer ... emocionar dizer merecer oscar!é dc filme dczete obra arte uau deus ver heath ledger continuar insuperável coringo saber psicopata anton Chigurh medo coringo
Bruno E,3,filme obra primo oscar 2020 Joaquim phoenix  merece.não assistir filme trailer filme obra 
Jackson A L,3,perturbador realista difícil torcer algum certo personagem arthur fleck retrato vivo sociedade atuação impecável Joaquin phoenix tragam oscar homem
Enilson S.,2,filme excelente acho interessante mostrar sociedade tratar pessoa transtorno ser ajudar marginalizado tratar personagem utilizar filme anterior coringa haver haver ligação família Batman
Francisco Russo,1,haver ler     ouvir quente bom realmente assistir     filme título bom comédia tempo     atestado qualidade motivo cinéfilo     resolvar assistí-lo filme realmente merecer elogio receber     tratar se ótimm história contar magistralmente diretor     billy Wilder estrelar jack lemmon excelente Marilyn     monroe lindo quente bom ritmo ágil     gostoso assistir cena divertidíssimo situação     inusitar noivado daphne personagem lemmon tratar se     ótimm comédia dever servir diretor     atualidade pretender público rir apelar baixaria     desnecessário
Marcão,2,quente bom filme satírico signo sociedade olhar exterior alguém billy wilder estrangeiro américa poder proporcionar cinema hollywood    considerar diretor obra-prima raro dosar ironia concentrar infinidade tema frequentemente presente trabalho – curiosamente comédia escrachar filme sério fazer pequeno apanhar haver alcoolismo fuga tentação interesse material relação conjugal bastidor mundo entretenimento tratar humor perspicácia lidar referência preenchem imaginário coletivo cinematográfico gângster homem travestir mulher ingênuo infantilizar irresistivelmente atraente lançar 1959 comédia apresentar enredo datar 1929 ano emblemático história norte-americano marcar crash bolsa valor marca louco ano 20 chamar roaring Twenties início depressão econômico situação agravario contrabando bebida durante lei secar começar 1920 estender 1933 fomentar comércio clandestino voltar consumo álcool enriquecer crime organizar liderar mafioso lendário al Capone partir contexto roteiro quente melhor trazer história Joe tony curtis jerry jack lemmon músico orquestra jazz apresentar em este inferninho ilegal lei secar carga destino acabar ser involuntariamente testemunha massacre ocorrer dia valentim perseguir implacavelmente gângster autor crime disfarçar mulher foger miami flórida ingressar orquestra mulher contar cantora sugar kane viver ninguém marylinr monroe auge carreira popularidade bom comédia tempo deslembre visual cinema!é bom comédia assisti Marilyn incrivelmente lindo tony curtis jack lemmon vestir mulher matar rir triste assista
Erika,3,divertido filme surpreender época pensar época 5 estrela imaginar existir senso humor aliás bom ver atualmente quase branquelo inspirar filme adorar
João Ricardo D.,2,existir verdade cinema atual ir encontrar comédia facilidade ninguém morrer realmente difícil achar comédia escrachado perder linha charme caso quente bom lançar 50 ano    filme encantador realmente filme ator tony curtis jack lemmon vejor conhecer trabalho de ele filme simplesmente dominar dupla Marilyn óbvio protagonista     cena vestir mulher cômico Marilyn trabalho esbanjar alegria carisma    ser filme favorito quente bom comédia claro escrachar início favorito
Luana O.,2,filme delicioso comédia preto branco engraçadíssimo haver química ótimo ator ótimo pra domingo ... rsrsrs
B.Boy Jc,3,filme divertido estória cativo prender começo comédia pouco Marilyn mulher charmoso ótimm atriz jus nome ficar
Um visitante,2,romance musical ótimo momento comédia duplo Tony jack claro presença belo Marilyn monroe fundamental história Chicago legal ... -filme assistir 08 dezembro 2015-nota 8/10
Ricardo L.,2,bom comédia história cinema mundial roteiro quase perfeito atuaçãoes Memoráveis Marilyn Monroe jack lemman ser diva Marilyn ficar conheido mulher lindo cinema mundial filme preto    branco essência colocar sublime filme levar nota 4 fato ter bom desfecho diminuio obra brilhante ano 50
Shy Boy,2,quente bom filme parecer extemporâneo dizer comédia qualidade prazo vencimento ótimo elenco ótimo cena pitar romance qualidade bocadinho policial história provocar riso espontâneo gargalhada diferentemente comédia atual apelar baixaria contag expectador dir filme pequeno clássico digno figurar 200 bom filme holiwoody hilário quente bom filme gênio comédia buster Keaton
Alan,2,filme fazer conta bom ator especialmente coadjuvante caricato dúvida influenciar filme comédia fazer ano posterior
Alvaro S.,3,assistir filme surpresa começar cena fotografia preto branco jurar filme ser colorir quente bom clássico cinema hollywoodiano ser citar relembrar tempo tempo entendi usar chicago 1929 pleno lei secar gangster pano fundo filme aular roteiro estruturar direção precisar atuação impecável filme manter frescor passado 56 ano duplo músico vivir Jack lemmon tony curtis tornar testemunha ocular chacina fugir assassino precisar vestir mulher integrar banda garota temporada flórir    rir precisar cair pastelão especial cena personagem jack travestido mulher amigo casar milionário soma-se beleza fascínio Marilyn monroe hipnotizante presença cena … única!e último frase ousadia uau surpreender frente 59 infelizmente hoje dia!curiosidade 110ª lista 250 bom filme imdb.outra curiosidade necessário 47 tomar cena personagem Marilyn Monroe falar “ it ’ s sugar ” ficar pronto atriz trocar falar “ sugar it ’ s ” “ it ’ s sugar ” 30ª tomar diretor billy wilder resolver escrever quadro-negro falar correta monroe confundir nota público 8.3 imdb)nota crítico 96 rotten tomatoes)acesse blog 365filmesem365dias.com.br ler filme
cristinafm,3,ver muito comédia gênero filme favorito ... rio gritar rir verdadeiro escândalo mãe casa perguntar tar acontecer preocupar kkkkkksem dúvida filme engraçado assisti vida
Vanessa K,3,filme comédia favorito dar muito risada Tony curtis jack lemmon Marilyn Monroe perfeito eh engraçado
Ricardo A.,2,roteiro vanguardista discussão gênero humor suave peculiar época ator estelar história adaptar dosar comédia cena romance ação ótimos diálogo cena memorável cena tr jerry casar milionário cena diálogo Marilyn digam péssima atriz decorar texto conseguir papel loira volúvel sensual primor ter ser artimanha diretor filme assistir família
Carlos P.,2,quente bom considerar crítico bom filme comédia tempo título decidir assistir dever dar tanto risada filme marx brother filme divertido interessante atuação ótimo enredo montar diálogo cena engraçar tempo cinema imortalizar
Debora N.,3,fã filme comedia confessar gostar filme acabar tornar filme favorito Marilyn incrível filme conseguir provar atriz talentoso
Fabrício Madureira,2,comédia divertido inteligente apelação piar criativo ótimo atuação elenco realmente clássico comédia
Débora FPB,3,quente bom comédia inesquecível Marilyn Monroe infância valer pena assistir sessão
Rodiney,2,obra-prima billy wilder opinião bom comédia história cinema atuação impecável lemon curtis Marilyn bonito
Bruna K,3,saber comédia assistir filme motivo atuação brilhantemente hilário ator roteiro formular articular engraçado perceber semelhança quente bom branquelo seguir contexto parecer Marilyn encantador presença ceno gostar de ela quente bom pecado morar hilário morro rir cena daphne jack lemmon principalmente feição de ele tocar cara hilário impagável enfim clássico eternizar comédia atemporal favorito
Arthur Santos (Arthur),3,otimo filme sucesso esper assistir filmão gosteiii
Gleisson ribeiro barboza,2,filme espetacular    autor ótimo jus filme super indico gostar filme
ivoneiii klein,3,mmuito    filme recomendar gente assistir filme amigo série
Guilherme Radunz,3,filme delicioso comédia preto branco engraçadíssimo haver química ótimo ator ótimo pra domingo
Edimar &amp; Elimar Oficial (Diih),2,romance musical ótimo momento comédia.bela Marilyn monroe fundamental história Chicago legal ... 
Edsooncerqueiraa,3,chicagar 1929 Joe tony curtis jerry jack lemmon músico desempregado desesperar trabalho acidentalmente testemunhar massacre dia valentim assistir criminoso Spats Colombo george raft cúmplice aniquilar toothpick charlie George
rosinha souza,3,estrela filme receber indicar geralmente sentimento crítico instante assistir muito transformar produção clássico deixa-la esquecimento independentemente cotação longo receber estreia volto cinemas marcar 50 ano morte Marilyn monroe quente bom correr risco
Marciapereira0313,3,perfeito filme ótimo roteiro ótimm crítico atriz excelente autor ótimo escolha papel
Joao Marcos Laguna Pereira,1,nnao ver .... nao nenhum interesse kkkkkmds chato hahahahahaahahahaa
Conceicao Rodrigues,3,amo adorar romance comédia vencer categoria bom filme comédia musical bom ator comédia musical jack lemmon bom atriz comédia musical Marilyn Monroe).
Luizaguiar_tst,3,empolgante misterioso filme quente melhor aprovor assiste conte
jaine do nascimento,3,filme paixão assassinato filme gostar ação ir mentir chorar
Jonatthhanrafa,3,existir verdade cinema atual ir encontrar comédia facilidade ninguém morrer realmente difícil achar comédia escrachado perder linha charme caso
giovane reis,3,gavdhdi legal interessante bom legal pra família      interessante    legal    bom ..... interessante
Emersonxmirella,3,obra primo 1929 trazer grandiosissimo estória estrelar astro tony curtis marco cinema mundial
Bruno Metzker,2,excelente filme qualidade adorar assistir família .. recomendar assistirar
Edsonfilho 5713,3,eswe filme simplesmente incrível enredo super divertido mistura perfeito comédia romance suspense cena fazer prender início fazer rir ficar ponta cadeira elenco maravilhoso Marilyn Monroe tony curtis jack lemmon arrasar papel pra eu filme de aquele canso divirto ser
Wagner Fazioni,3,perfeito filme dever assistir vida detalhe pensar maravilhosamente produtor
Mv7210179,3,"jsjannsnssmmmdmdkcndndmdmmdmmdmdkdmm 
  spoiler 


  spoiler 


  spoiler 


  spoiler 


  spoiler 


  spoiler 


  spoiler 


  spoiler 


  spoiler 


  spoiler"
Jessie Silva,3,bom filme canso assistir    ator tops história clássico Bommm殺殺殺殺殺
Gabriel,1,péssimo entediante saí cinema aguentar acontecer filme inteiro baboseira ator fraco roteiro existir sono minuto piores filme assisti venho alertár ele assista poupe dinheiro
Leonardo Dalla Porta,1,fiilme zona interesse poder    ser e-mail tortura massivo narrativa    construir desenvolvimento    personagem bizarro ruim existir    filme amar    história pra achar legal    forte 1h40 duração pensar site especializar nota    grande pra filme de esse Malemal    trailer imagem divulgação).o pro público comum achar legal entrega    experiência histório espectador
DUDU SILVA,1,cansativo lento chato zona interesse ate trabalho mostrar imagem campos concentração dar so pra escutar som acontecer la pecar ritmo
Aurnheimer Y.,1,decepção começo começo fraco irritante aprofundamento vazio enfim nota
Adriano Côrtes Santos,2,zona interesse jonathan glazer estudo inquietante vida rudolf höss comandante Auschwitz Família morar Campo concentração abordagem sutil perturbadora filme destacar mostrar diretamente atrocidade sugerir horror som imagem ausente fumaça chaminé som tiro técnica similar filho Saul focar banalização retratar vida cotidiano família höss indiferente sofrimento direção meticuloso plano rígir edição som imersiva criar tensão constante atuação principalmente christian friedel rudolf sandra Hüller hedwig essencial transmitir normalidade desumanizante situação filme desafiador exigir paciência espectador deixar impressão duradouro reflexão provocar indiferença frente filme ficar mente.​
Grazielly Queiroz Magalhães,1,filme maçante difícil assistir quase tirar cochilo entendi proposta realizar dar pra acabar 40 min enrolar cena igual enrolar cena one piece alabasta 5 min cena varrer chão mano 3 min tela preto início péssimo
Ricardo “Sheik” Ferraz Andrade de Campos,1,filme poder ver metade som trás frente prejuízo entendimento obra imagem contemplar filme enredo interpretar cena intencionalmente alongar reforçar ideia rotina regrar família crítico contraste ambiente angelical Campo concentração acabar tornar cansativo arrastar terminar repente conclusão climax
Silvio Maria,1,assisti causar indicação oscar puro decepção ritmo enredo chato .... rolar algum pra indicação resolver assistir abrir garrafa vinho sono
judsbiz,1,imprensa pagar produtor tentar transformar filme mediano obra-prima impressionante envolver assunto esgotar cinematograficamente temática trágico holocausto filme produzir continuar ter apelo publicitário filme superestimar zona interesse filme arrastar principal problemática assunto sério muito retratar pincelar forte dramaticidade cenário pavoroso passar famoso campo concentração perder roteiro enfadonho retratar crise conjugal oficial nazi esposo nota 6.5
Anna Beatriz,1,mau filme ano enredo clímax filme parar insuportável assistir recomendo mau inimigo
sid h,1,filme meter besta chato frio emoção enredo inexistente    bom acabar dinheiro jogar ir    fujar
Alexandre M.,1,"1h40 falação chato acontecer filme 
  spoiler 
   terminar homem descer escada grande detalhe 
  paguei 34 real sala cara ponteio bh pra"
Adriano Silva,2,"zona interesse the zone of interest 2023""zona interesse escrito dirigir jonathan glazer ser basear romance 2014 Martin ami longa-metragem produção a24 coprodução reino unir polónia filme estrelar christian Friedel Sandra Hüller comandante nazista alemão rudolf höss esposo hedwig acompanhar família levar vida tranquilamente casa campo concentração Auschwitz jonathan glazer diretor excelente reencarnação 2004 pele 2013 constrói bom filme ano passado carreira zona interesse obra levar diretamente trágico perverso história humanidade assombroso desolador holocausto longo história cinematográfico filme relacionar diversos abordagem holocausto caso obra impecável irretocável menino pijama listrar 2008 vida belo 1997 lista schindler""(1993 filme preferir tema principal diferença filme citar obra glazer exatamente roteiro construir abordar longo história ser em esse filme impactar barbárie violência explicita acontecimento assolar campo concentração despertar revolta tristeza comoção empatio principalmente dor nó garganta imaginar terrível vida presente obra Glazer contramão justamente filme mostrar zona interesse ideais proposta regra confrontar roteiro apresentar experiência perturbador perspectiva distinto comparar exatamente filme citar "" zona interesse experiência seca crua amarga denso cinza incomoda perturbadora desoladoro impacta obrigar sair zona conforto presenciarr trágico bizarro empatia amor conivência complacêncio cumplicidade acontecer redor família muro casa jonathan glazer conseguir elaborar roteiro deixar chocar pensativo reflexivo destacar filme difícel assisti último ano típico obra mexer consciência imaginário término filme continuar cabeça pensar presenciar dia tentar entender quão detestável desprezível raça humano acerto obra jonathan glazer exatamente planejar deixar espectador perturbar incomodar história acontecer longo 1h 45min ser iniciamos tela completamente escuro música estridente fundo ficar cena quase 4 minuto sentir peso obra intenção realmente incomodar tirar zona conforto cena corte cena família feliz deliciar banho rio de aí ficar notável sobressair produção zona interessar exatamente trabalho impecável edição mixagem som som cereja bolo roteiro jonathan glazer ser som responsável aproximar terrível acontecimento muro casa campo concentração auschwitz preciso crédito belíssimo roteiro glazer atuar durante história apostar diretamente místico imaginário lúdico fazer contraponto vida feliz família durante dia dia contrapartida desolação crueldade acontecer 100 metro de ali obra glazer tornar avassaladoro impactar sutil extremamente incomodar perturbadora uso cena poder exemplificar acontecer adiante construir imaginário som desesperador grito tortura tiro sirene choro criança opção glazer mostrar acontecer deixar incomodado pensativo imagem mente ficar grau trágico perturbador pegar pauta som corroborar tragédia mental medida família levar vida normal estar ser torturar som inquietante ficar constantemente grave agudo tomar choro criança fundo "" zona interesse obra extremamente desconfortável inquietante atmosfera pesadíssimo exemplifica auditivo tínhamos vida outro vida ser tirar mostrar estar sonho outro simplesmente morte retratação visual horrores ficar exatamente grito desesperador Campos concentração chegar bizarro cena família feliz crueldade outro acontecer exatamente cena reproduzir jardim completamente florir colorir teoricamente poder simbolizar alegrio vida Liberdade plenitude confundidar choro grito horror deixar extremamente triste desconfortável observar inocência criança brincar alegremente piscina muro terror devir proporção dimensão significar cena remetir diretamente filme menino pijama listrar ter inocência criança contraponto crueldade desolação Campos concentração confrontar grande sofrimento histório humanidade purezr inocência criança christian friedel série babylon Berlin sandra Hüller indicar oscar anatomia queda divinamente respectivo personagem christian personificação linhar comandante nazista alemão seco duro introspectivo porta silencioso metódico letal rudolf importar tarefa bom comandante empenho almoçar casa família atravessar muro exterminar pessoa ser emprego normal mundo Sandra trazer mulher interesse voltar família marido preocupar querer independente marido consiga hedwig mulher mostrar completamente indiferente acontecer redor exibir apatia preconceito acontecimento christian Friedel Sandra Hüller entregar atuação acertar condizente proposta roteiro intuito personagem tecnicamente obra soberba!a trilha sonoro mico levi compositora trilha sonoro jack 2016 esplendoroso contundente extremamente incisivo cena ceno ditar muito coesão ritmo impregnar mente valer designer som johnnie burn junto próprio mica compuser música efeito sonoro filme fotografiar łukasz zal guerra frio 2018 outro extremamente importante longo de ela tínhamos dimensão feliz triste separar muro falar cinematografia estruturar filme direção arte compor minunciosamente detalhe cenário casa família campo extermínio "" zona interesse selecionar concorrer Palma ouro festival cinema Cannes 2023 ganhar grand prix Cannes soundtrack award prêmio fipresci longo ganhar 3 bafta incluir filme língua inglês indicar 5 oscar incluir bom filme bom diretor jonathan glazer 3 globo ouro longa-metragem semanar estrear bilheteria arrecadar US$ 124 cinema indicação oscar filme expandiu 215 cinemas 333 semana lançamento arrecadar US$ 1,08 milhão aumento 141 semana anterior total acumular US$ 3 milhão grande diretor tempo renomar cineasta Steven Spielberg elogiar zona interesse chamar ele bom filme holocausto fazer lista Schindler aproveito ocasião informar considerar lista Schindler bom filme carreira cinematográfico Spielberg bom filme tema tempo jonathan glazer criar obra categórico crucial terminante contundente exibir choque realidade mostrar casal alemão viver vida normal comparar dia dia estar ser omisso cúmplice crueldade principalmente pessoa conivente ato grande falha humano cumplicidade omissãor conivência banalização acontecer vizinho ser crucial comparação genocídio holocausto família viver vida normalmente estar acontecer acontecer claro comparativo realidade atual existir crueldade existir sofrar redor importa zona interesse obra grandioso necessário extremamente importante conscientizar principalmente banalidade exemplifico humano horrer repugnante odioso perverso mesquinho existir pessoa compactuar crueldade naturaliza acontecimento redor ser cúmplice brutalidade imperdoável "" zona interesse obra extremamente difícil desconfortável incômoda pesada tirar zona conforto pensar refletir respeito valor vida atuar em ela atitude jonathan glazer entregar excelente estudo personagem cheio subjetividade demonstração bizarro sombrio mórbido humanidade.[28/02/2024"
Nelson J,1,roteiro contrasta vida calmo bucólica comandante nazista família campor concentração dirigir horror acontecer interior filme arrastar
Ravi Oliveira,2,zona interesse jonathan glazer proporcionar viagem pra distante filme historia principal durante guerra mundial comandante Auschwitz rudolf höss esposo hedwig esforçar construir vida idílico família casa vizinho campo concentração
Ricardo L.,2,glazer trás filme impactante ano mostrar banalização nazismo mostrar vencedor 2 oscar emsom bom filme internacional bom gênero
Anderson,2,dia dia protótipo família ditar normal pai mãe filho empregado conviver casa confortável belo jardim estufa abrigar lindo planta piscinar família diverte café manhã marido sair trabalho filho escola esposo iniciar administração lar ortodoxo ser fato residência lir jardim pomar contíguos muro campor concentração auschwitz dia dia normal transcorra emoldurar som grito lamento fumaça forno crematório nenhum imagem interno muro ser mostrar concretude explícito personagem espectador incômodo persistente normalidade percebi espantar tomar sentimento pena revoltar solidariedade vítima ocasião ver filme barbárie genocídio sionismo operar palestina estar obliterar passado geração futuro exclamem fizemos humanidade ter permitir ocorrência horror
Fabiana Almeida,3,genial cheio subjetividade pesadíssimo trilha sonoro filme absolutamente necessário
Mike Aguiar,1,mau    filme ver passar visão    intelectual    plano parar mostrar    vida feliz família ar indiferença    sofrimento    judeu filme terminar seco começar cansativo rumo roteiro ator péssimo casa moderno    is padrão    época francamente acontecer péssimo
Danieldesouzamacedo1977,1,filmezinho entediante filme 1:40h duração q 3:30h academia haver credibilidade ganhar oscar ® bom filme estrangeiro causar assunto holocausto decepção dar estrela haver opção
WagnerSantos,1,necessário cena chocante envolver holocausto imagem contraste de elas falar si deixar escancarar banalização horror ocorrer    Auschwitz
Robson Tomato,1,filme terminar perguntar tar      precisar preparar pra acompanhar rotina pacata familia fazer afazer diario empregar fazer afazer diário ... militar fazer afazer diário ... cachorro ser cachorro .. filme tentar impactar plano fundo crueldade fundo nazismo    ver 1000 filme assunto utilizar dl som muito ... conseguir .. kleber Mendonça dar aula som incomodar som redor importante achar acontecer filme    acontecer ver ... quase 2hora de aquilo tela salvar palma belíssimo indicação oscar
NerdCall,1,sutil perturbador reflexivo jonathan glazer optar retratar visualmente horror época apresentar auditivo sutil inquietante atmosfera desempenhar papel crucial filme proporcionar marcante contraste vida sonho outro grande genocídio história ‘ zona interesse ’ buscar fornecer lição histório instigar refletir chegar estar ir
Dennys R,1,trilha sonoro mico levi realmente marcante enredo esperar ser dinâmico gostar atuação fotografia trabalho sonoro assistir novamente valer ingresso conteúdo apresentado. ver cinema ✅ 7/10
Felipe,3,achar ótimo filme assistar falar vida normal familia nazista guerra mostrar horror podre familia
Marise Machado,3,filme precisar ver olhar perspicaz humanista várias camada exigir muito atenção leitura discutir genocídio banalidade
Cezar L.,3,filme retratar vida outro muro pouco mostrar filme pra rever sentir pequeno cena detalhe ... filme impactante luz sala cinema acender plateia mexer silêncio sepulcral ...
Cleber Duarte Coelho,1,filme interessante expor banalidade lembrar h. arendt lento filme razoável    ver novamente tampouco recomendar
leeh S.,1,filme estressante cansativo chato clímax nenhum lento ação enfim perca
Carlos P.,1,narrativa filme perfazer achar meia hora hora sentir ver bom filme histório sutileza agonia detalhe trazer filme recomendar virar termo clichê filme necessário forte forte consideror obra-prima quase soar poder curto(mesmo ter 1h40 lidar ter algum sugestão perder interesse filme filme certo repetir lógico mostrar vida família auschwitz apostar detalhe chocar impactante pecar detalhe pra eu conseguir entregar basear prometi
Álvaro Nobrega,3,filme simples estruturar cumpre papel propor expor visão de aquele participar apoiaram holocausto precisar expor explicita detalhe triste desumanização levar
Leonardo A,2,abordagem original dogmático passagem histórico campo concentração auschwitz recurso fotografiar áudio enriquecer experiência assisti-lo
Rodrigo Gomes,1,sutilmente sufocante perspectiva completamente original ver roteiro qualidade crítico implícito subentender durante processo cena fundo
c4rlc4st,3,zona interessar sutilmente perturbador trazer vilania crua humano pessoa cometer crime hediondo história rotineiramente trabalho simplesmente agonizante naturalidade pessoa lidar realidade banal principal mensagem filme trazer ideologia senso propósito capaz tornar pessoa indiferente crueldade ocorrer Campos concentração nazista termo manipulação corrupção dia atuais?essar camada filme trazer perspectiva realidade époco tenebroso tornar roteiro extremamente poderoso levantar questão moral quase cem ano ser aprender algum aconteceu?a fotografia ajudar contar grito silencioso desumanização enquadramento estéticamente hipnotizante destacar organização limpeza impecável casa general jardim radiante receber luz solar intenso vida variar espécie flor exuberância vida contrasta morte invisível fundo ironia potente filme achar difícil abordar guerra mundial cair clichês zona interesse quebrar expectativa afinal inúmero coisa filme falar guerra relevante
Rafael C.,1,pq ganhar oscar entender filma achar fraco fraco quase dormir rsrs
Lee,3,maravilhoso história real trilha sonoro ator câmera reflexivo excelente
Cleibsom Carlos,1,"pessoa tender pensar vilão louco andar babar gravata ... verdade gente gente prender vida entediante medíocre ser humanos enfim!é muito ingenuidade imaginar assassino ladrão estuprador ditador sanguinário peso consciência dormer noite poder confortar tipo asqueroso sono levar tranquilo anjo tranquilo dizer cidadão comum zona interesse funcionário padrão alto burocracia humano igual outro cumprir dever competência fato de esse dever construir crematório queimem pessoa indesejável rápido custo detalhe respeito incomodar zona interesse jonathan glazer expôsr creio intenção banalidade ser banal filme permitir sair comum tédio primoroso edição som coragem justamente mostrar rotina mediocridade cotidiano carrasco assassino idêntico autodenominar pessoa bem "" em este tempo julgar reto correto justo íntegro acima seguidor fiel mandamento deus ser deus filme deixar soco cara pessoa julgar ser perfeito atrocidade incluír rotina diário"
Diogo Codiceira,1,obra vencedor bom filme estrangeiro oscar 2024 mostrar comandante nazista família dia dia campo concentração muro colar casa filme focar atrocidade nazismo guerrar família tentar construir lar certo tranquilidade terror holocausto muro filme simples obra holocausto contar reagir atrocidade mundo olhar ter faltar lentidão mostrar decorrer obra excelente filme
Luiz Paulo Damaceno,3,pra eu filme audivel visual ... basicamente mostrar rotina família general n pior de eles q comandar auschwitz romantizar personagem falar humano normalizar romantizar crueldade quebrar som pesar fundo maquinário grito dor sofrimento chaminé fornalha corpo som pesar termo conteúdo audível mensagem passar campo concentração mostrar família morar de ele cena noturno sensação n vc silencio profundo aumentar audição impressãor q usar técnica global cancelamento ruír som ensurdecedor fornalha soltar fumaça labaredo máquina carregar chaminé fornalha iluminar noite filme laranja triste lâmpar neon.em resumo achei filme sensacional lembrar gnt aguçar    vontade n conhecer história humano conhecer relembrar fato ... reconhecer padrão social compartimentalismo forte filme indicar repetir qm estar esperar pessoa agir acontecer dnv.o pq filme atacar perverso mente ... aprender oq aconteciar nazismo ter mente imagem campo concentração usar corpo pra alimentar termoelétrica alemã invés carvão combustível fóssil comum época pesquisar época achar mto claro realmente acontecer ver rumor q falar q tar errado som máquina vc conseguir distinguir depender sensibilidade equipamento som conhecimento prévio gerador elétrico boiler fornalhas imagem termelétrico cena voltar tona cabeço cena general falar eficiência processo custo geração melhorar hora ver pensar poxa invés gnt enterrar pessoa pq gnt n gerar energia corpo de ele queimar mover usina processo barato eficiente sentir culpar abri mão ideia voltar focar filme
Daniel Bastos,1,"decepção sinceramente custo entender acontecer cinema moderno filme vazio assisti pra surpreendia total perda levar 1,5 fotografia"
Yuri,3,filme clássico marcante bom filme tempo atuação impecável sylvester stallone bom ator filme ação tempo valer pena assistir filme prender início histório elaborar envolvente
Maiko D,3,filme saga tornar se clássico existir alguém ver filme recomendadíssimo
Um visitante,1,trabalho sylvester stallone realizar bom performance personagem histórico    rocky balboar boxeador afastar ringue viver vida monótono muito preocupação ganhar dinheiro ameaça ápice filme retornar atividade iniciar novamente treinamento pesar cena clássico trilha bom longo filme assister em:27 outubro 2015nota:7.8/10
Anderson  G.,2,rocky 1 filme apos 40 ano conseguir expressar alto escala sentimental pureza filme simples encantar historia boxeador categoria conseguir relevante vida dia oportunidade provar rocky milhão chance agarrar fácil identificar fácil torcer fácil apaixonar completamente filme filme climax pra luta passar luta resultado irrelevante rocky ganhar perder superar limite alcançar sonho servir antologia rocky 1 moral poderoso mexe sonho americano atoa filme passar ano bicentenário independência    americana mesmo triste fria depressiva filadélfia registrar magistralmente diretor fotografiar james crab conseguir incorporar característica fundamental filme roteiro simples construer bobo desengonçar coração enorme rocky balboar conseue ninguem cheio lição trejeito incomodar empolgar telespectador caracterização otimo rocky personagem filme tentar provar Paulie Adrian Mickey desenvolver junto rocky roteiro carregar desenvolvimento individualidade personagem impecável tridimensiodade unico personagem direção ajudar roteiro otimo atuação vibrantes iconico unico empolgante trilha sonoro historia cinema compor bill contir impossivel citar encaixe primoroso obra vir hino franquia praticamente envolver boxe destaque otim montagem composição cena figurino maravilhoso maquiagem principalmente lutar frente ter maquiagem efeito rocky puro sentimento stallone brilhar filme ninguem roteiro escrever tr dia atuação primoroso Brucuto ano vir visto sinal filme ruim mostrar talento rocky espelho vida stallone atuar viver personagem criar maneira verdadeiro ver cinema rocky i    sucesso absoluto stallone nascer junto poderoso franquia ir criar futuramente filme aler aspecto técnico aritistico lição sentimento completar demonstração clarezo ideia problema verdade principalmente ritmo estreitamento ato rocky encantar mundo 40 ano simplicidade genuinamente verdadeiro tocante
Neto S.,2,rocky balboar sylvester stallone lutador Boxe medíocre trabalhar cobrador agiota chance enfrentar apollo creed carl Weathers campeão mundial pesos-pesados idéia oportunidade desconhecer golpe publicitário rocky decidir treinar modo intensivo sonhar terminar luta ser nocautear campeão otimo rocky lutador filme superaçao sylvester stallone personagem famoso filme excelente trilha sonoro rocky liçao vida recomendar assistir nota 9.7
Alexandre C.,3,filme excelente clássico nascer personagem épico junto nascer stallone ator 40 ano fazer filme sucesso bilheteria associar rocky musica filme
Felipe F.,3,bom filme atuação magistral sylvester stallone    roteiro compor trama trilha sonoro sensacional clássico bom filme esporte fazer quebra clichê filme gênero execpcional
Mary M,1,superestimar prender emocionar verdade passar filme entediar atuação stalone salvar filme eu claro fazer direção legal época bom gostar ser experiência pessoal realmente curto filme lutar focar boxe ver mundo falar filme ruim roteiro pobre encaixa superficial desconexo filme mediano entretenimento olharer recomendo goste gostar haver problema nenhum em isso gosto gosto
Ricardo L.,3,bom filme esporte tempo vencedor óscar bom filme ano lembrar vencer filme cultuar história taxi drive rocky maravilhoso
Carlos P.,2,avaliação legado filme hoje quase 50 ano muito soa simples clichê filme elucidar cinema quase população mundial escadaria escada rocky querer subir correr música tocar cabeça grandiosidade cinema maneira claro
Jorge Eduardo M.,3,clássico cinema lutador Boxe q lutar clube receber oportunidade vido deixar passar lutar campeão mundial oportunidade melhor sí bom    luta histórico excelente roteiro ótimo atuação fotografiar trilha sonoro
Vinícius d,3,clássico Cinemas filme ultrapassar esfera cinegrafia tornar se objeto    campanha motivacional musica virar sinônimo boxe vencedor ir restringir qualificar filme si historia cativo atenção prender atenção espectador historia personagem secundário envergonhar adrian indignar funcionario açougue Paulie interessar superação personagem adrian proprio balboar obviamente historia cruzar stallone obviamente lidar situação filme resgatar pessoa viver demorei assistir principalmente stallone esperar obra mediano por entrar ai trabalho redator diretor profissional envolver
Eduardo F.,3,marco grande filme história sucesso público crítico dirigir estrelar sylvester stallone vencer oscar bom filme ganhar bom continuação famoso rocky iv
Jhonathan C.,2,filme atuação empurrãozinho stallone precisar começar brilhante carreira de ele filme comovente lutador chancer mostrar potencial campeão mundial peso pesar apollo creed atuação burt young Talia shire
Lucas S.,2,falar filme famoso clássico ganhador oscar ótima pedida perseverar vida filme macho hehe
Leandro.o,3,sucesso stallone rocky lutador agrar início mostrar funcionar luta amador Boxe atenção público lutador fama buscar dinheiro lutar vida filme conseguir retratar bom filosofia vida usar linguagem popularesco trazer história realidade primeiros minuto apresentar protagonista história homem simples viver dura complicado luta amador Boxe trabalhar agiota cobrar divida humorado espectador criar afeição extremo importância narrativo rocky foco personagem filme dose homeopático personagem ser incluír química casal principal ajudar ritmo hora filme entrada apollo histório personagem característico roteiro excepcional ideia lutar astro Boxe lutador amador fama interesse apollo acabar tornar chance rocky vida genial procurar oportunidade brilhar filme desenvolver história protagonista detalhar mostrar treinamento rocky excelente roteiro crescer ir acompanhar evolução protagonista técnico lutar obra mostrar apollo buscar Busness lutar transforma- show luta produzer ser ato principal obra fechar chave ouro inúmero qualidade roteiro atuação desenvolvimento personagem trilha sonoro ambiente mensagem enfim alcançamos oportunidade lutar dê certo medo
CinefiLov❤️,3,filme clássico conto azar homem comum receber oportunidade único alcançar grandeza jornada rocky inspirador mostrar determinação perceveransar desafio stallone alcançar fama viver extremo pobreza chegar morar rua passar fome filme abordar tema Esperança amor redençãor buscar sonho americano
Cleibsom Carlos,1,filme certo vontade suportável sessão chegar admiração pequeno ideia rocky lutador comum ordinário atolar lodo demagogia vender certo exagero American Way of life filme ingênuo demagogo constrange
Paulo C.,3,tanto filme boxe bom dúvida bom emociono lutar simplesmente épico roteiro incrível simples cativante trilha sonoro inesquecível bom representação Boxe ver persistência disciplina superação filme simplesmente épico
Ludgero B,2,filme muitíssimo trilha sonoro arrepiar espinha filme mostrar espírito humano esforçar omelhor si
Falcão G.,3,exelente filme nao pq achar tao filme stallone tao ruim otimo filme    falar trilha sonoro otimo
Fernando D.,2,classico cinema trilha sonoro reverenciar hoje
Franklin  S.,3,excelente filme belo trilha sonoro mostrar superaçao determinaçao homem querer alcançar desejo lutador em do
Paolo De Corleone,3,clássico drama rocky obra arte gênero sombra dúvir bom filme Boxe existente ser show enredo show atuação show momento clássico ter dirigir filme ideia inicial sylvester stallone trás com si personagem complexo simples apesar entender objetivo afinco maneira magistral dúvir bom desenvolvido papel ator talia shire exigir Adrian interessante mudar personalidade desenrolar trama atriz conseguir representar Burt young apesar esteriótipo personagem favorito paulie figura complexo demonstrar várias longo 6 filme ator sinal excelente trabalho carl Weathers eterno apollo creed chegar difícil falar personagem apesar de ele parecer mero vilão filme original fã sequência identificar verdadeiro personalidade amigo carismático afetivo personagem inesquecível!em enredo fenomenal trazer assunto identificar filme brilhar início parar série bom desenvolver dúvida bom franquia ser eternamente bom história superação clichê técnica rocky tornar se clássico existir outro perfeito treinamento protagonista trilha sonoro magistral Bill contir fundo sinal bom existente sétima-arte característica especial facilidade filme obter momento eternizar cinema ser comentar cena treinamento soco rocky carne frigorifico simplesmente estrondoso adrian adrian longo momento único ficar mente telespectador rocky lutador marco cinema filme dever assistir ser fã drama fã Boxe simplesmente cinema clássico indiscutível
Roberto S.,3,simplesmente começar fazer haver quase 40 ano encaixar dia hoje
Mariano S.,3,filme rocky pedra 	  vi olho filme stallone comentar Boxe Centro roteiro superaçãor homem adversidade vida identifico personagem longo 30 ano história encontrar frustração decepção apesar possuir talento vejor título central interligar voltar história amor foco cara julgar bobo moça julgar tímido louco claro nome rocky levar pugilista rocky marciano escrever rocky mariano película basear história homem viver trilha anti-herói cena revelar penumbra periferio ofício menino recar cobrador agiota usar força cobrar dívida treinador perder Esperança boxeador chancer campeão apollo doutrinador convidar luta vida finalmente oportunidade 30 ano 	  vejor trinta ano pedra ofício literário negativo editora vida emocional fora advocacia mau pagador área vida balboar filme morar espécie cortiço despertar atenção ninguém ter talento vencer ringue luta garantiar sobrevivência luta constante sobrevivência lembrar lógico darwinista filosofia cientologio lei principal vida sobrevivência 	  comentário stallone roteirista falar rapaz muito simpatia briguento apesar roteiro original usar 10 alteração adicionar história amor puro casta irmã amigo trabalhar açougue apoiar conquista conquista força inteligência fato patinar junto declarar mãe dizer corpo dever buscar inteligência balboar falar inteligência pai falar corpo – resultar almas-gêmea lutar Esperança protagonista Esperança sonho atleta trinta ano idade avançar brasileiro desistir amor vencer hora boxe outro mulher ideal vida claro 1976 pessoa parecer inocente hoje ver amor vencer chamar superar apollo u aguentar golpe 	  rocky viúvo interessar voltar lutar aposentar dono restaurante sentir realizar hoje vezer escrever livro tomar importância especial manifesto sentimento advocacia balboa filho trabalhar empresa rejeitar ser conquista discurso fama boxeador golpes apesar personagem único insubstituível outro ator lembrar mojico brasileiro zé caixão insubstituível pedra filme superar dor limitação físico idade barreiro forte vencê-lo vida luta ringue vencer bom soco erguer troféu Orçamento uso ator próprio família stallone resultar vencedor Óscar bom filme claro boxe coadjuvante enredo lutar ensaiar dança bastidor cair levantar servir lição existencial pessoa jamais vestir luva boxe mariano soltys autor livro filme filosofiar
Luis R.,3,excelente!!!é sensacional assistir treinamento rocky trilha sonoro emocionante luta começar piada terminar embate gigante filme verdadeiramente motivacional tornar clássico
anderson j,3,rocky lutador filme predileto filme despertar distinto emoção verdadeiro apaixonante direção John g. avildsen precisar conseguir transmitir simplicidade philadelphia rocky viver muito paixão stallone dúvida    papel vida aliás tratar personagem rocky conseguir proeza personagem bom carismático magistralmente desenvolvir música bill contir milagroso coreografia lutar cereja bolo filme emocionante engraçado inspirador transformador dizer rocky acrescentar vida pra eu ápice qualidade filme acrescentar vida rocky filme simbolizar esperança nascer oportunidade
Alex FreireRP,3,maravilhoso história superação clássico toa assisti semana 2014 filme continuar atual ver arrepender
Mateus B,2,exelente bom filme motivação ver chamar atenção filme roteiro atuaçoes exenplar thalia Shire silvester Stallone.pra eu remake rápido.outra importar idade identificar filme
Leandro Tavares Vasconcelos,3,"filme inesquecível bom série!!!é drama comovente bom dose humor contar história lutador solitário muito sorte vida ganhar único chance mudar vida sylvester stallone atuaçâor impecável ´ Garanhâo italiano´,e carl Weathers ótimo apollo creed restante elenco rocky filme amor stallone talia shire química perfazer falar maravilhoso trilha sonoro enfim rocky clássico inesquecível"
Thiago Ferreti,3,épico drama esportivo vencedor oscar bom filme justo sylvester stallone escrever ess roteiro incrível dar vida protagonista rocky balboar excepcional     trilha sonoro impecável combinar filme apesar orçamento roteiro dedicação stallone passar
Weber R.,2,assistir novamente 27/02/2016um clássico cinema trilha sonoro ótimo merecido oscar bom filme
Rondinelle R.,3,dúvida bom filme tempo história lindo muito gente pele ricky balboar lutar vida
ValeAssistir,2,clássico filme Boxe rocky realista objetivo precisar vencer precisar portar dignidade mostrar patamar campeão atingir objetivo arriscar rocky começar alguém medo melhor caso ser suficiente tornar alguém suspeitar bom suficiente alcançar objetivo disposto testar descobrir vale pena olhar apolo creed subestimar adversário seguro si ocupar comercial luta acabar chegar despreparar luta
Franc Moura,1,chato gente assistir filme clássico aclamar crítico gostar imaginar ir apesar achar filme rocky agradar imaginar achar metade filme marcha lento iniciar preparação pra luta apollo filme melhora substancialmente ficar interessante envolvente desenvolvimento personagem história trilha sonoro marcante filme agradável considerar excelente vale pena assisti-lo
betolani,1,bom serie cinema ess filme emocianate prender    voce tambem gritar rocky junto plateia filme nao sao tao bom valer pena realmente otimo serie
alvingalo,3,filme favorito maravilhoso
Murilo Dias,2,filme revelar stallone mundo coroação bom filme stallone roteirista pegar filme vida balboar trazer vontade vitória assistir deixar gosto querer saga continuar luta principal lutador saga
Vito Zanotti,2,filme primeiros 40 minuto drama romantico lutador ser ruim ai 1 hora filme começar rocky preparar pra luta Pau pau trilha sonoro incrivel bom filme resumo filme lutar nota 8
Adriano Côrtes Santos,3,pobre criatura 2024 dirigir yorgo lanthimos adaptação audacioso excêntrico história frankenstein forte ênfase tema autodescobertar identidade liberdade trama seguir bella Baxter mulher recém-ressuscitar cérebro criança embarca jornada empoderamento reconstrução pessoal performance Emma stone bella impressionante capturar complexidade emocional personagem filme destacar direção arte inovador misturar elemento humor negro crítica social estética visual vibrante lanthimos explor habilidade tema profundo corpo liberdade elenco contar atuação memorável Willem dafoe Mark ruffalo adicionar camada narrativo abordagem radical poder polarizador pobre criatura obra arte provocador estilo único refletir inquietação contemporâneo identidade restrição social direção impecável elenco brilhante trama envolvente filme experiência cinematográfico inovador conquistar prêmio reconhecimento ousadia
Nelson J,3,filme roteiro criativo excelente interpretação valer minuto perca emma stone candidata oscar total domínio cena Willem dafoer criador mark ruffalo cômico drmático Ramy youssef encaixar tanto talento
Adriano Silva,3,"pobre criatura poor things 2023""pobres criatura dirigir yorgo lanthimos escrever tony mcnamar basear romance 1992 alasdair gray enredo seguir bella Baxter Emma stone jovem ganha vida transplante cérebro embarca odisseer autodescoberto yorgos Lanthimos cineasta marcar excentricidade extravagância filosofio eloquência construir obra trivial convencional muito flertar bizarro complexo místico profundidade personagem estudo personagem de esse característica obra sobressaer lagosta 2015 sacrifício cervo sagrar 2017 favoritar 2018).em pobre criatura yorgo atingir ápice bizarro estranho místico criar releitura clássico frankenstein refletir limite ético moral ciência fragilidade humano principalmente fragilidade masculino imagem feminino sociedade patriarcal principalmente abordagem percepção mundo imoral injusto alheio várias vertente criação criador obra yorgos classificar frankestein sexualizar espécie frankenstein século xxi acompanhar fascínio autodescoberta protagonista aliar contexto subvertir lógico fato próprio descobrir vivenciar avanço trama excelente direção yorgo aliar bom roteiro tony mcnamar roteirista favorito junto constroem obra convencional principal característica estranheza roteiro livre amarra rótulo justamente seguir convencional cruzar linha comédia drama mistério improvável romance roteiro tony sobressair saltar olho conseguir dosar pequeno pitada comédia sombrio comédia dramático surrealista toque humor negro misturar sátira sarcasmo ser provocativo desconfortável incisivo criar linha cruzar místico ficção científico fantasia fábular visão profundo conseguir divertir impactar roteiro conseguir manifestar mesmo proporção entretémr "" pobre criatura bom filme assisti último ano desenvolvimento roteiro personagem estrutura narrativo conseguir construir personagem desenvolvê-lo medida certo fazer belíssimo estudo principal característica construção desenvolvimento bellar Baxter roteiro abordar principalmente autodescobertar autoconhecimento amadurecimento profundidade perdo inocência desejo liberdade conhecimento vida dúvir visão singelo peculiar jornada emancipação feminino viagem excêntrico descobrimento liberdade feminino histório passar vitoriano jovem grávir cometer suicídio pular ponte resgatar médico cientista dr. Godwin Baxter Willem dafoe cérebro remover trocado cérebro desenvolvimento filho gestação ser bella corpo mulher existir entrar interessante roteiro justamente desenvolvimento bella praticamente criança ser bella age pessoa problema mental corpo adulto mentir criança atitude criança comportamento criança corpo de ela estar sincronizar corretamente cérebro explicação dr. Godwin bella precisar aprender princípio andar falar comer comportamento respeitar obedecer regra impor dr. Godwin figurar dr. godwin princípio ver bella criador pai deus portar perante chamar god"").a acompanhar jornada bello Baxter bagagem emocional social sentimental experiência vida domínio dr. godwin ser nascimento criatura mostrar monstruoso aparentemente casca cheio camada puro singelo meigo encantador interessante roteiro produção filmagem projetar transplantar telo escolhar representar começo histório bella Baxter filmagem preto branco takes profundo dimensionar fragilidade vulnerabilidade inexperiência criança desenvolvimento autoconhecer autodescobrindo interessante notar bella desenvolver passar chegada excêntrico advogado duncan Wedderburn mark ruffalo trazer verdadeiro mudança vida bello Baxter convite justamente esperar aventurar mundo embarcar odisseia surrealista autodescoberto libertação mudança filmagem colorir bella ganhar vida ganhar cor simbolizar libertação bello garras dr. Godwin outro prestes conhecer outro prisão yorgo Lanthimos condensar fase vida bello Baxter exploração sexualidade personagem autodescobrir curioso observar bella dar salto composição fase vida obviamente limitá-la conhecer corpo próprio desejo sexual naturalmente despertar desejo infinito conhecimento discernimento ditar próprio sociedade perante descoberta vida bello Baxter mergulhar desejo sensação físico despertar curiosidade ato sexual certo autoconhecimento autodescobrimento analisarmos friamente cena sexo pudor cena gratuito etapa evolução conhecimento curiosidade explorar mente corpo deixar criação desprover inteligência ganâncio aceitação próprio próprio desconforto vejor filme romantizar prostituição vejor desrespeito pauta mensagem feminino acreditar obra projetar aspecto perspectiva ótico próprio feminino liberdade sexual acreditar projetar poética filosófico ser pauta polêmico roteiro pobre criatura presença emma stone?emma queridinhas hollywood ganhar oscar papel badalar la la land 2016 acumular várias indicação prêmio festival premiação cinematográfico emma stone trabalho soberbo fenomenal personagem forte representativos próprio mia la la land cruella vil cruella 2021 abigail hill favorito personagem favorito preferido carreira considerar merecer oscar personagem la la land bella Baxter acabar tornar personagem preferido emma considerar bom atuação carreiro Emma stone incorporar muito grandeza muito maestria bello Baxter filme precisar sustentar atriz conseguir transparecer crescimento personagem sintoniar desenvolvimento roteiro conseguir tarefa absurdamente impecável perfeito emma constróir atuação pautar junto desenvolvimento personagem ingenuidade inicial inexperiência ir criança passar espécie crescimento florescer reflexão melancólico vida adulto emma seguro convincente arrojar exibir interpretação rico expressão corporal linguagem corporal trejeito gestual timming cômico medida certo impossível apaixonar brilhantismo Emma stone pobre criatura conseguir dosar cena roteiro pedir passar personagem vulnerável inexperiente processo amadurecimento desconstrução descaracterização tornar idealista utópico ir linha evolução físico mental prazer sexual moralismo culpa emma evoluir altíssimo patamar personagem lendária icônico cenário cinematográfico obviamente bello Baxter ficar marcado estigmatizar monstruoso irretocável interpretação preciso confessar torcida estatueto bom atriz completamente lily gladstone excelente personagem killers of the flower moon cativar profundamente preciso registrar oscar obrigatoriamente Emma Stone Justiça atuação personagem ficar marcar história cinema mestre Willem dafoer enciclopédia cinematográfico arte atuar realmente impressionante qualidade performance pobre criatura dafoer médico inteligente cientista brilhante espécie pai extremo proteção filha criador cuidado excessivo criação manter aprisionar mundo dafoe trazer veia cientista complexo ingênuo egoísta maldoso arrogante mesquinho exibir extremo obsessão criação atuação impecável mestre dafoe!já mark ruffalo bom personagem cena ficar emma stone claro mark advogado meticuloso sedutor maquiavélico figura cafajeste prepotente querer aproveitar bella fisicamente mentalmente passar ir conhecer fundo personagem descobrir quão fútil raso vazio excelente trabalho mark ruffalo render indicação oscar ator coadjuvante completar elenco Ramy youssef série ramy mr . robot max mccandles noivo bella personagem interessante ter nuance camada christopher abbott cair noite alfie Blessington marido victor Blessington mulher dona corpo atual personagem completamente asqueroso odiável manter esposo propriedade exibir dono controlador praticamente carrasco bella transplanto cérebro bode encerrar margaret qualley série the leftovers felicity experimento científico dr. Godwin interessante observar conversa dr. Godwin max Mccandles max achar dr. ser cruel criação dr. afirmar cometer erro bella permitir sentimento em ele desenvolvessem felicity praticamente criação inúmero animal bizarro!outro engrandecer obra yorgos lanthimos qualidade técnico filme yorgos trilha sonoro original compositor filme anterior usar música existente trilha sonoro compositor jerskin fendrix músico pop estreia longa-metragem impregnar mente chegar deixar desconfortável som estridente toque fino penetrante ser repetitivo fatalmente proposital real intenção trilho sonoro cinematografia absurdamente perfazer fotografia robbie ryan diretor fotografia favorito acompanhar muito eloquência cena ser extravagante hora certo compor tomar cena valer direção arte abusar cenário grandioso montar figurino extremamente marcante encaixar perfeitamente realidade excêntrico extravagante história longa-metragem roteirizado possuir direção impecável montar excelente edição ótimo cenografia perfeito ambientação "" pobre criatura ganhar leão ouro festival internacional cinema veneza globo ouro filme receber indicação ganhar bom filme musical comédia bom atriz filme musical comédia Emma stone criticsr choice awards longo receber indicação vencer bom atriz receber indicação bafto indicação oscar ser figurino edição maquiagem fotografia trilho sonoro direção arte roteiro adaptar direção ator coadjuvante atriz claro bom filme "" pobre criatura arrecadar US$ 33,1 milhão Estados Unidos Canadá US$ 68,8 milhão território totalizar US$ 101,8 milhão mundo encerrar afirmar yorgo lanthimos trazer bom filme carreira ousadia competênciar inteligência relevâncio junto Tony mcnamaro entrega belíssimo obra arte cinema obra-prima cinema moderno saber quebrar estereótipo quebrar barreira descontruir imaginário popular obra navegar propriedade comédia drama fantasia ficção científico romance dúvida pobre criatura passar entrar história cinema listar filme lendário icônico virar verdadeiro clássico cult amar inúmero cinéfilo "" pobre criatura obra fascinante colossal eloquente apoteótico excêntrico extravagante perturbadora desconfortável provocativa empregar narrativa poético filosófico texto preceito vida autoconhecimento autodescobertar aceitação redençãor desconstrução descaracterização humano bella Baxter personagem ficar marcar mente feminino criar explorar diversificar retomada mergulhar amadurecimento descobrimento liberdade feminino falar lição trajetório evolução crescimento próprio clama igualdade libertação olhar moralista ético presente sociedade "" pobre criatura obra-prima respirar cinema poético filosófico categórico incisivo![01/03/2024"
Giselle Leigh,1,filme merecer nota horrível filme longo arrastar história ruim monótona superestimar crítico razão filme total perda aliar haver mau gosto valer pena assistir
Rhenner B,1,filme completamente dispensável longo cansativo chato história completamente inútil narrativa arrastar entediante coisa sentido muito cena sexo digno filme pornográfico categoria misturar filme ter pretensão filme arte sair cinema haver sensação    arrependimento perder decepção
Dennys R,3,obra-prima.emma stone entregar bom atuação carreiro yorgos lanthimos bom trabalho carreira
DUDU SILVA,2,atuação fantastico emma stone humor caracteristico pobre ctiatura visual brega divertir momento
Ricardo L.,3,bom filme 2024 cena bonito último ano dançar Emma ruffalo cair queixo interpretação incrível homenagem claro tarantino pulp fiction pobre criatura essência puro arte obra primo
Leonardo Dalla Porta,1,pobre criatura aposta estético esquisito conseguir    fugir comum esperar filme demorar pra engrenar hora explicativo sal melhora perder focar descoberta    sexual protagonista legal alto desenvolver    atuação emma stone diferenciar categoria    técnica fraco estética bizarro proposital filme    desvalorizar fotografia achei terrível 4:3    excesso lente ultra-grande-angular compreer ideia direção querer passar    vender ruim    assistir ter elenco estrela    ter ser lembrar
Ravi Oliveira,2,pobre criatura impressionante jovem bella Baxter trazer volta vida cientista dr. Godwin Baxter querer mundo fugir advogado viajar continente livre preconceito época bello exigir igualdade libertação trabalho direção junto cuidado mínimo detalhe filme direção yorgos lanthimos proporcionar longa-metragem indescritível
Kleber L.,2,conto far pós-moderno passado distópico princesa rebelde pleno gozo literalmente livre arbítrio niilista belo tocante parabéns yorgut lastimo ... hihihi
Anderson  G.,2,poor things filme peculiar excelente diretor yorgo lanthimos espécie frankenstein século xxi subvertir lógico monstruoso explorar tentativa alma manter puro sociedade impura diretor haver abordar tema semelhante filme dente canino atuação excelente representar bom momento carreira Emma stone Mark ruffalo desempenhar papel outro destaque construção cenário estilo retrofuturista repleto referência metrópoles mesclar efeito visual propositadamente simples efeito alto qualidade criar constantemente sensação desconfiança fotografia buscar ângulo abrir distópico polêmico cena envolver sexo explicar dirigir filme premissar bom estilo ficção científico percorrer gênero incluir terror comédia romance drama formar obra completo apesar perfeito período repetição criatividade yorgo Lanthimos buscar inspiração livro ano 90 criar filme atemporal nota 9/10
Renato Ferreira de Almeida,1,mau filme assisti vida filme contar excesso cena função chocar pobre coitado pagar assistir obra cansativo filme buscar inteligente junção mensagem vazio falacioso recomendar filme mau inimigo arreper fazer igual casal sair filme metade bom opção único positivo cenário
Leonardo Araújo,1,começo achei filme bost4 ... cativar prender atenção resultado gostar muito cena engraçar contar ingenuidade personagem sala inteiro rir cenário legal ambientação top emma stone mandar filme atuação show mente filme ficção convencional cabeça abrir assistir resto divertido valer pena
ramon rodrigues,1,filme 11 indicação oscar cinema crítico morto qualidade valorizar contexto história triste filme revoltante sombra dúvida milhar filme assisti contexto decepção pior filme assisti vida percar
Jackson A L,2,filme lembro assistir protagonista Emma Stone mentira 2010 época achar ruim atuação hoje possuir estatueta bom atriz pobres criatura atuação único particular viver bella Baxter criança corpo adultar filme cheio nuance Lanthimos deixar filme acaso representar simbolicamente show atuação elenco
Dudu S.,2,"pobre criatura filme doido bizarro precisar história essa""""frankensteiner personagem clássico pessoa ouvir falar de ele algum surgir literatura protagonista romance terror escrever mary shelley cinema várias adaptação personagem consequênciar longa-metragem pobre criatura dirigir yorgo lanthimos adaptação livro alasdair gray inspirar aclamar romance shelley história pobre criaturas?baseada livro homônimo alasdairr grey referenciar clássico frankenstein história passar vitoriano acompanhar bella Baxter interpretar emma stone trazer volta vida cérebro substituir filho nascer experimento realizar doutor godwin Baxter Willem dafoe cientista brilhante ortodoxo querer conhecer mundo jovem fugir advogado Mark ruffalo viajar continente exigir igualdade libertação roteiro sensacional história parecer frankenstein filme mulher protagonista personagem ressuscitar cérebro bebê começo trama ver bella viver casa dr. Godwin Baxter trazido volta vida dificuldade andar corretamente falar exibir comportamento infantil conforme bella evoluir descobrir coisa decidir sair descobrir mundo bello fugir advogado começar jornada mundo de aí apresentar mundo narrativa acontecer bella longo realizar maestria tarefo mostrar ingenuidade bello apresentar ela situação social precisar adotar certo comportamento conhecimento adequado de esse cenário conhecer mundo coisa funcionar adequado amadurecer bella colocar várias situação obrigar aprender lidar de ela advogado desenvolver amadurecer desejar livre imposição sociedade arco narrativo bella construir começo longo bella começar jeito totalmente diferente trajetória transformação sofrer jornada fazer direção arte excelente cenário construir longo retratar fielmente época narrativa passar tornar verossímil ajudar espectador compreender história ocorrer passado figurino excelente filme passar vitoriano roupa personagem usar semelhante vestuário época maquiagem filme incrível principalmente Willem dafoe espectador realmente acreditar dr. cara desfigurar cheio cicatriz fotografia sensacional filme começar preto branco personagem bello conhecer mundo fazer transição cor mudança ótimo recurso preto branco representar início vido bello marcar confinamento casa doutor mudança cor simbolizar jornada descoberto apesar longo sombrio colorir uso cor fazer maestria significado capaz gerar diferente sentimento sensação presença cor contribuir construção ambientação filme enquadramento fazer utilizar eficaz plano geral frequentemente empregar mostrar cenário apresentar mundo passar trama plano fechar aplicar maneira eficiente mostrar emoção expressão personagem enquadramento recorrente colocar personagem círculo assemelha olho enquadramento gerar várias interpretação significado alguém estar observar personagem olho observador certo poder se argumentar espectador participar história observar personagem ambiguidade permitir espectador interprete maneira edição filme montagem organizar deixar claro história estar bella deslocar país outro informar corte executar garantir narrativa progrida fluido proporcionar ritmo agradável dinamismo trilha sonoro longo variar acordo acontecer cena bello situação descobrir música transmitir sensação novidade bello enfrentar situação desafiadoro perigoso trilha proporcionar sensação tensão ator trabalhar principalmente Emma stone mark ruffalo emma Stone brilha papel bella Baxter conseguir mostrar evolução personagem atuação demonstrar mudança comportamento bella indicar oscar bom atriz favorito levar estatueto Mark ruffalo interpretar advogado performance apresentar natureza advogado lidar bella conhecimento mundo filme dirigir yorgo lanthimos possuir obra cinematográfico exceção direção caracterizar estilo yorgo utilizar diversos elemento recorrente trabalho personagem adulto atitude infantil comportamento estranho ocasional explosão violência longo uso travellings técnica marca registrar projeto anterior pobre criatura filme doido bizarro ser ruim simplesmente diferente estar acostumado ótimo entanto comum espectador ter experiência diferente ir gostar"
Patricia A.,1,pensar filme ruim criar pra lacrar quase 3 hora puro horror tédio percar dinheiro
JØN∆§,1,pobre criatura cineasta grego yorgo Lanthimos comédia dramático surrealista protagonizar ótima emma stone opinião filme fraco lanthimos junto sacrifício cervo sagrar muito molecagem pra conteúdo ... problema filme mensagem contraditório imoral devido livro adapta(que ler modificação fazer diretor roteirista pra ousadia tema moderno trama mensagem aliás torto pouquíssimo sútil ser design produção excelente atuação stone filme filminho militante medíocre diretor filme bom lagosta favorito recomendo valer pena
Carol3samm,1,achar filme decepcionante vida principalmente ser doloroso atuação incrível emma Stone merecer oscar de ela ruffalo merecer história problema filme tentar vender libertinagem belo empoderamento personagem feminino belo atuação Emma cérebro criança personagem ilusão disfarçar normalização romantização abuso infantil fazer cinema adaptar lolita sentir intenso repulsa ânsia vômito durante sessão personagem criança mentir “ fã “ filme peçar reimaginem criança idade mental papel emma stone tentar nojo impossível    lembrar ocasião discuti acalorar colega homem acreditar incrível parecer garota 13 ano corpo mulher dever liberdade sexual “ corpo tar pronto mulher tar pronto ” simplesmente nojento
Lilian,1,mau filme assisti último tempo ruim arrastar atuação emma Stone mau história inútil graça filme ridículo nojento
Camila Marques,1,filme ruim maluco desconexo sinopse algum teor filme fato de ela sentimento elatopa relacionar sexo detestar
Daniele Brito,1,gostar filme atriz papel gostar cenário figurino .... vazio conteúdo filme chato assistir novamente pagar pra cinema soubesse exagero cena sexo gente pensar tar tá entendi cadê história emocionar ri .... filme mornar
renatasuelem,1,pano Fundo história ok filme ruim cansativo acar tornar completamente repetitivo
Arthur,1,filme horrível cansativo sentido pobre criatura pagar assistir porcaria filme nota 8.4 imbd indicação oscar mostrar quão podre indústria filme
Art Drusila,1,sentir pobre criatura assistir narrativa feminista deturpar enfadonha bestializado resumir liberdade feminino dezena cena sex0 figurino fotografia merecer elogio cinema morrer filme acelerar processo
Robson G,1,horrivel péssimo crítico pra gostar cinema pior saudade tempo filme ter conteúdo
Rod Tol,1,piore filme ver titulo referir espectador pagar assistir recomendar
luiz leal,3,excelente filme excelente elenco conseguir traduzir jornada emancipatórer cor movimento experiência rechear referência filosófico filme conseguir trazer crítica social misturadas percepção jornada protagonista intenso cativante sombrio filme escondar privilégio social inserir mistura terror sedução riso sincero incômodo filme trazer intenso simbólico explícito indicar procurar distração filme banal óbvio conservador medíocre indicar afim pensar
Rodrigo Alves,1,filme perder ilusão feminismo burguês terminar entregar vergonhoso ode neoliberalismo prostituição apresentar emancipação mulher pueril mostrar revés associar condição exploratória filme ter prestar voz propagando encontrar barreira moral demagógico barreiro sociedade ocidental banqueiro fato estiver anunciar mulher percar empreender próprio corpo próprio meio produção emancipar patriarcado macho tóxico dominação capital cinicamente aceitar natural inatural mundo ... segmento ato insistir propaganda exagero dose marketing poder passar desperceber emma stone entregar script propagandar ser em este termo oscar certo  
carlinhosmcz,1,filme comum atuação Emma stone história simples rechear sexualidade valer assistir filme indicar
Rodrigo Gomes,1,interessante original extenso acabar cansativo empoderamento mover história ficar abusivamente sexualizar pra apresentar instinto básico humano curioso dizer
MAGRAOBL,2,24/04/2024r star plus]gostar filme fotografia cenografia fantástico elenco emma stone brilhante Willem dafoe gostar direção yorgos lanthimos modo conduzir filme usar olho peixe deixar certos momento bella Baxter estar ser observar eu sensação ...
Anderson,2,fábula produzer extremo esmero god Willen dafoer frankenstein simultaneamente criador criatura reviver suicídio bello Emma stone implantar crânio cérebro bebê grávir alcancer finalidade criar junção corpo distinto cachorro cabeça ganso deslocamento parte corpo permitir acompanhar desenvolvimento físico mental caso principalmente sexual bebê implicâncio ordem moral de aí acompanhar evolução transformador fase adulto impor se frente personagem masculino permanecer imutável procurar sucesso aprisioná la mantendo-a distante influência Godwin encarnar papel pai super protetor max futuro marido desejar intocado duncan homem propor dono corpo personagem pequeno transitar domínio bella feminista concreto feminista teórico desejar ser haver destacar discussão gerar cena sexo indispensável pretender história creditar único exclusivamente freio moral de aquele perder blá-blá-blá ser trabalho hercúleo juíz academia hollywood escolher óscar ir premiar filme merecer
Rodrigo Barroso,3,yorgo Lanthimos predileção evidente explorar comportamento extremo cenário transpir perfeição ser recanto tranquilo subúrbio dogtoothr ambiente clínico the lobster grandiosidade opulento the favourite dicotomia marcante expectativa social complexidade naturezo humano intrigar ele profundamente recente trabalho poor things conflito atingir ápice excentricidade entretenimento filme verdadeiro desfile peculiaridade atuação diálogo detalhe produção figurino entanto excentricidade lanthimos confrontar estranheza estabelecer conexão genuinamente humano protagonista bello Baxter anseiar autodescoberto buscar genuinamente identidade próprio relacionamento autêntico livre manipulação premisso poder parecer familiar execução repletar reviravolta inesperar ambientado londr vitoriano filme seguir jornada bello interpretar emma stone viver elegante residência excêntrico cientista dr. Godwin Baxter viver Willem dafoe complexo godwin desempenhar papel mero tutor longo trama bello influenciar diversos homem incluir max mccandles interpretar ramy youssef Canalha duncan wedderburn viver mark ruffalo max representar figura duncan envolver extravagante jornada mundo resumir principalmente encontro íntimo stone entrega performance excepcional navegar habilmente diferente estágio evolução personagem inocência inicial libertação sexual interpretação técnico emocionalmente precisar cativar audiência fazer torcer bello lutar opressão patriarcal crescente poor things obra cinematográfico extraordinário cena obra-prima si mesmo recomendar filme vivamente procurar experiência cinematográfico único memorável
Biagioconsultoria,1,horrível perca ... cena exagerar sexo ... deus aguentar bella pular filme falar f@d#r!!outra ... filme apologia pedofilia ? .. cérebro bello criança acrescentar ... sociedade doente deus realmente pobre criatura
Gustavo,1,filme repugnate ridículo dar vergonha alheio assistir lembrar assistir apelativo desnecessariamente pornografico exacerbadamente culto ato admiração beleza cena nojento esposo conseguir terminar filme saímos faltar 40 min tentar esperar melhorar pra mau cult aclamar filme entao cult nunc
renato s.,1,dever tratar criança experimento dever sexualizar criança aproveitar maturidade normalizar pedofilia normalizar figura patriarcar opressor pornografia oscar
Lindomar Guimarães de Jesus,1,piore filme ver valer longo chato arrastar quase pôrno ...
Rayanechrist,1,detestar ideia filme liberdade conhecer mundo genial transição personagem mente infantil mentir adulto extremamente sexualizada achar prevalecer deixar ideia central de ela querer explorar mundo agulha palheiro achar péssimo massante assistir cinema acabar ruim
Aldeane E.,1,poder lançar bom amigo nemo ficar preso saco plástico /lancem
Francisco F.,3,obra primo desenho animar filme alegre colorir divertido inesquecível enredo procurar filho emoção sentimento contagiar família transmitir bom lição criança
Raphael N.,3,"procurar nemo obra primo pixar vista narrativo visual visualmente falar espetáculo levar consideração tecnologio époco principalmente pensarr quantidade animação água fazer posteriormente estúdio de elas chegar pé beleza nemo qualidade gráfico superior apresentar próprio disney-pixar moano procurar dory dinossauro "" roteiro magnífico execução Beira perfeição filme começar dar murro boca estômago cena inicial hoje forte triste pixar peso traum início rapidamente gente aproximar Marlin entender perfeitamente superproteção nemo desenrolar trama filme apresentar série ótimos personagem secundário nenhum unidimensional camada propósito importante trama destaque merecer dory tratar cuidado roteiro direção perder graça ficar irritante ganhar arco complementar protagonista falar graça filme ótimo timing cômico piada dosar divertar adulto pirralho igualmente usar humor bobinho piada pum humor difícil captar cena tubarão representar alcoólico anônimo roteiro arriscar colocar diversos subtrama deixar ponta soltar subtrama servir trama principal pra fechar chave ouro último cena 
  spoiler 
   nemo Marlim dory salvar peixe rede pescador 
  fechamento arco principal arrancar força lágrim olhos trilha sonoro merecer estatueto oscar dúvida extremamente original marcante reger tom filme navegar tensão levezo aventura melancolia melodia fluir ornar lindamente som ondas encontrar defeito procurar nemo suspeito falar animação favorito vida ficar dica façam revisita clássico disney-pixar"
Dennys R,1,animação incrível atentar detalhe valer pena conferir
Vinícius d,2,divertido animação clássico cinemas pixar peixe palhaço desenho animar tubarão dory comédia filme participante clube bom animação digital detalhe gráfico animação basear tecnologia moderno desenho ano 2000 manter    humor sacar bom empolgar criança tio adulto assistir
Ryan,3,incrível lembro assistir diversos infância sentir sentimento esperançr Busca nemo hoje ano assisti novamente contar citação filme discurso motivação surpreendi filme passar mensagem incrível conseguir divertido inteligente encantador principalmente atemporal
Sandro P.,2,ótimm animação feita desenho divertido alegre assistir público adulto
Estevan Magno,2,animação oceano bonito emocionar pai filho reencontr cansar desenho cansativo lir filme pixar trilha sonoro fortemente usar indústria parabéns Marlin filho oceano acha-lo coração
Paulo,2,sensacional aventura fundo mar falar amizade pai filho
Thomas Jefferson,3,bom filme animação apesar filme mundo telespectador ser superientendido personagem fazer filme tornar literalmente filme divertido elegante duradouro    procurar nemo erro acerto
Antonio A.,3,eita filme gostoso assistir super família agrar cheio adulto criança crescir ... escrever trabalho gráfico excelente produtor
Um visitante,1,novamente filme animação disney parceria pixar trazer animação direção divider responsável Andrew Stanton Lee unkrich ter trabalhar vida inseto personagem parecido ambiente diferente procurar nemo visualmente bonito aproveitar cor ajudar tom azular fundo Mar viajar história superação principalmente buscar desesperar pai reencontrar pequeno peixinho palhaço chegar pai passar lugar perigoso conhecer pequeno ser ajudar longo de ele dory peixinhar tagarelo memória apagar minuto minuto ser divertido filme
Leon K.,3,classico animação!impossivel emocionar pequeno nemo luta hilario dory irritar chato    ta lista bom filme ja Assisti final?ah so ver rs
Lohanne C.,3,filme assistir ate decorar fala cansar assistir
apenasumr,2,outro clâssico disney filme recomendar ver
Neto S.,2,passado reserva triste memória Marlin recifes coral perder esposo ninhado criar único filho nemo cuidado mundo pequeno simpático peixe-palhaço acabar exagerar durante simples discussão acabar ser capturar mergulhador pai super protetor precisar entrar ação buscar incansável mar abrir Esperança encontrar amado filhote acabar conhecer dory junto duplo viver incrível aventura nemo viver intenso experiência amigo habitante aquário precisar ajudá-lo escapar destino reservar parar mão terrível darla sobrinho dentista capturar procurar nemo otimo animaçao divertido rever nota 9.0
Luis R.,3,excelente!!!os personagem carismático piada inteligente aventura cativante recriação digital mundo subaquático beleza habitantes extraordinário
Victor N.,2,achar filme animação pixar excelente
Pablo M.,3,inesquecível bom animação fazer história cativante divertido ótimos personagem
Luiza G.,3,história ótimo engraçado animação entretémr idade recomendo assistar
Mateus B,2,duvidar bom filme animação achar pixar numca mostrar animação bonito efeito especial recomendar
Daniel W.,2,animação historio computação personagem filme bonito merecedor oscar melhor animação
Camilla M.,2,gostar filme personagem bom história surpreendentemente
jhonyborba,2,genial duvidar bom
Marcos Aurélio,3,perfeito perfeito perfeito bom filme história cinema mundial perfeito perfeito
Lukas Henrier,3,pra eu bom pixar impressionante filme cena engraçar comovente ...
drigosr,3,"pixar melhor emocionar dizer emoção chorar tipo de ela alegrio felicidade tristezo reflexão procurar nemo viver carrossel emoção prólogo filme presenciar cena triste cortar coração afinal ... 
  spoiler 
  imaginar tristeza perder filho ficar sozinho 
  fórmula disney pixar inundar literalmente rs tela apresentar personagem cativante engraçar animação trama simples objetiva cativo criança adulto momento engraçar grandioso inteligente personagem central claro nemo pai Marlin companheirar Marlin dory roubar cena característico único possuir transtorno memória recente deixar engraçado cativante técnica filme ótimm qualidade animação pixar saber oferecer efeito sonoro trilha sonoro ser fazer procurar nemo filme pixar bonito engraçado emocionante tecnicamente perfeito principalmente reflexivo totalmente recomendar"
Sidney,1,cacetar procurar nemo pq filme bomba lindo história criançado adorar desenho amar filme tbm transmitir lindo mensagem pixar arraso brincadeira recomer
Meiriellen N,3,nota 1000 amoooooooooooooo filme assistir decorar fala nota 10000000000
Luciano A.,3,filme infancia hoje jovem ir assistir novamente
Gabriel I.,3,filme marcar infancia ver chorar ter ano bom animação tempo
GI123,3,pra eu bom animação cinema filme incrível empolgante divertido engraçar emocionante ... roteiro incrível ...
Athena S.,3,filmee lindooo!meu preferidoo!louca chegar 2015 procurar dory
Maria Eduarda Gretter,3,clássico funcionar dir pretinho básico filme assistir hora enjoa
Lucas Bitencourt,1,procurar nemo emocionar família merecer sequência(mídia falar disney entertainment studio pronunciar prometer esperar sequência aventuras Marlin passar achar filho incrível por chegar merecer estrela sequência promtir ir esperar aventura merecer nota inteiro
Elias S.,3,"ótimm animação ótimo imagem ótimo personagem parabéns pixar bom roteiro bom desenvolvimento personagem nota 5,0"
Um visitante,2,excelente filme bom animação bom filme produzir roteiro original personagem marcante filme assistir várias
Um visitante,3,excelente filme padrão pixar qualidade aventura fundo mar rechear humor peixe palhaço Marlin ir trás filho nemo junto dory personagem super engraçado filme diverte emocionar momento pixar trazer animação agrar criança adulto ensinar lição recomer
Wilson Gabriel M.,3,assisti infancia ameir assisti 13 ano amei fato filme fazer criança adulto alivio comico tratar coisa serio amei filme tambem progredir roteiro claro dory
Jonas M.,3,perfeição padrão pixar existir idade gostar filme extremamente recomendável
Um visitante,2,patinho feio pixar carro animação surpreendentemente simplório casuístico padrão icônico estúdio entretenimento linha série bom sacada cômico personagem carismático bom lição bom estúdio claro filme fácil gostar
Vitor B.,3,vc n assistir carro vc perder muito pq filme q cena variar aventura comédio romance triste recomendar pra família q vc chorar partesem memoria dhoko
Átila V.,3,filme preferir senão 1 assisti filme gostar personagem característico próprio haver necessariamente protagonista relâmpago Mate Sally doc hudson deixar importante lição moral vencedor cruzar linha chegar mostrar puder feliz simples achar repente verdadeiro amigo mero filme animação 3d filosófico reflexivo
Cleverson,1,chegar filme animação carro diferente fantástico!!!o filme 100 ótimo arrancar muito risada bom filme animação ja ver
filmes e D.,3,pra eu carro original carro divertido carro ótimo muito função engrenagem
Carlos Henrique S.,1,disney animação surpreendente início época lançamento parecer filme bobinho render filme bacano divertir esperar filme acompanhar relâmpago maqueenr novato copa Pistão véspera corrida importante acabar perder cidadezinha desconhecir destruir acidentalmente pacata cidade ficar preso ter consertar corrida filme divertir contar história inicialmente parecer besta instigar curiosidade consequência criar laço interesse personagem desenvolvir animação qualidade conseguir resgatar espírito emoção pista corrida ângulo usar belo construção filme destacar procurar vilão mostrar mensagem típico disney funcionar filme
apenasumr,2,filme familia amigo
Jhonathan C.,2,bom animação misturar humor aventura claro barulho motor tratar animação haver dúvida carro inovação fantástico fizar criançado adulto
Neto S.,2,Relâmpago Mcqueen owen Wilson carro corrida ambicioso 1ª temporada copa pistão tornar se astro sonhar tornar 1º estreante vencer campeonato possibilitar assinar patrocínio cobiçar dinoco fama relâmpago acreditar precisar ajudar ninguém ser equipe carro arrogância caro último corrida temporar fazer pneu traseiro estour último volta corrida problema permitir principal adversário ídolo rei richard petty traiçoeiro chicks michael Keaton cruzem linha chegar juntamente corrida desempate ser agendar california relâmpago levar corrida mack John Ratzenberger caminhão equipe chegar competidor causar de isto insistir mack viage interrupção mack terminar dormir pleno trânsito caçamba abrir relâmpago dormir ser largar pleno estrada acordar relâmpago tentar encontrar mack custo sucesso desespero chegar pequeno radiator springs cidade interior pouquíssimo movimento jamais ouvir falar relâmpago copa pistão destruir principal rua cidade relâmpago condenar reasfaltar ela permanecer cidade vontade pouco conhecer habitante local começar afeiçoar animaçao recomer nota 9.0
Mateus B,2,filme animaçāo legal pra gostar corrida pecar história acertar colocar mate guincho encarregar piada importante filme recomendar
Luis R.,2,bom!!!um filme viagem divertido belíssimo imagem criatividade filme bacano
Fabrizio,2,top 5 animação empolgante carismático fazer adorar filme ...
jhonyborba,1,engraçar bolar
Fernando Schiavi,2,filme excelente cativante obra-prima super divertido ótim lição moral vida criar John lasseter toy story animação fazer primoroso superar desafio técnico dirigir personagem envolvente tornar animação década dúvida algum filme extremo qualidade roteiro delicioso acima transmitir importãncia amizade reconhecimento amor vida filme fazer família obrigatório
B.Boy Jc,2,demorei filme adorar história leve divertido trazer mensagem personagem cativante desfecho irei conferir
Vinícius d,1,animação engraçar achar genética voltar público norte americano criança vidrar nascar internacional toy story procurar nemo produto disney diga-se produto comercialmente produzir ter recordar bom estratégia marketing último ano animação engraçar achar relâmpago Mcqueen personagem certos traço altivez acreditar simpático criança enfim animação momento engraçar achar trazer dublador burro personagem mater remetir personagem série shrek duplinha carro ferrarista italianíssimos carrinho underground remete veloz furioso sucesso época filme vario citação marca carro famoso maserati cadillac ferrari Chevrolet risadinha passagem trator falar carro sucesso devido amplo trabalho comercial popularizar desenho realmente engraçar apesar decepcionar divertir ir sequencia
Estevan Magno,1,animação agrade personagem cansativo história fraquinho legal vc carro falante perder deserto mau continuação piores animação pixar
Ryan Ketchum,1,"legal engraçado ... gente esperar filme 
  spoiler 

  Mcqueen copa desempate acontecer acabar rapidamente filme praticamente hora pra contar história contar hora 5 Minutosnota 7.2/10 decente"
telmo f.,2,animaçao surpreendente engraçado divertido historia mostrar liçao humildade
Milayne Costa,3,foda avassalador maioral ter tesão mulher carro lembro nome
Rogerio_ruts,1,mau disney-pixar
Um visitante,2,legal filme bolar pixar superar bom animação século
Marília C.,3,"cara filme ótimo história trilha sonoro impecável grafico bom história personagem negativo nota 10 pd achar mau filme pixar procur médico ótimo nota 10 
  spoiler"
Amanda M.,3,obra-prima romance comédia dramático emoção recomendar pra    família criem nostalgia família vcs
Ailson J.,2,carro pixar filme excelente conquista público simplicidade carisma personagem ser veículo antropomorfizar profundidade personalidade marcante tornar se facilmente identificável história centrar jornada relâmpago Marquinhos misturar lição amizade humildade autodescoberto ressoam idade visual vibrante animação impecável característica marcante pixar criar mundo envolvente fascinar criança adulto trilha sonoro complementar perfeitamente narrativa adicionar emoção energio cena carro obra enredo relativamente simples conseguir tocar coração público transmitir mensagem significativo tornar se experiência memorável apreciar filme ganhar refletir valor importante leve divertido
João Batista,1,sucesso incrível esperar carro assisti filme ver passar pensar ... levar carro filme ruim possuir história passar bom lição deixar desejar muito roteiro filme poder elaborar durante quase longo único ver mcqueen fazer comentário dúvida fraco filme fazer disney pixar falei possuir positivo achar apesar merecer ganhar oscar bom filme animação formos comparar filme animação 2006 perder prêmio happy feet pinguim injustiça comum oscar
Um visitante,2,filme relâmpago Mcqueen animaçao pra eu bonito ate hoje tambem nao filme tao injustiçado criticar publico bom filme historia consedero soundtrack perfazer
OOOI OI!,3,obra Arte crédito simples filme fazer homenagem pessoo efeito sonoros música roteiro enredo vontade manter ótimo equilíbrio início incluir cena crédito pós crédito fato obra primo . ❤ ️
Guilherme de Melo,3,carro 2006 dirigir John lasseter animação misturar velocidade amizade lição vida maneira ressoar criança adulto história gir torno lightning Mcqueen carro corrida arrogante cheio si incidente acabar prender pequeno cidade radiator springs aprender realmente importar vida vencer premissa filme simples encantadora charme carro abordar tema universal humildade amizade importâncio apreciar momento pessoa redor mcqueen começar típico personagem egoísta preocupar ganhar campeonato entanto medida interagir habitante radiator springs aprender valioso liçõe significado comunidader relação pessoal elenco personagem força filme carro personalidade distinto perfeitamente complementado atuação dublador owen Wilson Lightning Mcqueen Paul newman doc hudson larry the cable Guy mater mater caminhão reboque engraçar leal destacar amigo ver positivo vida amizade Mcqueen parte tocante divertido histório animação impressionante especialmente 2006 corrida emocionante paisagem radiator springs parte mundo carro vibrante detalhar criar ambiente sentir familiar mágico design carros modo expressão transmitir ser veículo genial cativante trilha sonoro filme música rock clássico peça emocional complementar narrativo maneira excelente criar atmosfera envolvente durante filme filme mistura humor emoção acertar tom certo manter público entreter transmitir mensagem profundo único senão filme animação previsível acostumar história transformação personagem carro conseguir emocionante envolvente apelo universal transcender faixa etário resumo carro filme perfeito história redençãor amizade levar divertido animação excelente personagem adorável história cativante início experiência cinematográfico tocar coração notar 5 5 merecida
Filtrando Filmes,1,carro animação corridar contar história carro sonhar ganhar campeonato participar comparar filme pixar fraquinho conseguir divertir cena filme infantil chato clichê bom deixar assistir criança recomer
Zecca P,3,ambiente filme levar passar nós sensação maravilhoso produtor aproveitarar cenário exibir filme fascinante animação dar certo musica roteiro surpresa maravilhoso valer pena assistir
Caio R.,3,bom filme comparação filme realmente rir amar filme pixar
zFakeBr_ P.,3,filme conseguir transpor obra prester atenção primeiramente belo roteiro criar pouco situação sentir cansar querer cuidadosamente lapidar empatia personagem principal haver tanto cena pessoa ficar simpatizado acontecer ato personagem mudança postura proporcionar reflexão pertinente realidade viver simplicidade ver deplorável cena Mcqueen Sally passe junto sentimento nostalgir emocionar flash-backs corrida gostar gosto filme
Edgar Pereira melo,3,carro 1 opinião maravilhoso bom carro 3 carros 1 opinião bom 2 carro 1 assistir montão carro 2 carro 3 filme carro assisti filme história marcante infância maravilhoso emocionante ameir carro 1pra eu carros 1 maravilhoso
Dodo Roriz,3,filme espetacular refletir valorizar amizade vida prêmio
Marcos d.,1,bom filme pixar ... deixar filme gráfico dublagem
KAKASHY GAMER,3,amigo obra primo bom animação mundo bom filme Mcqueen bom protagonista todos
Rafa Midorya,3,filme incrível recomendo assistir ótim lição moral roteiro incrível personagem perfeito
Ithalosouza,3,vc n assistir carro vc perder muito pq filme q cena variar aventura comédio romance triste recomendar pra família q vc chorar parte filme preferer
Vinicius Eduardo Damazio de Brito,3,bom filme história cinema poder escrever escrever escrevi
Adriano Côrtes Santos,3,filme piafr hino amor 2007 dirigir olivier dahan poderoso cinebiografia cantor francês edith piafr produção destacar trágico trajetória piafr infância difícil consagração ícone música mundial explorar alto baixo vida pessoal carreira Marion cotillard entregar atuação brilhante profundamente emocional piaf capturar fragilidade artista forçar paixão interpretação amplamente aclamar render ele oscar bom atriz globo ouro bafta prêmio filme utilizar narrativa linear alternar diferente momento vida piaf refletir complexidade emocional artístico direção dahan estilizar sensível momento montagem parecer confuso espectador trilha sonoro repleta sucesso la vie en Rose non je ne Regrette rien filme emocionar drama música obra celebrir legado edith piaf revelar vulnerabilidade trás grandiosidade piaf hino amor imperdível amante música fã história inspiradoro doloro sublime vivacidade energia piaf
Phelipe V.,3,excessivamente burocrático omissor parte passagem vida edith piafr marion cotillard transformar obra-prima instantâneo performance nascer legendário grande atuação histório cinema pouco caracterização soar perfeito
Um visitante,2,belo cinebiografia ja ver filme mostrar detalhe riquíssimo durar vida edith piaf infância família fase adulto brilha potente voz fotografia figurino fazer favoritar filme contar belíssimo atuação cotillard oscar merecido.-filme assistir 16 dezembro 2015-nota 8/10
Marcelo S,3,la môme né?!perfeito direção arte trilha sonoro edição ... claro incrível Marion cotillard estupendo longo nítido entregar á personagem praticamente incorporar edith piaf edith piaf encarnar em ele durante gravação principalmente época conhecer Marcel único amor paif nuo crua haver distinção ter Marion personagem ter edith piaf á toa Marion levar oscar bom atriz 2008 merecer justo pessoa conhecer edith piafr conhecer filme cantor talentoso cantar vida amor cantar ser membro vital corpo retire-o viver história vida sofrer amoroso exagerar pra conhecer trabalho de ela encantar riqueza detalhe certos aspecto vida apaixonar trabalho pequeno pardal dever ressaltar    destaque chamar muito atenção pauline Burlet interpretar edith época pai circo principalmente cena apresentar rua pedir á mesmo cantar pedestr pauline cantar hino francês belamente afinar dar faceta á personalidade edith cantor apesar filme perfeito dever ressaltar negativo fotografia filme ver deveras escuro deixar filme tom mórbido depressivo achei prejudicial pra narrativa escolhar diretor contar história recortar passar futuro velhice adolescência ... acontecer começo filme filme narrativa ficar centrado presente pró-presente espaço curto vida edith auge sucesso deixar público confuso história cantor reta emocionar francês bravor
Rodolfo A.,1,filme história interessante super cansativo acabar tornar filme chato tedioso
Jocélio S.,3,belíssimo filme atuação espetacular marion cottilard roteiro inteligente sensível
Elvira A.,3,emoção puro sofrimento dor amargura traduzir amor ato cantar resumir vida edith piaf filme retratar passagem carreira omitir participação filme bom canção la vie en Rose hino amor je ne Regrette rien público conhecer reconhecer enorme talento viver    amar intensamente Marion cottilard ganhar oscar papel merecidamente vejar atriz 1.69 m altura precisar aparentar 1.42 m edith envelhecir personagem ator gerardr depardieu pequeno marcante papel imperdível
Peter B.,3,filme contar atuação marion cotillard achar mistura vida de ela diferencial filme
ClaraFreesky,3,história edith simplesmente lindo filme trabalho excepcional mostrar marion cotillard potencial ganhar oscar extremamente merecido trilha sonoro maravilhoso drama personalidade edith etc. filme maravilhoso obra-prima recomendadíssimo
Alan,1,cinebiografia retratair vida edith piaf curto intenso marion cotillard atuar merecedora oscar
Alvaro S.,1,vida famoso cantor francês edith piafr levar tela performance impressionante atriz marion cotillard infância pobre miserável sucesso mundial filme mostrar alegrio tristeza abandono abuso fé amor perda dramático trajetória divo francês morte 47 ano biografio costumar exagerar tinta drama apesar diferente história contatar ida vindas cena clichês graças talento atriz funder personalidade cantor sumir cena trazer cantor volto vida estar de ela acaso Marion levar oscar bom atriz papel prestir atenção cena forço cênico impressionante curiosidade marion cotillard atriz francês ganhar oscar bom atriz papel francês atriz histório academia levar prêmio italiano sophia loren “ mulher ” nota público 7.7 imdb)nota crítico 74%(rotten tomatoes)bilheteriaseua 10 milhõesmundo 86 Milhõesacesse blog 365filmesem365dias.com.br ler filme
Leonardo H.,3,filme esplendoroso crer impossível chegar crédito final sequer derramar lágrima marion bom atuação carreiro entregar edith visceral capaz transpassar sofrimento vida honra memório piaf tornar interessante
Solange J.,3,piaf hino amor ... adorei trecho filme ... excelente assistar valer pena .sencivel
Juliana C.,3,simplesmente amei marion perfeito papel lir
Veronica Palmer,1,simplesmente fantástico tocante
Douglas,3,filme emocionar marion catillard simplesmente perfazer merecer ganhar oscar duvidar nota 1000
luanita13,1,adorar filme biografico principalmente qdo tratar personalidade musico vida cantor realmente drama filme mostrar Marion cotillard mereçeu oscar duvidar encorporar magnifico Escencia cantor transmitir camera .. filme lir apesar triste
Ary B.,3,simplesmente lir delicar amo piaf filme conseguir sensibiliza drama viver cantora símbolo Paris
Um visitante,1,Marion cotillard bom interpretação história cinema haver palavra descrever bastar filme fantástico funcionar haver algum montagem obstrui emoção    detalhe insigno perante    grandiosidade imperdível atenção    atriz Mirim    interpretar edith piaf infância
sudemuner,3,belíssimo filme maravilhoso atuação Marion cotillard
Francisco Urubu,1,notar 8 filme realmente fantastico
Fabricio,1,filme intenso tenso ser antigo dir obra shakesperiano simplesmente tocar romântico uva amazing
Um visitante,2,belo fera disney animação histório cinema concorrer oscar bom filme convenhar toa filme diferer se filme animação enredo interessante cativo começo bastar belo fera possuir trilha sonoro belo cinema mundial clássico obra primo disney história cinema
Um visitante,2,-quem fã animação disney?a belo fera vir pra aumentar isso!grande filme bom estú personagem inovador história criativo deixar filme legal pra acompanhar belo fera disney poder inventar ficar difícil escolher animação prestígio lançar mostrar diferença tratar igual belo mensagem estúdio
Um visitante,3,"q assisti belo fera fiquei fascinada!tudo mágico fazer lir demais ! ... estranho prefiro fera,""fera mesmo;o príncipe graça ..."
Ricardo L.,3,grande animação fazer indicar bom filme ganhar prêmio trilha sonoro canção original delicadeza traço cair queixo perfeição dublagem roteiro existente conduzir bom maneira ter estuper belo fera único
Neto S.,3,pequeno aldeia França viver belle jovem inteligente considerar estranha morador localidade pai maurice inventor ver louco cortejar gaston casar apesar jovem lugarejo achar homem bonito belle suporta ver em ele pessoa primitivo convencer pai belle feira demonstrar invenção acabar perder floresta atacar lobo desesperar maurice procurar abrigo castelo acabar tornar prisioneiro ferar senhor castelo verdade príncipe amaldiçoar feiticeiro negar abrigo belle sentir acontecer pai procurar chegar castelo acordo fera pai ser libertar ficar castelo fera concordar morador castelo viver transformar objeto falante sentir chance feitiço quebrar acontecer fera amar alguém pessoa retribuir amor ser rápido último pétala roso encantar cair feitiço desfazer concerteza excelente classico disney belo fera excelente otimo animaçao otimo personagn bom cançoes nota 10
Jorge Eduardo M.,3,fantasia encanto magia ensinar deixar enganar aparencia beleza amor conquistar ninguem Belissimo filme musica coriografar ritimar praticamente andamento filme ..
Cleber R.,3,desenho animar show ser roteiro magnificamente adaptar conto far ser ótimos personagem casal título objeto ganhar vida vilão claro animação maravilhoso disney valer ressaltar excelente dublagem feita herbert richer voz conhecidíssimo década 80 90 muito aventura romance comédia bom animação histório cinema
Marcello L.,2,produzir filmaço gostar história assisti peça várias vale pena poesia pura!
Dennys R,1,bom disney histório profundidade roteiro personagem trilha sonoro    emocionante história romance
Ricardo M.,2,beleza real ano 1991 marcar época cinema razão peculiar produção disney conseguir atingir academia oscar indicação bom filme período existir categoria animação história jovem belo imersiva moradora pacata cidade francês considerar estranho dispor personalidade comum dedicar enxergar físico humano ostentar cortejar másculo Gaston deter pinto conquistador Sujeito despertar atenção garota ser belo passar conhecer mundo descobrir vida castelo abrigar amaldiçoar príncipe notavelmente    belo fera conseguir ostentar justíssimo indicação oscar passo mudança direçãor animação clássico estúdio valorizar inteligência feminino detrimento desejo simplesmente achar marido aceitar público conceito pouco expandir hoje década século xxi tornar comum narrativa inteligente humano caminhar traço encantador filme espetacular haver mescla pequeno casa cidadezinha suburbano floresta sombrio onipotente castelo medieval funcionar medida roteiro brilhante roger Allers lindo Woolverton rob Minkoff chris sanders canção pontuam narrativa divertido cansar situar compor estúdio contar design notável roteiro humano tocante animação 1991 posteridade desafiar comum mostrar protagonista forte decidir capaz mostrar princesa indefês história personagem desenvolvir audacioso mostra disney almejar asa criatividade artista
Ravi Oliveira,2,"sinopse jovem belo cansar vida provinciano pequeno cidade francês viver galã gastón apesar derreter coração conseguir conquistá-la jeito grosseiro maurice pai belo viajar expor invenção acabar prender castelo viver temível fera precisar encontrar verdadeiro amor correspondir quebrar feitiço voltar príncipe troca liberdade pai belo aceitar ficar presa castelo crítica:""a belo fera 1991 clássico animação disney continuar encantar geração películo destacar história envolvente combinar romance aventura mensagem poderoso aceitação amor verdadeiro qualidade filme desenvolvimento personagem belo protagonista jovem inteligente independente desafia padrão pequeno vila buscar típico príncipe encantar trazer perspectiva narrativo fer personagem complexo evoluir longo história mostrar verdadeiro beleza animação deslumbrante paleta cor rico atenção incrível detalhe sequência musical “ beauty and the beast ” “ be our guest ” memorável ajudar solidificar filme cultura pop trilha sonoro compor Alan menken emocionante complementar perfeitamente narrativa crítico positivo temática central filme abordar preconceito importância olhar aparência relacionamento belo fera exemplifico amor transformar curar desafiar expectativa social beleza comportamento interação cativante personagem secundário Lumière Cogsworth mrs potts acrescentar leveza humor trama tornar experiência rico suma belo fera animação entretémr ensinar lição valioso amor aceitação verdadeiro essência pessoa filme atemporal ressoa espectador idade"
Baunilha M.,3,gostar filme    fofo personagem lindos morar quepe castelo
Estevan Magno,3,verdadeiro clássico cinematográfico disney época glório produtor lindo história amor lindo jovem besta horrível encantadora encantar público começar belo prólogo canção lindo cantar belo desenho continuar ritmo lir alegre pai belo perder floresta prender castelo jovem velho pai deparar fera horroroso garota ficar castelo conhecer castelo bom dono ajudar engraçadíssimos empregado lir musical lindo animação personagem fascinante marcante impossível sonhar sonhar belo fera esquecer citar encantador trilha sonoro rei leão tanto filme disney música ficar cabeça empolgar multidão esquecer apaixonar cena marcante cinema belo fera lir coro baile amor explode belo fera ápice maravilhoso película
Meiriellen N,3,amooooooo desenho ja fala musico enfim canso assisti-lo nota 10
Danny Sincerona,3,palavra descrever amei filme olhar história belo fera gostar dizer quase último história quase entrar odeio filme maravilhoso concepção mudar filme emocionante disney arrasar animação filme objeto realmente parecer vida fazer perceber cara acreditar objeto ter vida    caracterização fero passar fazer esmero acontecer crepúsculo amanhecer ii filme disney poder faltar musical sentir Cinderella música maravilhoso tocar coreografia ... imaginar levar aprender dança quanto filmagem sair certinho falar casal principal ma-ra-vi-lho-so amei interpretação fantástico falar Emma arrasar belo química casal apresentar maravilhoso chegar arrepiar várias cena fiquei boca abrir morte gaston motivo humano achar morte de ele pesar filme infantil amei merecer certo disney superar filme asorei cinderella sentir paixão sentir assistir filme
Daniel W.,2,bom filme disney hoje filme bom princesa disney
Camilla M.,1,filme lir melhor disney
jhonyborba,1,clássico desenho walt disney
SenhorOculto,2,“ belo fera ” inaugurar indicação oscar bom filme animação desenho conseguir façanha assistir realmente entender clássico motivo de eles devido qualidade performance musical capaz marcar geração realmente marcar destaque enorme belíssimo trilha compor Alan menken howard ashman nome título primoroso pérola obra-prima mundo fantasia “ beauty and the beast ” grandioso envolvente enorme sensação conforto paz encontrar clima sombrio romântico luz vela mistério sensibilidade singular vontade noite frio escuro tomar café quente sentir mesmo).tor personagem cativante carismático mesmo grosseiro convencer de ele gaston estranhem escrever “ personagem ” feminino correto perder comicidade passar odiá-lo valer voltar sequência musical deixar desejar versão ingressar filme chamar “ humano ” patente ficar aquém produto original canção coreografia totalmente desnecessário acréscimo tirar brilho grave contar animação disney caçado fanático religioso dizer obra satanásr amar ode matar enfim “ belo fera ” bom trabalho animação produzir recomendar criança gostar filme dublar reconhecer em esse caso dublagem bem-vinda criança precisar idioma familiar construír sentimento de elas ter habilidade ler rápido repetir em esse caso dublagem tornar se necessário oficial entretanto cinéfilo adulto ver filme dublar oro falta profissionalismo riso brincadeira!).avaliação excelente site http://cinelevesresenhas.blogspot.com/2011/10/bela-e-fera-1991.html
Eliezer Andrade,1,tiro facar porrar intimidação sexismo bullying caça animal cárcere privado acreditar filme belo fera disney
Francisco Russo,3,sequência musical     história clássico sensação magio     disneyr saber colocar clássico     branco neve cinderelo pinóquio     representar belo fera conseguir     proeza 1º longa-metragem animação indicar     oscar bom filme fazer reverenciar apesar     próprio disney possuir dezena filme animação     alto      principal destaque belo fera ótimo     sequência visual música canção si     bom balé proporcionar objeto encantado     castelo fera realmente impressionar cativo outro existência     várias de este cena pequeno duração filme     1 hora meia acabar deixar espaço belo fera     protagonizar bom sequência filme     retorno belo castelo dançar salão baile     filme merecer lista longo animação     disney
Ivan Leão,3,
Tony Kamell,1,belo fera alladin rei leão pinóquio branco neve clássico diney lembrar infância consertar Video cassete vê-los
becky,3,... clássico disney ultrapassar magia de eles tiro chapéu belo fera
Leonardo L.,1,filme criança possuir filme disney aprendizar instrutivo idade
Juliana S.,3,filme maravilhoso enredo encantador encantar simplesmente perfeito
Mari Fascio,3,clássico apaixonar história lição moral de ela conta verdadeiramente importar clássico disney ensinar importar aparência verdadeiramente coração pior pessoa mundo mudar alguém realmente acreditar em ela der chance
Amanda M.,3,princesa favorito casal favorito fico decepcionado transformação fero kkkkkk filme maravilhoso
Milayne Costa,3,romance dentre filme antigo princesa contémr história amor construir música personagem secundário bom
João Batista,2,clássico fazer roteiro bom música ótimo animação 2d misturar elemento computação gráfico clássico cena dançar belo fera merecer animação histório indicar oscar bom filme
Juliana S,1,com si nenhum filme ficar rodar trailer rodar aparecer opção assistir filme ninguém responder algum pergunta pedir ajuda
Dayane Marques,3,clássico Disney amoer animação mágico trilha sonoro encantadora realmente marcar geração hoje encantar criança adulto
Pamela W.,3,inesquecível maravilhoso excelente espetacular clássico ver esquecer lir lir lir
Guilherme de Melo,1,"belo fera 1991 clássico disney dou nota 3,5/5 apesar filme amar estúdio animação encantador história cativante haver aspecto eu conseguir atingir clássico primeiramente história simples direto realmente apreciar ideia central amor verdadeiro transformação pessoal belo fera química filme trabalho eficaz explorar evolução relacionamento de ele contraste bondade coragem belo personalidade inicialmente rude isolar fera criar dinâmica interessante enredo explorar tema aceitaçãor perdão mudança trilha sonoro outro forte filme canção be our guest claro beauty and the Beast memorável ajudar solidificar popularidade filme animação lindo especialmente sequência dançar cor movimento fluir tornar momento encantador entanto apesar positivo filme apelo eu disneyr personagem secundário Lumière Cogsworth mrs potts adorável acabar ser engraçar profundo ótimo criar momento leveza faltar profundidade de eles vilão gastãor exagerar clichê enfraquecer ameaça funcionar antagonista complexo interessante vilão disney scar rei leão malévola outro incomodar ritmo parte filme introdução castelo fera arrastar parecer repetitivo filme relativamente curto ter momento história avançar fluidez apesar desse o pequeno falha belo fera dúvida filme encantador cheio momento clássico fã disney ser animação favorito simplicidade belo lição transmitir de ela obra continuar ser amar hoje filme poder melhorado oferecer experiência emocionalmente gratificante"
AMANDITA,2,... animação historio enredo estimulante emocionante amor acontecer jugar aparencia amo animação disney salvar palma belo fera
Andressa S.,3,belo sonho perfeito lembrar infância conto far amor independente disney amar
Sandra Lúcia Morais de L.,3,desenho animar bom qualidade bom assisti
oojuliocesar,3,"impressionante animação antigo passar amor espectador animação 3d opinião lançar    belo fera rei leão pocahonto corcunda Notre dame tarzan sentir arrepio canção cena ação achar hoje dia animador preocupar 3d""(dinheiro passar emoção publico frozen ter emoção contrario clássico anterior belo fera bom filme disney fornecer viajar mundo aparência levar contar amor amizade carinho filme escrever dirigir desenvolver personagem encaixam história marcar vida infâncio muito pessoa principalmente criança    pena veremos animação longo"
Um visitante,2,perfeito animação disney inspirador leveza adorável canção amável outro clássico eterno
Keyla Krause,3,lir suspense total encantador romântico filme prender gostar
Gabriel C.,3,bom filme disney tempo filme música lindo história filme legal bom filme animação ver rei leão ficar lembrança
Um visitante,2,animação icônico disney rei leão lindamente animar emocionalmente impactante belo conto amizade superaçãor clássico sequência musical humor afiar falar personagem fácil apegar ótimo trabalho disney bom animação absolutamente satisfatório
Neto S.,3,mufasa voz james Earl Jones rei leão rainha sarabi voz Madge sinclair apresentar reino herdeiro trono simbar voz matthew broderick recém-nascer receber bênção sábio babuíno rafiki robert Guillaume crescer envolver artimanha tio scar voz jeremy irons invejoso maquiavélico irmão mufasa planejar livrar se sobrinho herdar trono excelente animaçao trilha sonoro excelente historia recomendar nota 10
Rodrigo o que?,3,filme marcar infância brasileiro filme comovente disney principalmente trilha sonoro riu hakuno matata?!?!a dublagem show rei leão merecer hype de ele bom filme ano 90
Estevan Magno,3,desenho vida sensacional lir divertido bom canção bom animação parabéns estúdio walt disney obra primo história infantil lindo universo infantil
leonardo,3,bom classico disneyr filme assistia infancia(em vhs)e emocionar encantar bonito historia simbar mufasa
Jhonathan C.,3,bom animação fazer história trilha sonoro rechear perfeição histório maravilhoso cansar ver animação marcar geração eternamente
Danielle M.,3,carinho filme dimensão fazer infância achar filme assisti lembro ter vhs de ele assistia nenhum limite quantas vontade render elogio principalmente pra época fazer haver tecnologia hoje especialmente pra animação conseguir impressionar riqueza detalhe desenho fazer trilha sonoro mais!nenhuma animação superar amo paixão
Ricardo L.,3,grande clássico histório cinema ser humilde opinião bom animação histório cinema roteiro impecável perfeito deslumbrante didático filme maravilhoso técnica perfeito personagem colocar desenvolver rapidamente rei leão prima belo cinema produzir
Marcelo G.,1,"passar emoção ... filme morno ... linear ... bonitinho conseguir entregar emoção expressão animal olhar existir poder adaptar melhor 
  spoiler"
Paulo,3,simplesmente fascinante belo animar ver música floresta enfim perfeito emocionante
Jessica Souto,2,assisti filme listar animação clássico curto bacano
Mr. Dean Corso,3,definir clássico melhor explicar bom animação histório cinema palavra descrever tamanho beleza?o rei leão dúvida algum majestade animação capaz cativar criança adulto geração continuar perpetuar muito muito geração filme marco história cinema representar aurora walt diney ouro estúdio produzir bom filme histório ideia disney lançar seguidamente época pequeno sereia 1989 belo fera 1991 aladdin 1992 rei leão 1994 pocahonto 1995 corcunda Notre dame 1996 hércules 1997 Mulan 1998 tarzan 1999).fazer ano 90 brilhante fase animação 2d infelizmente começar substituídas ano 2000 lançamento dinossauro formato animação 3d.voltar filme adaptação hamlet Willian Shakespeare rei leão conta visual magistral savana africano música cativante abertura magistral som elton John bom história cinema diga-se passagem embalar the circle of life conhecer cenário principal filme pedrar rei conhecer majestade mufasa dublar imponente james earl Jones darth vader leal súdito reunir conhecer herdeiro trono recém-nascer simbar abertura cena icônico história cinema babuíno feiticeiro rafik erguer jovem simbar apresentar súdito reverenc emocionante cena ver história 7ª arte brilhante abertura apresentar algoz trama maquiavélico irmão mufasa chamar scar Sujeito traiçoeiro planejar livrar irmão sobrinho tornar rei filme acompanhar crescimento simbar aprendizado perigo envolver infância destruír chocante tragédia histório cinema ver falando).o filme apresentar início personagem importante pássaro fiel mordomo rei zazu determinar momento chegar personagem irritante infinito regra atrativo simbar amigo nalo ser figura importantíssimo desenvolvimento histório sarabi mãe simbar vilão abordar trama tom sombrio scar pegada cômico perder essência maligno hiena Shenzi banzai ed filme tomar sério normal alívio cômico vir suricato javali super carismático hilário acabar roubar cena timão pumba resgatar jovem simbar morte passar criar jovem leão ensinar hakuna matatar consistir deixar passado trás simbar acabar fazer trazer sério confronto pessoal adiante história desenvolver ritmo extraordinário música tom mágico filme sombria be prepared interpretar scar hiena véspera golpe tomar reino mufasa divertido hakuna matatar i just cant Wai't to be king romântico can you fell the love tonight .o simplesmente extraordinário deixar magnífico filme valer pena resumo majestade rei leão clássico merecer ver amante arter muito muito geração vida longo rei ... nota 10
Akima S,1,muitissimo falar coléga Gabriela .... ^um clássico marca ser adulto criança .... totalmente nostálgico mim ... ... ^.~
Cleber R.,3,animação entrar história devido sucesso merecidamente rei leão filme animar acima média roteiro excelente emocionante unir competente animação estúdio disney personagem super carismático simbar timão pumba rafiki sequência inesquecível belo trilha sonoro compõem espetáculo animar inspirar obra osamu tezuka kimba leão branco haver inspiração rei leão filme animar fantástico
Alexandre C.,2,animação roteiro acima médio animação computadorizado animação filme marcar geração dúvida
Dennys R,3,rei leão obra-prima absoluto tirar acrescentar bom animação fazer
Gaby R.,3,filme filme apaixonar mundo cinema disney desenho animar ... rei leão foda filme disney apostar entrar historio trilha sonoro filme perfazer filme chorar rir cantar entender amor aprender crescer amo filme demais.só esperar    live-action    sair ser filme criar muito expectativa ver
Isaías S.,3,bom animação tempo dificilmente ser superar igualar superar jamais the best
Daniel Novaes,3,indispensável família dever passar semana globo lindo mensagem músico lição fórmula clássico disney perfeitamente executar
Sandro P.,2,dúvida bom série bom animação fazer belo personagem ótima trilha sonoro produção filme ficar marcar ...
Vagne L,3,incrível filme disney
Diácono Marcio C.,2,clássico história personagem marcante construir época idades
Baunilha M.,3,amer filme emocionante apelidei Cachorrinha nome filha simba(kyara
William D.,1,filme belo trilha sonoro marcante belo fotografia histório simplório considerar roteiro cinematográfico atual 94 marco considerar verdadeiro origem detrás rei leão basear história kimba ficar entender originalidade ocidental ganhar econômico alcance mídia notável assistir história dar origem filme inspirar cinema muito história gênero passar telonas rei leão marco cinema animação disney encantar mundo simplório inspiração ano seguinte fato mercado cinematográfico tornar se sofisticar cena bonito música criar história início surpreendente 94 ramo animação simplório exigência atual ser ousar planejar negar belo filme
Leo Thomas D.,3,filme emocionar adulto criança filha fã cena elaborar envolver telespectador crescimento simbar fantástico
Nickson R.,3,filme infânciar nostalgia puro recomendar
Thay,2,clássico sair moda filme magnífico super fazer amo trilha sonoro desenvolvedor filme
Lohanne C.,3,marcar vida bom filme ever história muito gente filme mostrarar filho
apenasumr,1,filme classico Disney acabar expludir sucesso historia muito detalhar
MAGRAOBL,3,23/09/2021 download torrent]filme maravilhoso animação envelhecer maratonado sucesso ...
Matheus S.,2,"currículo disney repleto filme altamente lacrimejante de ele destacar qualidade gráfica emocional up – alto aventura rei leão rei leão de aquele filme servir filme animação qualidade gráfico expressão convincente personagem emoção quesito emoção filme destacar cena capaz ficar gravado memória igual 
  spoiler 
  pai simbar morrer ser cena emocionante filme animação 
  “ deprê ” haver espaço cena hilário principalmente timão pumba cena muito ação emoção igual trilha sonoro estilo musical empregar filme disney engrandecer rei leão observar versão brasileiro música sair principalmente música inicial “ ciclo vida ” tornar abertura filme impressionante ver rei leão inferior título disney diversos quesito há em ele mágico deixar encantar conjunto inteiro obra observar diversos furo roteiro contar"
Ravi Oliveira,3,rei leão 1994 obra-prima atemporal animação disney cativo criança adulto história envolvente simbar repleto emoção amizade perdo redenção ressoa público idade trilha sonoro inesquecível elton John tim rice combinar animação deslumbrante personagem carismático criar mundo mágico continuar encantar geração mensagem profundo responsabilidade perdão autodescoberta tornar filme animação infantil experiência cinematográfico transcender barreira cultural resumo rei leão obra-prima destacar estético técnico capacidade tocar coração inspirar assistir
Henrique Almeida,3,"filme retratar lindo história narrar brilhante ciclo vida "" assistia criança hoje 23 ano assisto emociono ficar feliz"
Neuton Gama,3,maravilhoso obra primo animação ter assistir 2017 adulto resolver parar pra assistir super obra disney emocionar muito cena timão pumba mostrar filme ser merecedor ganhar desenho animar de ele
João Vitor Pereira,3,filme prova potencial disney emocionar criança adulto excelente
Ricardo Pitão,3,filme lançar 3 cinema assistir bom filme infantil assistimesmo ser película carregar violência tempo diga-se passagem filme engraçar triste violento etcter em ele valer pena assistir
Daniel W.,3,filme muito pessoa emociano lindo historia disney musica marcante filme trilha sonoro marcante
cinetenisverde,2,rei leão ver ver  ser 2d  conseguir impressionar síntese dramático escolher tornar programa demasiadamente infantil principal público-alvo criança conseguir manter íntegro representar maneira irretocável contribuição disney manter vivo lenda peça conhecer Shakespeare hamlet
Alan David,3,obra primo animação ceno música diálogo esquecer
